"bin","tree_id","tree_in_bin","prop1","k","mean_mast","mean_coph","mean_preserved_cherries"
"05-10%",2,1,0.09375,1,31,0.81434193974604,1.2
"05-10%",2,1,0.09375,2,29.8,0.667369356121619,1.13333333333333
"05-10%",2,1,0.09375,3,28.9333333333333,0.52544542216387,1
"05-10%",2,1,0.09375,4,27.8,0.426221608909666,0.933333333333333
"05-10%",2,1,0.09375,5,26.5333333333333,0.363053800743749,0.6
"05-10%",2,1,0.09375,6,25.8666666666667,0.292031142961947,0.866666666666667
"05-10%",2,1,0.09375,7,24.8,0.202728622176584,0.8
"05-10%",2,1,0.09375,8,23.6666666666667,0.22136316563009,0.666666666666667
"05-10%",2,1,0.09375,9,22.7333333333333,0.122527786700687,0.733333333333333
"05-10%",2,1,0.09375,10,22,0.0629610655700816,0.666666666666667
"05-10%",2,1,0.09375,11,20.4666666666667,0.0596349284404433,0.333333333333333
"05-10%",2,1,0.09375,12,19.6,0.0467215182244157,0.266666666666667
"05-10%",2,1,0.09375,13,18.5333333333333,0.0229977302740869,0.333333333333333
"05-10%",2,1,0.09375,14,18.0666666666667,0.00271751859779956,0.266666666666667
"05-10%",2,1,0.09375,15,17.0666666666667,-0.0149670247078615,0.466666666666667
"05-10%",2,1,0.09375,16,16.0666666666667,-0.00526546034703891,0.266666666666667
"05-10%",2,1,0.09375,17,17.2666666666667,-0.00487704102812919,0.2
"05-10%",2,1,0.09375,18,17.5333333333333,-0.00281590281972379,0.333333333333333
"05-10%",2,1,0.09375,19,18.3333333333333,0.0119115524220513,0.2
"05-10%",2,1,0.09375,20,19.7333333333333,0.0302397642752361,0.533333333333333
"05-10%",2,1,0.09375,21,20.6,0.0696932912443503,0.466666666666667
"05-10%",2,1,0.09375,22,21.6,0.118190975584163,0.466666666666667
"05-10%",2,1,0.09375,23,22.6666666666667,0.107578605295853,0.6
"05-10%",2,1,0.09375,24,23.6,0.181299954057647,0.6
"05-10%",2,1,0.09375,25,24.5333333333333,0.230732473091123,0.533333333333333
"05-10%",2,1,0.09375,26,25.6,0.280443046600061,0.666666666666667
"05-10%",2,1,0.09375,27,26.8666666666667,0.353221761376102,0.866666666666667
"05-10%",2,1,0.09375,28,27.6666666666667,0.472708152807029,0.733333333333333
"05-10%",2,1,0.09375,29,28.8666666666667,0.558448489576932,0.866666666666667
"05-10%",2,1,0.09375,30,29.8,0.66512994868744,1.06666666666667
"05-10%",2,1,0.09375,31,30.9333333333333,0.811384115228494,1.4
"05-10%",2,1,0.09375,32,32,1,2
"05-10%",6,2,0.0625,1,30.8666666666667,0.77293239650039,1.6
"05-10%",6,2,0.0625,2,29.8666666666667,0.590551264483786,1.46666666666667
"05-10%",6,2,0.0625,3,29,0.484972644033556,1.2
"05-10%",6,2,0.0625,4,27.7333333333333,0.405451146045485,1
"05-10%",6,2,0.0625,5,26.6,0.377570565093394,0.733333333333333
"05-10%",6,2,0.0625,6,25.8666666666667,0.253748426980857,1
"05-10%",6,2,0.0625,7,24.6,0.229691339271371,0.466666666666667
"05-10%",6,2,0.0625,8,23.7333333333333,0.151294294252939,0.533333333333333
"05-10%",6,2,0.0625,9,22.4666666666667,0.0801047042532422,0.333333333333333
"05-10%",6,2,0.0625,10,21.6,0.0675977950953222,0.333333333333333
"05-10%",6,2,0.0625,11,20.4666666666667,0.0553255226468071,0.0666666666666667
"05-10%",6,2,0.0625,12,19.7333333333333,0.0263712665549986,0.466666666666667
"05-10%",6,2,0.0625,13,19.4,0.0202325805930292,0.266666666666667
"05-10%",6,2,0.0625,14,18.1333333333333,0.00568004664687517,0.2
"05-10%",6,2,0.0625,15,17.4,-0.00353880612962614,0.133333333333333
"05-10%",6,2,0.0625,16,17.9333333333333,-0.0111592633339964,0.533333333333333
"05-10%",6,2,0.0625,17,17.8666666666667,-0.00353880612962614,0.333333333333333
"05-10%",6,2,0.0625,18,17.6666666666667,0.000714437339311615,0.133333333333333
"05-10%",6,2,0.0625,19,18.9333333333333,0.0251693924728195,0.333333333333333
"05-10%",6,2,0.0625,20,20,0.0363370200487855,0.6
"05-10%",6,2,0.0625,21,20.4666666666667,0.0553255226468071,0.466666666666667
"05-10%",6,2,0.0625,22,21.6,0.065675606708306,0.533333333333333
"05-10%",6,2,0.0625,23,22.6666666666667,0.0978048561174589,0.666666666666667
"05-10%",6,2,0.0625,24,23.8666666666667,0.151294294252939,0.8
"05-10%",6,2,0.0625,25,24.5333333333333,0.235909449203262,0.533333333333333
"05-10%",6,2,0.0625,26,25.6666666666667,0.223097295136717,0.933333333333333
"05-10%",6,2,0.0625,27,26.6,0.304707677036533,0.666666666666667
"05-10%",6,2,0.0625,28,27.6666666666667,0.398242591627841,1.2
"05-10%",6,2,0.0625,29,28.8,0.471242677485198,1
"05-10%",6,2,0.0625,30,29.8666666666667,0.615771023646241,1.33333333333333
"05-10%",6,2,0.0625,31,30.8666666666667,0.766158850398053,1.6
"05-10%",6,2,0.0625,32,32,1,2
"05-10%",7,3,0.0625,1,30.8666666666667,0.77293239650039,1.26666666666667
"05-10%",7,3,0.0625,2,29.9333333333333,0.590551264483786,1
"05-10%",7,3,0.0625,3,28.6666666666667,0.498702610581914,0.666666666666667
"05-10%",7,3,0.0625,4,27.8,0.39231966573349,0.8
"05-10%",7,3,0.0625,5,26.8666666666667,0.316851491712676,0.8
"05-10%",7,3,0.0625,6,25.6,0.238422861058787,0.533333333333333
"05-10%",7,3,0.0625,7,24.8666666666667,0.200190804473469,0.733333333333333
"05-10%",7,3,0.0625,8,23.6,0.180344806307532,0.533333333333333
"05-10%",7,3,0.0625,9,22.5333333333333,0.120032089093852,0.466666666666667
"05-10%",7,3,0.0625,10,21.8666666666667,0.119766732112499,0.733333333333333
"05-10%",7,3,0.0625,11,21.6,0.0329234593946395,0.466666666666667
"05-10%",7,3,0.0625,12,20.2,0.025186121829937,0.4
"05-10%",7,3,0.0625,13,18.7333333333333,0.0202113308737883,0.333333333333333
"05-10%",7,3,0.0625,14,18.8666666666667,0.00815948753712109,0.533333333333333
"05-10%",7,3,0.0625,15,18.1333333333333,0.00142321252105666,0.466666666666667
"05-10%",7,3,0.0625,16,17.7333333333333,-0.0111592633339964,0.266666666666667
"05-10%",7,3,0.0625,17,17.3333333333333,-0.00601981545496754,0.0666666666666667
"05-10%",7,3,0.0625,18,18,0.00072116486638332,0.133333333333333
"05-10%",7,3,0.0625,19,18.6,0.0152532692747571,0.2
"05-10%",7,3,0.0625,20,19.8666666666667,0.0376836966716118,0.2
"05-10%",7,3,0.0625,21,20.6666666666667,0.0454211033386509,0.466666666666667
"05-10%",7,3,0.0625,22,21.6,0.0710793222373705,0.533333333333333
"05-10%",7,3,0.0625,23,22.4666666666667,0.137732240958068,0.466666666666667
"05-10%",7,3,0.0625,24,23.6,0.185803382040608,0.533333333333333
"05-10%",7,3,0.0625,25,24.8,0.21002431607277,0.733333333333333
"05-10%",7,3,0.0625,26,25.6666666666667,0.264764538359118,0.6
"05-10%",7,3,0.0625,27,26.8,0.353282935741107,0.8
"05-10%",7,3,0.0625,28,27.8666666666667,0.379188185421494,0.866666666666667
"05-10%",7,3,0.0625,29,28.7333333333333,0.484972644033556,0.866666666666667
"05-10%",7,3,0.0625,30,29.8,0.629782000958715,1.06666666666667
"05-10%",7,3,0.0625,31,30.8,0.766158850398053,1.26666666666667
"05-10%",7,3,0.0625,32,32,1,2
"05-10%",9,4,0.09375,1,30.9333333333333,0.817299764263587,1
"05-10%",9,4,0.09375,2,29.9333333333333,0.671842096203144,0.933333333333333
"05-10%",9,4,0.09375,3,28.9333333333333,0.56623062797306,0.933333333333333
"05-10%",9,4,0.09375,4,28,0.449130702623867,0.866666666666667
"05-10%",9,4,0.09375,5,26.8,0.385522838446649,0.8
"05-10%",9,4,0.09375,6,25.8,0.294227540863429,0.6
"05-10%",9,4,0.09375,7,24.9333333333333,0.202728622176584,0.6
"05-10%",9,4,0.09375,8,23.8666666666667,0.17253683760743,0.466666666666667
"05-10%",9,4,0.09375,9,22.7333333333333,0.16225576530963,0.733333333333333
"05-10%",9,4,0.09375,10,21.7333333333333,0.109053318730881,0.333333333333333
"05-10%",9,4,0.09375,11,20.8666666666667,0.0832010401154116,0.4
"05-10%",9,4,0.09375,12,20.1333333333333,0.0467215182244157,0.333333333333333
"05-10%",9,4,0.09375,13,18.9333333333333,0.00636632558038274,0.333333333333333
"05-10%",9,4,0.09375,14,18.8666666666667,0.00454895655435417,0.266666666666667
"05-10%",9,4,0.09375,15,18.2,-0.00395524870208818,0.266666666666667
"05-10%",9,4,0.09375,16,18.1333333333333,-0.0144268862910641,0.266666666666667
"05-10%",9,4,0.09375,17,18.2666666666667,-0.00396146519042803,0.333333333333333
"05-10%",9,4,0.09375,18,18.6666666666667,0.00638039451090878,0.2
"05-10%",9,4,0.09375,19,19.1333333333333,0.0294086665113035,0.2
"05-10%",9,4,0.09375,20,20.2666666666667,0.0413326470015281,0.666666666666667
"05-10%",9,4,0.09375,21,20.9333333333333,0.0585012728070321,0.466666666666667
"05-10%",9,4,0.09375,22,21.8666666666667,0.0797747082183258,0.733333333333333
"05-10%",9,4,0.09375,23,23.2,0.105172749358831,0.933333333333333
"05-10%",9,4,0.09375,24,23.8,0.210632354576759,0.4
"05-10%",9,4,0.09375,25,24.7333333333333,0.249233803517816,0.6
"05-10%",9,4,0.09375,26,25.7333333333333,0.312707884356999,0.6
"05-10%",9,4,0.09375,27,26.7333333333333,0.400502196915249,0.666666666666667
"05-10%",9,4,0.09375,28,27.8,0.454592921487557,0.8
"05-10%",9,4,0.09375,29,28.8,0.581794904765318,0.8
"05-10%",9,4,0.09375,30,30,0.66512994868744,1
"05-10%",9,4,0.09375,31,31,0.81434193974604,1
"05-10%",9,4,0.09375,32,32,1,2
"05-10%",13,5,0.0625,1,30.8,0.766158850398053,1.26666666666667
"05-10%",13,5,0.0625,2,29.8,0.603628176642096,0.866666666666667
"05-10%",13,5,0.0625,3,28.7333333333333,0.498702610581914,0.733333333333333
"05-10%",13,5,0.0625,4,27.8666666666667,0.405451146045485,0.933333333333333
"05-10%",13,5,0.0625,5,26.6666666666667,0.36542675041725,0.666666666666667
"05-10%",13,5,0.0625,6,25.8666666666667,0.231716204224335,0.8
"05-10%",13,5,0.0625,7,24.6666666666667,0.19657540280606,0.533333333333333
"05-10%",13,5,0.0625,8,23.5333333333333,0.156752869986016,0.466666666666667
"05-10%",13,5,0.0625,9,22.6666666666667,0.120032089093852,0.6
"05-10%",13,5,0.0625,10,21.4666666666667,0.0923313347216443,0.4
"05-10%",13,5,0.0625,11,20.6,0.0553255226468071,0.333333333333333
"05-10%",13,5,0.0625,12,20.3333333333333,0.0314349092507744,0.6
"05-10%",13,5,0.0625,13,19.2,0.0202325805930292,0.466666666666667
"05-10%",13,5,0.0625,14,18,0.00568004664687517,0.0666666666666667
"05-10%",13,5,0.0625,15,18.0666666666667,-0.00601981545496754,0.133333333333333
"05-10%",13,5,0.0625,16,17.2666666666667,-0.00991934518577459,0.133333333333333
"05-10%",13,5,0.0625,17,17.8,-0.0134628434309917,0.333333333333333
"05-10%",13,5,0.0625,18,18.0666666666667,0.00196088531150628,0.333333333333333
"05-10%",13,5,0.0625,19,19.2,0.0152532692747571,0.466666666666667
"05-10%",13,5,0.0625,20,19.9333333333333,0.0463027735425724,0.333333333333333
"05-10%",13,5,0.0625,21,20.6,0.0454211033386509,0.266666666666667
"05-10%",13,5,0.0625,22,21.6666666666667,0.113583347205918,0.6
"05-10%",13,5,0.0625,23,22.5333333333333,0.0978048561174589,0.4
"05-10%",13,5,0.0625,24,23.6666666666667,0.168548838146774,0.6
"05-10%",13,5,0.0625,25,24.7333333333333,0.229691339271371,0.733333333333333
"05-10%",13,5,0.0625,26,25.9333333333333,0.212081183758456,0.666666666666667
"05-10%",13,5,0.0625,27,26.6666666666667,0.347877053248025,0.6
"05-10%",13,5,0.0625,28,27.7333333333333,0.405451146045485,0.733333333333333
"05-10%",13,5,0.0625,29,28.8,0.498702610581914,0.8
"05-10%",13,5,0.0625,30,29.8,0.590551264483786,0.933333333333333
"05-10%",13,5,0.0625,31,30.7333333333333,0.75261175819338,1.2
"05-10%",13,5,0.0625,32,32,1,2
"05-10%",16,6,0.09375,1,31,0.81434193974604,1.26666666666667
"05-10%",16,6,0.09375,2,29.9333333333333,0.651705653656031,1
"05-10%",16,6,0.09375,3,28.6,0.558448489576932,0.733333333333333
"05-10%",16,6,0.09375,4,27.6,0.464849002745975,0.666666666666667
"05-10%",16,6,0.09375,5,26.6666666666667,0.350460255166282,0.733333333333333
"05-10%",16,6,0.09375,6,25.6666666666667,0.317100680159963,0.666666666666667
"05-10%",16,6,0.09375,7,24.5333333333333,0.255400913660047,0.533333333333333
"05-10%",16,6,0.09375,8,23.6,0.170569143004317,0.6
"05-10%",16,6,0.09375,9,22.6,0.13135324797681,0.533333333333333
"05-10%",16,6,0.09375,10,21.8666666666667,0.0903740361299268,0.666666666666667
"05-10%",16,6,0.09375,11,21.0666666666667,0.0465975288542302,0.666666666666667
"05-10%",16,6,0.09375,12,19.4666666666667,0.0448853927609625,0.4
"05-10%",16,6,0.09375,13,18.7333333333333,0.0165372662315733,0.466666666666667
"05-10%",16,6,0.09375,14,18.0666666666667,0.010043270424018,0.6
"05-10%",16,6,0.09375,15,17.6666666666667,-0.00396146519042803,0.2
"05-10%",16,6,0.09375,16,16.5333333333333,-0.00709774553584396,0.0666666666666667
"05-10%",16,6,0.09375,17,17.8666666666667,-0.00395524870208818,0.2
"05-10%",16,6,0.09375,18,17.9333333333333,0.00638039451090878,0.266666666666667
"05-10%",16,6,0.09375,19,18.3333333333333,0.0137894167133876,0.333333333333333
"05-10%",16,6,0.09375,20,19.8666666666667,0.0559999630982043,0.6
"05-10%",16,6,0.09375,21,20.6,0.0612389333587028,0.466666666666667
"05-10%",16,6,0.09375,22,21.9333333333333,0.0867380276796409,0.733333333333333
"05-10%",16,6,0.09375,23,22.4666666666667,0.164159543985075,0.466666666666667
"05-10%",16,6,0.09375,24,23.4,0.187203037866986,0.4
"05-10%",16,6,0.09375,25,24.7333333333333,0.21096040254523,0.666666666666667
"05-10%",16,6,0.09375,26,25.7333333333333,0.317100680159963,0.733333333333333
"05-10%",16,6,0.09375,27,26.7333333333333,0.400502196915249,0.733333333333333
"05-10%",16,6,0.09375,28,27.8,0.456989852684921,0.8
"05-10%",16,6,0.09375,29,28.8666666666667,0.550666351180803,0.866666666666667
"05-10%",16,6,0.09375,30,29.9333333333333,0.66512994868744,1.2
"05-10%",16,6,0.09375,31,31,0.81434193974604,1.4
"05-10%",16,6,0.09375,32,32,1,2
"05-10%",17,7,0.09375,1,30.9333333333333,0.817299764263587,1.66666666666667
"05-10%",17,7,0.09375,2,29.8,0.658417801171735,1.46666666666667
"05-10%",17,7,0.09375,3,29,0.541009698956128,1.46666666666667
"05-10%",17,7,0.09375,4,27.8666666666667,0.431015471304395,1.2
"05-10%",17,7,0.09375,5,26.8,0.355564121509449,1
"05-10%",17,7,0.09375,6,25.5333333333333,0.314904282258481,0.666666666666667
"05-10%",17,7,0.09375,7,24.8,0.210166472438015,0.8
"05-10%",17,7,0.09375,8,23.6666666666667,0.177902243134095,0.666666666666667
"05-10%",17,7,0.09375,9,22.3333333333333,0.155836159970529,0.266666666666667
"05-10%",17,7,0.09375,10,21.6666666666667,0.116420607086587,0.666666666666667
"05-10%",17,7,0.09375,11,21,0.0482015337724897,0.533333333333333
"05-10%",17,7,0.09375,12,19.5333333333333,0.0283058212552605,0.2
"05-10%",17,7,0.09375,13,18.3333333333333,0.0137915546290383,0.2
"05-10%",17,7,0.09375,14,17.5333333333333,0.00638039451090878,0.2
"05-10%",17,7,0.09375,15,18,-0.00762998502957252,0.266666666666667
"05-10%",17,7,0.09375,16,16.8,-0.008930030724649,0.333333333333333
"05-10%",17,7,0.09375,17,17.3333333333333,-0.00304588935272687,0.133333333333333
"05-10%",17,7,0.09375,18,18.2666666666667,-0.00466689455020816,0.4
"05-10%",17,7,0.09375,19,18.2666666666667,0.00641585338567972,0.0666666666666667
"05-10%",17,7,0.09375,20,19.9333333333333,0.0431687724649813,0.4
"05-10%",17,7,0.09375,21,20.7333333333333,0.0548105105092423,0.533333333333333
"05-10%",17,7,0.09375,22,21.5333333333333,0.103551670327885,0.533333333333333
"05-10%",17,7,0.09375,23,22.8,0.122527786700687,0.733333333333333
"05-10%",17,7,0.09375,24,23.4,0.177902243134095,0.4
"05-10%",17,7,0.09375,25,24.6666666666667,0.249233803517816,0.733333333333333
"05-10%",17,7,0.09375,26,25.8666666666667,0.308012035126797,0.933333333333333
"05-10%",17,7,0.09375,27,26.8666666666667,0.400502196915249,0.866666666666667
"05-10%",17,7,0.09375,28,27.6,0.472708152807029,0.866666666666667
"05-10%",17,7,0.09375,29,28.7333333333333,0.550666351180803,1.06666666666667
"05-10%",17,7,0.09375,30,29.9333333333333,0.651705653656031,1.46666666666667
"05-10%",17,7,0.09375,31,30.9333333333333,0.81434193974604,1.8
"05-10%",17,7,0.09375,32,32,1,2
"05-10%",18,8,0.0625,1,30.8666666666667,0.766158850398053,1.13333333333333
"05-10%",18,8,0.0625,2,29.8666666666667,0.590551264483786,1
"05-10%",18,8,0.0625,3,28.6666666666667,0.498702610581914,0.666666666666667
"05-10%",18,8,0.0625,4,27.8,0.418582626357481,0.8
"05-10%",18,8,0.0625,5,26.9333333333333,0.323589423895738,0.866666666666667
"05-10%",18,8,0.0625,6,25.8666666666667,0.253748426980857,0.666666666666667
"05-10%",18,8,0.0625,7,24.6,0.239524850870671,0.533333333333333
"05-10%",18,8,0.0625,8,23.5333333333333,0.137208446572946,0.4
"05-10%",18,8,0.0625,9,22.7333333333333,0.114268096000609,0.6
"05-10%",18,8,0.0625,10,21.8666666666667,0.0861479498150638,0.4
"05-10%",18,8,0.0625,11,20.8,0.0378756690487176,0.4
"05-10%",18,8,0.0625,12,19.4666666666667,0.032620053975836,0.0666666666666667
"05-10%",18,8,0.0625,13,18.6,0.00779492715696941,0.133333333333333
"05-10%",18,8,0.0625,14,19.1333333333333,0.0081662150641928,0.333333333333333
"05-10%",18,8,0.0625,15,17.7333333333333,-0.00601981545496754,0.4
"05-10%",18,8,0.0625,16,16.8666666666667,-0.00991934518577459,0.133333333333333
"05-10%",18,8,0.0625,17,18.2,-0.00850082478030894,0.266666666666667
"05-10%",18,8,0.0625,18,18.6,0.0106456559544387,0.466666666666667
"05-10%",18,8,0.0625,19,18.9333333333333,0.0177323000742727,0.333333333333333
"05-10%",18,8,0.0625,20,19.6,0.0289030879028865,0.333333333333333
"05-10%",18,8,0.0625,21,21.6666666666667,0.0529665376285841,0.666666666666667
"05-10%",18,8,0.0625,22,21.6,0.104698104534805,0.466666666666667
"05-10%",18,8,0.0625,23,22.6,0.130323163299271,0.333333333333333
"05-10%",18,8,0.0625,24,23.9333333333333,0.15446299046678,0.733333333333333
"05-10%",18,8,0.0625,25,24.5333333333333,0.21985782767207,0.4
"05-10%",18,8,0.0625,26,25.7333333333333,0.275780649737379,0.533333333333333
"05-10%",18,8,0.0625,27,26.8,0.311445609219594,0.733333333333333
"05-10%",18,8,0.0625,28,27.8,0.39231966573349,0.8
"05-10%",18,8,0.0625,29,28.9333333333333,0.45751271093684,0.933333333333333
"05-10%",18,8,0.0625,30,30,0.577474352325477,1
"05-10%",18,8,0.0625,31,30.9333333333333,0.766158850398053,1.2
"05-10%",18,8,0.0625,32,32,1,2
"05-10%",19,9,0.09375,1,31,0.817299764263587,2
"05-10%",19,9,0.09375,2,29.9333333333333,0.66512994868744,1.66666666666667
"05-10%",19,9,0.09375,3,29.2,0.531353046731452,1.6
"05-10%",19,9,0.09375,4,28.3333333333333,0.449130702623867,1.73333333333333
"05-10%",19,9,0.09375,5,27.2,0.365858759711354,1.4
"05-10%",19,9,0.09375,6,26.1333333333333,0.285138895830263,1.2
"05-10%",19,9,0.09375,7,25,0.263632694028693,1.26666666666667
"05-10%",19,9,0.09375,8,24.0666666666667,0.190600748790538,1.06666666666667
"05-10%",19,9,0.09375,9,23.0666666666667,0.164159543985075,1.06666666666667
"05-10%",19,9,0.09375,10,22.3333333333333,0.0944140134746034,0.733333333333333
"05-10%",19,9,0.09375,11,22.0666666666667,0.0733232311987967,0.933333333333333
"05-10%",19,9,0.09375,12,21.0666666666667,0.0266797893121517,0.8
"05-10%",19,9,0.09375,13,20.2666666666667,0.00921109279351174,0.666666666666667
"05-10%",19,9,0.09375,14,19.3333333333333,0.0100237166500882,0.866666666666667
"05-10%",19,9,0.09375,15,17.8,-0.00762376854123268,0.2
"05-10%",19,9,0.09375,16,17.7333333333333,-0.00709774553584396,0.266666666666667
"05-10%",19,9,0.09375,17,18.2,-0.00396146519042803,0.466666666666667
"05-10%",19,9,0.09375,18,19.2,0.000866526867315189,0.4
"05-10%",19,9,0.09375,19,20.5333333333333,0.00916370290386551,0.733333333333333
"05-10%",19,9,0.09375,20,20.1333333333333,0.059650526414161,0.733333333333333
"05-10%",19,9,0.09375,21,22.2666666666667,0.0770139934965866,1
"05-10%",19,9,0.09375,22,22.8666666666667,0.0797747082183258,0.8
"05-10%",19,9,0.09375,23,23.2,0.133257026652255,0.666666666666667
"05-10%",19,9,0.09375,24,24,0.186665359584312,1.06666666666667
"05-10%",19,9,0.09375,25,25.7333333333333,0.234834913006939,1.4
"05-10%",19,9,0.09375,26,26.0666666666667,0.310208433028279,1.4
"05-10%",19,9,0.09375,27,27.3333333333333,0.345732082141802,1.4
"05-10%",19,9,0.09375,28,27.9333333333333,0.449130702623867,1.4
"05-10%",19,9,0.09375,29,29.3333333333333,0.515788769939195,1.46666666666667
"05-10%",19,9,0.09375,30,29.7333333333333,0.678554243718849,1.66666666666667
"05-10%",19,9,0.09375,31,31.0666666666667,0.811384115228494,1.86666666666667
"05-10%",19,9,0.09375,32,32,1,2
"05-10%",20,10,0.09375,1,30.9333333333333,0.811384115228494,1.2
"05-10%",20,10,0.09375,2,29.8666666666667,0.685266391234553,0.866666666666667
"05-10%",20,10,0.09375,3,28.8666666666667,0.581794904765318,0.866666666666667
"05-10%",20,10,0.09375,4,27.8666666666667,0.456989852684921,0.866666666666667
"05-10%",20,10,0.09375,5,26.9333333333333,0.407991876149549,0.933333333333333
"05-10%",20,10,0.09375,6,25.6666666666667,0.294227540863429,0.666666666666667
"05-10%",20,10,0.09375,7,24.4666666666667,0.247169133291401,0.466666666666667
"05-10%",20,10,0.09375,8,23.8,0.170569143004317,0.733333333333333
"05-10%",20,10,0.09375,9,22.4666666666667,0.151320333306874,0.333333333333333
"05-10%",20,10,0.09375,10,21.6,0.0999156618775993,0.533333333333333
"05-10%",20,10,0.09375,11,20.6666666666667,0.0559441661426535,0.533333333333333
"05-10%",20,10,0.09375,12,20.1333333333333,0.0321809364988615,0.466666666666667
"05-10%",20,10,0.09375,13,19.1333333333333,0.0184194063542111,0.266666666666667
"05-10%",20,10,0.09375,14,18.6666666666667,-0.00462778700234865,0.333333333333333
"05-10%",20,10,0.09375,15,17.4666666666667,-0.0057988333541702,0.333333333333333
"05-10%",20,10,0.09375,16,17.4666666666667,-0.008930030724649,0.2
"05-10%",20,10,0.09375,17,18.1333333333333,-0.00579261686583035,0.0666666666666667
"05-10%",20,10,0.09375,18,17.9333333333333,0.000866526867315189,0.333333333333333
"05-10%",20,10,0.09375,19,18.8666666666667,0.0202024908662549,0.133333333333333
"05-10%",20,10,0.09375,20,19.8,0.0375625785180993,0.333333333333333
"05-10%",20,10,0.09375,21,20.8,0.0593935522098079,0.533333333333333
"05-10%",20,10,0.09375,22,21.8666666666667,0.0906827335691834,0.4
"05-10%",20,10,0.09375,23,22.6666666666667,0.13135324797681,0.4
"05-10%",20,10,0.09375,24,23.8,0.185235343263873,0.533333333333333
"05-10%",20,10,0.09375,25,24.6666666666667,0.227397062745508,0.666666666666667
"05-10%",20,10,0.09375,26,25.6,0.264462154435211,0.4
"05-10%",20,10,0.09375,27,26.8,0.360711440610402,0.8
"05-10%",20,10,0.09375,28,27.8,0.464849002745975,0.8
"05-10%",20,10,0.09375,29,28.8666666666667,0.558448489576932,0.866666666666667
"05-10%",20,10,0.09375,30,29.8666666666667,0.678554243718849,0.866666666666667
"05-10%",20,10,0.09375,31,30.8,0.811384115228494,1
"05-10%",20,10,0.09375,32,32,1,2
"05-10%",21,11,0.09375,1,30.8,0.817299764263587,1.13333333333333
"05-10%",21,11,0.09375,2,29.9333333333333,0.678554243718849,0.933333333333333
"05-10%",21,11,0.09375,3,28.8666666666667,0.533227560559999,0.866666666666667
"05-10%",21,11,0.09375,4,27.8666666666667,0.480567302868083,0.866666666666667
"05-10%",21,11,0.09375,5,26.8666666666667,0.333557682640806,0.8
"05-10%",21,11,0.09375,6,25.6,0.330885174423331,0.6
"05-10%",21,11,0.09375,7,24.8,0.21096040254523,0.666666666666667
"05-10%",21,11,0.09375,8,23.6666666666667,0.195966154317203,0.6
"05-10%",21,11,0.09375,9,22.6,0.157739938645975,0.466666666666667
"05-10%",21,11,0.09375,10,21.6666666666667,0.0944140134746034,0.533333333333333
"05-10%",21,11,0.09375,11,20.6666666666667,0.0721895755653855,0.6
"05-10%",21,11,0.09375,12,19.5333333333333,0.0413326470015281,0.4
"05-10%",21,11,0.09375,13,19,0.0165889319525211,0.4
"05-10%",21,11,0.09375,14,17.9333333333333,-0.000964911089239423,0.133333333333333
"05-10%",21,11,0.09375,15,16.8666666666667,-0.00946113670497485,0.133333333333333
"05-10%",21,11,0.09375,16,17.2666666666667,-0.010762315913454,0.266666666666667
"05-10%",21,11,0.09375,17,17.4666666666667,-0.00578640037749051,0.466666666666667
"05-10%",21,11,0.09375,18,18.6666666666667,-0.00464734077627841,0.466666666666667
"05-10%",21,11,0.09375,19,18,0.0193346435550561,0.133333333333333
"05-10%",21,11,0.09375,20,19.4,0.0393987039815525,0.266666666666667
"05-10%",21,11,0.09375,21,20.8,0.0504688450393121,0.533333333333333
"05-10%",21,11,0.09375,22,22,0.116325335631453,0.8
"05-10%",21,11,0.09375,23,22.5333333333333,0.124933642637709,0.533333333333333
"05-10%",21,11,0.09375,24,23.8,0.185235343263873,0.8
"05-10%",21,11,0.09375,25,24.4666666666667,0.24100202314917,0.466666666666667
"05-10%",21,11,0.09375,26,25.5333333333333,0.273853852895615,0.533333333333333
"05-10%",21,11,0.09375,27,26.7333333333333,0.355564121509449,0.733333333333333
"05-10%",21,11,0.09375,28,27.7333333333333,0.46245207154861,0.8
"05-10%",21,11,0.09375,29,28.6666666666667,0.52544542216387,0.666666666666667
"05-10%",21,11,0.09375,30,29.8,0.678554243718849,0.933333333333333
"05-10%",21,11,0.09375,31,31,0.817299764263587,1.26666666666667
"05-10%",21,11,0.09375,32,32,1,2
"05-10%",22,12,0.09375,1,30.8666666666667,0.811384115228494,1.73333333333333
"05-10%",22,12,0.09375,2,29.8,0.660657208605914,1.46666666666667
"05-10%",22,12,0.09375,3,29,0.550666351180803,1.33333333333333
"05-10%",22,12,0.09375,4,27.8666666666667,0.423156321243341,1.06666666666667
"05-10%",22,12,0.09375,5,26.8,0.348537041109406,0.933333333333333
"05-10%",22,12,0.09375,6,25.8,0.317100680159963,0.866666666666667
"05-10%",22,12,0.09375,7,24.6666666666667,0.236899583233354,0.666666666666667
"05-10%",22,12,0.09375,8,23.5333333333333,0.203299254446981,0.6
"05-10%",22,12,0.09375,9,22.3333333333333,0.135869074640464,0.266666666666667
"05-10%",22,12,0.09375,10,21.5333333333333,0.0844684188325402,0.533333333333333
"05-10%",22,12,0.09375,11,20.6,0.0361172359323958,0.6
"05-10%",22,12,0.09375,12,19.6,0.0264696957918073,0.266666666666667
"05-10%",22,12,0.09375,13,18.8,0.0239129674749319,0.533333333333333
"05-10%",22,12,0.09375,14,18,-0.000964911089239423,0.333333333333333
"05-10%",22,12,0.09375,15,16.8666666666667,-0.00854556086727369,0.333333333333333
"05-10%",22,12,0.09375,16,17.5333333333333,-0.010762315913454,0.4
"05-10%",22,12,0.09375,17,17.3333333333333,-0.0131296565441193,0.266666666666667
"05-10%",22,12,0.09375,18,17.9333333333333,0.00638039451090878,0.333333333333333
"05-10%",22,12,0.09375,19,18.6,0.0100789401047105,0.333333333333333
"05-10%",22,12,0.09375,20,19.8,0.024640799532004,0.533333333333333
"05-10%",22,12,0.09375,21,21.2,0.0621312127614785,0.6
"05-10%",22,12,0.09375,22,21.6,0.0940100445802127,0.466666666666667
"05-10%",22,12,0.09375,23,22.4,0.148708285318665,0.466666666666667
"05-10%",22,12,0.09375,24,23.3333333333333,0.190600748790538,0.4
"05-10%",22,12,0.09375,25,24.6666666666667,0.241795953256385,0.866666666666667
"05-10%",22,12,0.09375,26,25.6666666666667,0.282942497928781,0.733333333333333
"05-10%",22,12,0.09375,27,26.6666666666667,0.34531293606533,0.733333333333333
"05-10%",22,12,0.09375,28,27.7333333333333,0.480567302868083,1
"05-10%",22,12,0.09375,29,28.8666666666667,0.541009698956128,1.06666666666667
"05-10%",22,12,0.09375,30,29.8,0.66512994868744,1.2
"05-10%",22,12,0.09375,31,30.8666666666667,0.808426290710947,1.4
"05-10%",22,12,0.09375,32,32,1,2
"05-10%",24,13,0.09375,1,30.9333333333333,0.805468466193401,1.26666666666667
"05-10%",24,13,0.09375,2,29.8666666666667,0.671842096203144,0.866666666666667
"05-10%",24,13,0.09375,3,28.8666666666667,0.558448489576932,0.866666666666667
"05-10%",24,13,0.09375,4,27.8,0.420759390045977,0.8
"05-10%",24,13,0.09375,5,26.6666666666667,0.353221761376102,0.666666666666667
"05-10%",24,13,0.09375,6,25.4,0.296726992192149,0.4
"05-10%",24,13,0.09375,7,24.5333333333333,0.267735133944509,0.533333333333333
"05-10%",24,13,0.09375,8,23.7333333333333,0.199363865240755,0.6
"05-10%",24,13,0.09375,9,22.4,0.16225576530963,0.333333333333333
"05-10%",24,13,0.09375,10,21.4,0.112689327181167,0.333333333333333
"05-10%",24,13,0.09375,11,20.7333333333333,0.0493351894059009,0.4
"05-10%",24,13,0.09375,12,19.6,0.0468337941882379,0.2
"05-10%",24,13,0.09375,13,18.9333333333333,0.0192851157497591,0.466666666666667
"05-10%",24,13,0.09375,14,17.9333333333333,-0.000964911089239423,0.266666666666667
"05-10%",24,13,0.09375,15,17,-0.0094673531933147,0.0666666666666667
"05-10%",24,13,0.09375,16,16.4666666666667,-0.00709774553584396,0.133333333333333
"05-10%",24,13,0.09375,17,17.9333333333333,-0.00579261686583035,0.466666666666667
"05-10%",24,13,0.09375,18,17.9333333333333,0.010043270424018,0.4
"05-10%",24,13,0.09375,19,18.6666666666667,0.0156715568360253,0.333333333333333
"05-10%",24,13,0.09375,20,19.6,0.0449976687247846,0.4
"05-10%",24,13,0.09375,21,20.4666666666667,0.060346653955927,0.266666666666667
"05-10%",24,13,0.09375,22,21.7333333333333,0.0831020192293551,0.466666666666667
"05-10%",24,13,0.09375,23,22.8666666666667,0.140384901304119,0.8
"05-10%",24,13,0.09375,24,23.7333333333333,0.160474547539422,0.666666666666667
"05-10%",24,13,0.09375,25,24.5333333333333,0.234834913006939,0.533333333333333
"05-10%",24,13,0.09375,26,25.7333333333333,0.296423938764911,0.733333333333333
"05-10%",24,13,0.09375,27,26.8,0.350879401242754,0.8
"05-10%",24,13,0.09375,28,27.7333333333333,0.438874621365449,0.733333333333333
"05-10%",24,13,0.09375,29,28.8666666666667,0.527319935992417,0.866666666666667
"05-10%",24,13,0.09375,30,29.9333333333333,0.685266391234553,1.06666666666667
"05-10%",24,13,0.09375,31,30.8666666666667,0.81434193974604,1.26666666666667
"05-10%",24,13,0.09375,32,32,1,2
"05-10%",25,14,0.0625,1,30.9333333333333,0.766158850398053,1.26666666666667
"05-10%",25,14,0.0625,2,29.6666666666667,0.616705088800406,0.733333333333333
"05-10%",25,14,0.0625,3,29,0.498702610581914,0.933333333333333
"05-10%",25,14,0.0625,4,27.9333333333333,0.351639596274209,0.933333333333333
"05-10%",25,14,0.0625,5,26.6,0.293895912050369,0.6
"05-10%",25,14,0.0625,6,25.6666666666667,0.28679676111564,0.666666666666667
"05-10%",25,14,0.0625,7,24.7333333333333,0.229691339271371,0.666666666666667
"05-10%",25,14,0.0625,8,23.7333333333333,0.168548838146774,0.6
"05-10%",25,14,0.0625,9,23.0666666666667,0.0994499406830135,0.8
"05-10%",25,14,0.0625,10,21.5333333333333,0.0737811800019027,0.333333333333333
"05-10%",25,14,0.0625,11,21.3333333333333,0.0279712497405614,0.666666666666667
"05-10%",25,14,0.0625,12,19.3333333333333,0.0238394452071107,0.133333333333333
"05-10%",25,14,0.0625,13,19.0666666666667,0.00281561583869732,0.2
"05-10%",25,14,0.0625,14,18.6,0.00692649461906984,0.4
"05-10%",25,14,0.0625,15,17.6,-0.00353880612962614,0.266666666666667
"05-10%",25,14,0.0625,16,16.9333333333333,-0.0111592633339964,0.266666666666667
"05-10%",25,14,0.0625,17,18.1333333333333,-0.00105779680428474,0.466666666666667
"05-10%",25,14,0.0625,18,18.9333333333333,-0.00425117196825194,0.533333333333333
"05-10%",25,14,0.0625,19,19.2666666666667,0.0152532692747571,0.466666666666667
"05-10%",25,14,0.0625,20,20,0.025186121829937,0.4
"05-10%",25,14,0.0625,21,20.8666666666667,0.0529665376285841,0.4
"05-10%",25,14,0.0625,22,21.6666666666667,0.0950331924861765,0.466666666666667
"05-10%",25,14,0.0625,23,22.6666666666667,0.105213933776256,0.533333333333333
"05-10%",25,14,0.0625,24,23.6666666666667,0.134039750359105,0.666666666666667
"05-10%",25,14,0.0625,25,24.4666666666667,0.20640891440536,0.466666666666667
"05-10%",25,14,0.0625,26,25.8,0.238422861058787,0.666666666666667
"05-10%",25,14,0.0625,27,26.8,0.299301794543451,0.733333333333333
"05-10%",25,14,0.0625,28,27.8666666666667,0.405451146045485,0.8
"05-10%",25,14,0.0625,29,28.9333333333333,0.484972644033556,0.933333333333333
"05-10%",25,14,0.0625,30,30,0.590551264483786,1
"05-10%",25,14,0.0625,31,31,0.77293239650039,1.33333333333333
"05-10%",25,14,0.0625,32,32,1,2
"05-10%",27,15,0.0625,1,30.9333333333333,0.77293239650039,1
"05-10%",27,15,0.0625,2,29.8,0.603628176642096,0.666666666666667
"05-10%",27,15,0.0625,3,28.9333333333333,0.526162543678631,0.933333333333333
"05-10%",27,15,0.0625,4,27.9333333333333,0.39231966573349,0.666666666666667
"05-10%",27,15,0.0625,5,26.7333333333333,0.341139121064963,0.533333333333333
"05-10%",27,15,0.0625,6,25.6666666666667,0.275780649737379,0.4
"05-10%",27,15,0.0625,7,24.7333333333333,0.21002431607277,0.333333333333333
"05-10%",27,15,0.0625,8,23.6666666666667,0.163090262413697,0.133333333333333
"05-10%",27,15,0.0625,9,23,0.0920408630242159,0.266666666666667
"05-10%",27,15,0.0625,10,21.7333333333333,0.107399962299338,0.266666666666667
"05-10%",27,15,0.0625,11,21,0.0430621183204279,0.133333333333333
"05-10%",27,15,0.0625,12,20,0.0500197396155219,0.266666666666667
"05-10%",27,15,0.0625,13,19.5333333333333,0.0177323000742727,0.2
"05-10%",27,15,0.0625,14,19.2,-0.00300472399605727,0.2
"05-10%",27,15,0.0625,15,19,-0.00850082478030894,0
"05-10%",27,15,0.0625,16,18.5333333333333,-0.0111592633339964,0.2
"05-10%",27,15,0.0625,17,18.2,-0.00601981545496754,0.2
"05-10%",27,15,0.0625,18,19.1333333333333,-0.00921678127581549,0.266666666666667
"05-10%",27,15,0.0625,19,19.5333333333333,0.0177110503550318,0.133333333333333
"05-10%",27,15,0.0625,20,20.2666666666667,0.0300882326279481,0.2
"05-10%",27,15,0.0625,21,21.4666666666667,0.0477800883568739,0.333333333333333
"05-10%",27,15,0.0625,22,22,0.0799645649084832,0.133333333333333
"05-10%",27,15,0.0625,23,23,0.0949228595708374,0.133333333333333
"05-10%",27,15,0.0625,24,23.8,0.171717534360614,0.266666666666667
"05-10%",27,15,0.0625,25,24.9333333333333,0.163459466340749,0.333333333333333
"05-10%",27,15,0.0625,26,25.8666666666667,0.238422861058787,0.4
"05-10%",27,15,0.0625,27,27.0666666666667,0.275014165191164,0.533333333333333
"05-10%",27,15,0.0625,28,27.8,0.39231966573349,0.533333333333333
"05-10%",27,15,0.0625,29,28.8666666666667,0.498702610581914,0.733333333333333
"05-10%",27,15,0.0625,30,29.8666666666667,0.616705088800406,0.8
"05-10%",27,15,0.0625,31,30.6,0.745838212091043,0.666666666666667
"05-10%",27,15,0.0625,32,32,1,2
"05-10%",30,16,0.0625,1,30.7333333333333,0.759385304295716,1.13333333333333
"05-10%",30,16,0.0625,2,29.9333333333333,0.616705088800406,1
"05-10%",30,16,0.0625,3,29.0666666666667,0.460853595495433,1
"05-10%",30,16,0.0625,4,27.8,0.377902556898201,0.8
"05-10%",30,16,0.0625,5,26.7333333333333,0.341139121064963,0.733333333333333
"05-10%",30,16,0.0625,6,25.8,0.275780649737379,0.733333333333333
"05-10%",30,16,0.0625,7,24.7333333333333,0.200190804473469,0.666666666666667
"05-10%",30,16,0.0625,8,23.8666666666667,0.145835718519863,0.733333333333333
"05-10%",30,16,0.0625,9,22.8666666666667,0.122914085640473,0.666666666666667
"05-10%",30,16,0.0625,10,22.2,0.0621940795662577,0.533333333333333
"05-10%",30,16,0.0625,11,20.8666666666667,0.0777275858989747,0.466666666666667
"05-10%",30,16,0.0625,12,19.6,0.032620053975836,0.4
"05-10%",30,16,0.0625,13,18.7333333333333,0.0202325805930292,0.133333333333333
"05-10%",30,16,0.0625,14,18.8,-0.000532010632883052,0.533333333333333
"05-10%",30,16,0.0625,15,17.5333333333333,-0.00601981545496754,0.2
"05-10%",30,16,0.0625,16,18.2666666666667,-0.0111592633339964,0.266666666666667
"05-10%",30,16,0.0625,17,17.9333333333333,-0.00850082478030894,0.333333333333333
"05-10%",30,16,0.0625,18,17.8666666666667,0.00195415778443458,0.133333333333333
"05-10%",30,16,0.0625,19,18.8,0.0251906421920604,0.333333333333333
"05-10%",30,16,0.0625,20,19.7333333333333,0.0388688413966734,0.333333333333333
"05-10%",30,16,0.0625,21,20.7333333333333,0.0628709569367404,0.466666666666667
"05-10%",30,16,0.0625,22,21.7333333333333,0.0861479498150638,0.466666666666667
"05-10%",30,16,0.0625,23,23.1333333333333,0.0949228595708374,0.666666666666667
"05-10%",30,16,0.0625,24,24,0.11361651025143,0.666666666666667
"05-10%",30,16,0.0625,25,24.8,0.21002431607277,0.733333333333333
"05-10%",30,16,0.0625,26,25.6,0.238422861058787,0.6
"05-10%",30,16,0.0625,27,26.6,0.316851491712676,0.6
"05-10%",30,16,0.0625,28,27.6,0.418582626357481,0.6
"05-10%",30,16,0.0625,29,28.8,0.471242677485198,0.733333333333333
"05-10%",30,16,0.0625,30,29.9333333333333,0.616705088800406,0.933333333333333
"05-10%",30,16,0.0625,31,30.7333333333333,0.766158850398053,1.06666666666667
"05-10%",30,16,0.0625,32,32,1,2
"05-10%",33,17,0.0625,1,30.8,0.77293239650039,1.26666666666667
"05-10%",33,17,0.0625,2,29.9333333333333,0.603628176642096,0.933333333333333
"05-10%",33,17,0.0625,3,28.7333333333333,0.45751271093684,0.8
"05-10%",33,17,0.0625,4,27.6666666666667,0.405451146045485,0.666666666666667
"05-10%",33,17,0.0625,5,26.6666666666667,0.316851491712676,0.666666666666667
"05-10%",33,17,0.0625,6,25.5333333333333,0.260455083815309,0.533333333333333
"05-10%",33,17,0.0625,7,24.7333333333333,0.216242426004661,0.6
"05-10%",33,17,0.0625,8,23.9333333333333,0.122243782198347,0.666666666666667
"05-10%",33,17,0.0625,9,22.6666666666667,0.102331937229635,0.6
"05-10%",33,17,0.0625,10,21.4666666666667,0.0950331924861765,0.4
"05-10%",33,17,0.0625,11,21,0.0652299419549634,0.6
"05-10%",33,17,0.0625,12,20.1333333333333,0.0263712665549986,0.266666666666667
"05-10%",33,17,0.0625,13,19,0.00531589635745382,0.133333333333333
"05-10%",33,17,0.0625,14,18.6,-0.000525283105811347,0.333333333333333
"05-10%",33,17,0.0625,15,17.2666666666667,-0.00353880612962614,0.133333333333333
"05-10%",33,17,0.0625,16,17.7333333333333,-0.00743950888933094,0.133333333333333
"05-10%",33,17,0.0625,17,17.7333333333333,-0.00601981545496754,0.4
"05-10%",33,17,0.0625,18,18.6,0.00940593550931576,0.266666666666667
"05-10%",33,17,0.0625,19,18.7333333333333,0.0226903616733039,0.266666666666667
"05-10%",33,17,0.0625,20,20.4,0.032620053975836,0.4
"05-10%",33,17,0.0625,21,20.6,0.050373312992729,0.2
"05-10%",33,17,0.0625,22,21.7333333333333,0.0745608493794187,0.533333333333333
"05-10%",33,17,0.0625,23,22.7333333333333,0.102331937229635,0.533333333333333
"05-10%",33,17,0.0625,24,23.8666666666667,0.130871054145264,0.6
"05-10%",33,17,0.0625,25,24.6666666666667,0.21985782767207,0.6
"05-10%",33,17,0.0625,26,25.8,0.212081183758456,0.8
"05-10%",33,17,0.0625,27,26.8666666666667,0.316851491712676,0.733333333333333
"05-10%",33,17,0.0625,28,27.4666666666667,0.379188185421494,0.466666666666667
"05-10%",33,17,0.0625,29,28.3333333333333,0.512432577130273,0.333333333333333
"05-10%",33,17,0.0625,30,29.8666666666667,0.587749069021292,0.866666666666667
"05-10%",33,17,0.0625,31,30.9333333333333,0.77293239650039,1.33333333333333
"05-10%",33,17,0.0625,32,32,1,2
"05-10%",35,18,0.0625,1,31.0666666666667,0.766158850398053,2
"05-10%",35,18,0.0625,2,30.1333333333333,0.616705088800406,1.93333333333333
"05-10%",35,18,0.0625,3,29.0666666666667,0.512432577130273,1.86666666666667
"05-10%",35,18,0.0625,4,28.4,0.39231966573349,1.6
"05-10%",35,18,0.0625,5,27.4666666666667,0.341139121064963,1.8
"05-10%",35,18,0.0625,6,26.4,0.242732315602596,1.2
"05-10%",35,18,0.0625,7,24.9333333333333,0.20640891440536,1
"05-10%",35,18,0.0625,8,24.4,0.171717534360614,1.33333333333333
"05-10%",35,18,0.0625,9,23.0666666666667,0.130323163299271,1
"05-10%",35,18,0.0625,10,22.6,0.110881489441386,1.4
"05-10%",35,18,0.0625,11,22.0666666666667,0.0303302347587844,1
"05-10%",35,18,0.0625,12,20.8666666666667,0.0388688413966734,0.6
"05-10%",35,18,0.0625,13,19.7333333333333,0.00281561583869732,0.466666666666667
"05-10%",35,18,0.0625,14,18.8666666666667,0.00195415778443458,0.8
"05-10%",35,18,0.0625,15,18.4,-0.00353880612962614,0.2
"05-10%",35,18,0.0625,16,18.8,-0.00867942703755277,0.133333333333333
"05-10%",35,18,0.0625,17,17.7333333333333,-0.00850082478030894,0.266666666666667
"05-10%",35,18,0.0625,18,19.0666666666667,0.0081662150641928,0.6
"05-10%",35,18,0.0625,19,19.8666666666667,0.0177535497935136,0.466666666666667
"05-10%",35,18,0.0625,20,21.2,0.0437709521946845,1.06666666666667
"05-10%",35,18,0.0625,21,21.1333333333333,0.0704163912266736,0.8
"05-10%",35,18,0.0625,22,22.4666666666667,0.0799645649084832,0.933333333333333
"05-10%",35,18,0.0625,23,23.8666666666667,0.115505007981676,0.933333333333333
"05-10%",35,18,0.0625,24,24.4666666666667,0.15446299046678,1.26666666666667
"05-10%",35,18,0.0625,25,25.2666666666667,0.200190804473469,1.06666666666667
"05-10%",35,18,0.0625,26,26.2666666666667,0.264764538359118,1.46666666666667
"05-10%",35,18,0.0625,27,27.0666666666667,0.341139121064963,1.6
"05-10%",35,18,0.0625,28,28.1333333333333,0.405451146045485,1.6
"05-10%",35,18,0.0625,29,29,0.471242677485198,1.46666666666667
"05-10%",35,18,0.0625,30,30.1333333333333,0.603628176642096,1.73333333333333
"05-10%",35,18,0.0625,31,31.2,0.75261175819338,1.93333333333333
"05-10%",35,18,0.0625,32,32,1,2
"05-10%",36,19,0.0625,1,30.8,0.766158850398053,1
"05-10%",36,19,0.0625,2,29.8666666666667,0.603628176642096,0.866666666666667
"05-10%",36,19,0.0625,3,28.8,0.45751271093684,0.8
"05-10%",36,19,0.0625,4,27.8,0.405451146045485,0.8
"05-10%",36,19,0.0625,5,26.9333333333333,0.311445609219594,0.866666666666667
"05-10%",36,19,0.0625,6,25.6666666666667,0.27147119519357,0.6
"05-10%",36,19,0.0625,7,25.0666666666667,0.176908379607459,0.6
"05-10%",36,19,0.0625,8,23.6666666666667,0.168548838146774,0.533333333333333
"05-10%",36,19,0.0625,9,22.8666666666667,0.112623011435054,0.466666666666667
"05-10%",36,19,0.0625,10,22.2,0.0737811800019027,0.533333333333333
"05-10%",36,19,0.0625,11,21.1333333333333,0.050373312992729,0.4
"05-10%",36,19,0.0625,12,20.2666666666667,0.0189373344090996,0.466666666666667
"05-10%",36,19,0.0625,13,19.7333333333333,0.00779492715696941,0.333333333333333
"05-10%",36,19,0.0625,14,19.2666666666667,-0.014182390583379,0.333333333333333
"05-10%",36,19,0.0625,15,17.8,-0.0109818341056503,0.466666666666667
"05-10%",36,19,0.0625,16,17.9333333333333,-0.0111592633339964,0.533333333333333
"05-10%",36,19,0.0625,17,18.2,-0.00353880612962614,0.6
"05-10%",36,19,0.0625,18,17.9333333333333,0.00568004664687517,0.4
"05-10%",36,19,0.0625,19,19.3333333333333,0.0226903616733039,0.4
"05-10%",36,19,0.0625,20,20.0666666666667,0.0488345948904603,0.533333333333333
"05-10%",36,19,0.0625,21,21.3333333333333,0.0529665376285841,0.466666666666667
"05-10%",36,19,0.0625,22,21.5333333333333,0.119766732112499,0.133333333333333
"05-10%",36,19,0.0625,23,22.8666666666667,0.120032089093852,0.466666666666667
"05-10%",36,19,0.0625,24,23.8666666666667,0.15446299046678,0.466666666666667
"05-10%",36,19,0.0625,25,24.9333333333333,0.20640891440536,0.533333333333333
"05-10%",36,19,0.0625,26,25.7333333333333,0.253748426980857,0.733333333333333
"05-10%",36,19,0.0625,27,26.6,0.341139121064963,0.466666666666667
"05-10%",36,19,0.0625,28,27.8,0.379188185421494,0.733333333333333
"05-10%",36,19,0.0625,29,28.8,0.512432577130273,0.8
"05-10%",36,19,0.0625,30,29.8,0.603628176642096,0.8
"05-10%",36,19,0.0625,31,31,0.77293239650039,1
"05-10%",36,19,0.0625,32,32,1,2
"05-10%",37,20,0.0625,1,30.9333333333333,0.77293239650039,1.73333333333333
"05-10%",37,20,0.0625,2,30,0.616705088800406,1.4
"05-10%",37,20,0.0625,3,28.6666666666667,0.484972644033556,1.06666666666667
"05-10%",37,20,0.0625,4,28,0.379188185421494,1.2
"05-10%",37,20,0.0625,5,26.6,0.233176838669651,0.733333333333333
"05-10%",37,20,0.0625,6,25.6,0.242732315602596,0.533333333333333
"05-10%",37,20,0.0625,7,24.8666666666667,0.21985782767207,0.733333333333333
"05-10%",37,20,0.0625,8,23.7333333333333,0.148125598039099,0.466666666666667
"05-10%",37,20,0.0625,9,22.8,0.0920408630242159,0.6
"05-10%",37,20,0.0625,10,21.6666666666667,0.107399962299338,0.466666666666667
"05-10%",37,20,0.0625,11,20.6,0.0678231665908185,0.466666666666667
"05-10%",37,20,0.0625,12,19.8,0.0437709521946845,0.333333333333333
"05-10%",37,20,0.0625,13,19,0.0127742384752415,0.266666666666667
"05-10%",37,20,0.0625,14,17.9333333333333,0.00568677417394687,0.133333333333333
"05-10%",37,20,0.0625,15,17.0666666666667,-0.00353880612962614,0.2
"05-10%",37,20,0.0625,16,17.1333333333333,-0.00743950888933094,0.133333333333333
"05-10%",37,20,0.0625,17,17.5333333333333,-0.00353880612962614,0.2
"05-10%",37,20,0.0625,18,18,0.0044335986746805,0
"05-10%",37,20,0.0625,19,18.9333333333333,0.0326277345906072,0.333333333333333
"05-10%",37,20,0.0625,20,20.2,0.0226543004820491,0.333333333333333
"05-10%",37,20,0.0625,21,20.5333333333333,0.0753686008807517,0.266666666666667
"05-10%",37,20,0.0625,22,21.8666666666667,0.0807442342859992,0.533333333333333
"05-10%",37,20,0.0625,23,22.6666666666667,0.105213933776256,0.333333333333333
"05-10%",37,20,0.0625,24,23.8,0.163090262413697,0.866666666666667
"05-10%",37,20,0.0625,25,24.7333333333333,0.21985782767207,0.733333333333333
"05-10%",37,20,0.0625,26,25.6,0.297812872493901,0.8
"05-10%",37,20,0.0625,27,26.7333333333333,0.341139121064963,0.933333333333333
"05-10%",37,20,0.0625,28,27.6666666666667,0.418582626357481,1.06666666666667
"05-10%",37,20,0.0625,29,28.8666666666667,0.484972644033556,1.26666666666667
"05-10%",37,20,0.0625,30,29.9333333333333,0.603628176642096,1.6
"05-10%",37,20,0.0625,31,30.8,0.766158850398053,1.6
"05-10%",37,20,0.0625,32,32,1,2
"10-15%",23,1,0.125,1,31,0.836560767239503,1.26666666666667
"10-15%",23,1,0.125,2,29.8666666666667,0.695384635257582,0.866666666666667
"10-15%",23,1,0.125,3,28.8666666666667,0.57534174775361,0.933333333333333
"10-15%",23,1,0.125,4,27.8,0.49816185845232,0.8
"10-15%",23,1,0.125,5,26.7333333333333,0.409080604414448,0.733333333333333
"10-15%",23,1,0.125,6,25.8666666666667,0.302617972800399,0.866666666666667
"10-15%",23,1,0.125,7,24.8,0.248735523727609,0.8
"10-15%",23,1,0.125,8,23.4,0.209892719776778,0.4
"10-15%",23,1,0.125,9,22.6,0.164485432749036,0.6
"10-15%",23,1,0.125,10,21.6,0.0889202641274348,0.466666666666667
"10-15%",23,1,0.125,11,20.4666666666667,0.0744513554383455,0.466666666666667
"10-15%",23,1,0.125,12,19.2666666666667,0.0536533243153248,0.4
"10-15%",23,1,0.125,13,18.3333333333333,0.00864851138194811,0.466666666666667
"10-15%",23,1,0.125,14,18.1333333333333,0.000370251841793727,0.533333333333333
"10-15%",23,1,0.125,15,16.6,-0.0036056282463821,0.266666666666667
"10-15%",23,1,0.125,16,17.4666666666667,-0.00851044570549358,0.266666666666667
"10-15%",23,1,0.125,17,17.1333333333333,-0.0135675102228544,0.333333333333333
"10-15%",23,1,0.125,18,17.7333333333333,0.00613307169925193,0.2
"10-15%",23,1,0.125,19,18.6666666666667,0.0213231299078203,0.4
"10-15%",23,1,0.125,20,19.5333333333333,0.0387252902422997,0.6
"10-15%",23,1,0.125,21,20.4666666666667,0.0758598867642075,0.466666666666667
"10-15%",23,1,0.125,22,21.6,0.083299289572256,0.6
"10-15%",23,1,0.125,23,22.4666666666667,0.154569652712742,0.4
"10-15%",23,1,0.125,24,23.4,0.212910377814347,0.4
"10-15%",23,1,0.125,25,24.6,0.276060096818266,0.6
"10-15%",23,1,0.125,26,25.8,0.338300691432368,0.8
"10-15%",23,1,0.125,27,26.8666666666667,0.364825394602233,0.866666666666667
"10-15%",23,1,0.125,28,27.6666666666667,0.490311960598121,0.666666666666667
"10-15%",23,1,0.125,29,28.9333333333333,0.59023063944901,0.933333333333333
"10-15%",23,1,0.125,30,30,0.689195525297791,1.13333333333333
"10-15%",23,1,0.125,31,30.9333333333333,0.83816585082083,1.26666666666667
"10-15%",23,1,0.125,32,32,1,2
"10-15%",46,2,0.125,1,31,0.83816585082083,1.93333333333333
"10-15%",46,2,0.125,2,29.8,0.709228442894625,1.8
"10-15%",46,2,0.125,3,28.8,0.575177690779016,1.46666666666667
"10-15%",46,2,0.125,4,27.7333333333333,0.491227692757092,1.26666666666667
"10-15%",46,2,0.125,5,26.8666666666667,0.402953812513762,1.4
"10-15%",46,2,0.125,6,25.8,0.323347152738339,1.13333333333333
"10-15%",46,2,0.125,7,24.7333333333333,0.289514717738514,1.13333333333333
"10-15%",46,2,0.125,8,23.6666666666667,0.200272998227949,0.8
"10-15%",46,2,0.125,9,22.4666666666667,0.164485432749036,0.8
"10-15%",46,2,0.125,10,21.8,0.117203931697714,0.733333333333333
"10-15%",46,2,0.125,11,20.4666666666667,0.0772784377358996,0.533333333333333
"10-15%",46,2,0.125,12,20.2,0.0472369324288602,0.8
"10-15%",46,2,0.125,13,18.9333333333333,0.0157514489895352,0.333333333333333
"10-15%",46,2,0.125,14,18.2,-0.0102724059531104,0.266666666666667
"10-15%",46,2,0.125,15,17.9333333333333,-0.00502378755344172,0.2
"10-15%",46,2,0.125,16,17.2,-0.00637892920744501,0.4
"10-15%",46,2,0.125,17,17.6,-0.0036056282463821,0.266666666666667
"10-15%",46,2,0.125,18,17.4,0.0103914764622526,0.133333333333333
"10-15%",46,2,0.125,19,18.6,0.0143249100671898,0.266666666666667
"10-15%",46,2,0.125,20,20.3333333333333,0.0465309816424488,0.6
"10-15%",46,2,0.125,21,20.6,0.0702207516378443,0.266666666666667
"10-15%",46,2,0.125,22,21.8,0.11852542592116,0.6
"10-15%",46,2,0.125,23,22.6666666666667,0.161537853383321,0.533333333333333
"10-15%",46,2,0.125,24,23.4666666666667,0.201919839874646,0.733333333333333
"10-15%",46,2,0.125,25,24.9333333333333,0.276060096818266,1.13333333333333
"10-15%",46,2,0.125,26,25.8666666666667,0.315615983606924,1
"10-15%",46,2,0.125,27,26.8666666666667,0.409080604414448,1.2
"10-15%",46,2,0.125,28,27.8,0.49633602799068,1.6
"10-15%",46,2,0.125,29,28.8,0.604955474169815,1.46666666666667
"10-15%",46,2,0.125,30,29.8,0.713235026413992,1.6
"10-15%",46,2,0.125,31,31,0.839770934402156,1.93333333333333
"10-15%",46,2,0.125,32,32,1,2
"10-15%",52,3,0.125,1,31,0.836560767239503,0.8
"10-15%",52,3,0.125,2,29.9333333333333,0.705221859375259,0.733333333333333
"10-15%",52,3,0.125,3,28.9333333333333,0.565197077323885,0.533333333333333
"10-15%",52,3,0.125,4,27.8,0.49633602799068,0.4
"10-15%",52,3,0.125,5,26.8666666666667,0.386952999508341,0.266666666666667
"10-15%",52,3,0.125,6,25.7333333333333,0.33504702711179,0.0666666666666667
"10-15%",52,3,0.125,7,24.9333333333333,0.257223458826218,0.133333333333333
"10-15%",52,3,0.125,8,23.8666666666667,0.217046833799685,0.4
"10-15%",52,3,0.125,9,22.8666666666667,0.134895229084237,0
"10-15%",52,3,0.125,10,21.9333333333333,0.0860203794526528,0.0666666666666667
"10-15%",52,3,0.125,11,20.8666666666667,0.0758648965871225,0
"10-15%",52,3,0.125,12,19.8666666666667,0.0387726981968869,0.0666666666666667
"10-15%",52,3,0.125,13,18.7333333333333,0.0185747698300861,0.0666666666666667
"10-15%",52,3,0.125,14,17.8,-0.00100506593617906,0.133333333333333
"10-15%",52,3,0.125,15,17.7333333333333,-0.014985669529914,0
"10-15%",52,3,0.125,16,16.7333333333333,-0.00993319229160382,0.2
"10-15%",52,3,0.125,17,17,-0.00502378755344172,0.0666666666666667
"10-15%",52,3,0.125,18,18.0666666666667,0.00045743475698274,0.0666666666666667
"10-15%",52,3,0.125,19,19,0.0157415299881553,0.0666666666666667
"10-15%",52,3,0.125,20,19.8666666666667,0.0408475502741552,0.2
"10-15%",52,3,0.125,21,20.9333333333333,0.0641624796218493,0
"10-15%",52,3,0.125,22,22.0666666666667,0.0989414123752273,0.133333333333333
"10-15%",52,3,0.125,23,23.1333333333333,0.10809546834107,0.133333333333333
"10-15%",52,3,0.125,24,23.7333333333333,0.199047542927224,0.2
"10-15%",52,3,0.125,25,24.8666666666667,0.272023794894042,0.2
"10-15%",52,3,0.125,26,25.8,0.311647278364887,0.133333333333333
"10-15%",52,3,0.125,27,26.8666666666667,0.393079791409026,0.266666666666667
"10-15%",52,3,0.125,28,27.6666666666667,0.490311960598121,0.266666666666667
"10-15%",52,3,0.125,29,28.8666666666667,0.600047195929547,0.666666666666667
"10-15%",52,3,0.125,30,29.9333333333333,0.701215275855892,0.666666666666667
"10-15%",52,3,0.125,31,30.9333333333333,0.83816585082083,0.866666666666667
"10-15%",52,3,0.125,32,32,1,2
"10-15%",53,4,0.125,1,31,0.839770934402156,1
"10-15%",53,4,0.125,2,30,0.697208692336525,1
"10-15%",53,4,0.125,3,28.7333333333333,0.595138917689278,0.666666666666667
"10-15%",53,4,0.125,4,27.8666666666667,0.49633602799068,0.866666666666667
"10-15%",53,4,0.125,5,26.6666666666667,0.415207396315133,0.6
"10-15%",53,4,0.125,6,25.8666666666667,0.333748890678716,0.466666666666667
"10-15%",53,4,0.125,7,24.7333333333333,0.272023794894042,0.533333333333333
"10-15%",53,4,0.125,8,23.9333333333333,0.208100517039933,0.533333333333333
"10-15%",53,4,0.125,9,23,0.149004580136477,0.666666666666667
"10-15%",53,4,0.125,10,22,0.11649283790555,0.466666666666667
"10-15%",53,4,0.125,11,21.1333333333333,0.0556480262038572,0.333333333333333
"10-15%",53,4,0.125,12,20.1333333333333,0.0373337868923044,0.266666666666667
"10-15%",53,4,0.125,13,18.7333333333333,0.0141353125360364,0.333333333333333
"10-15%",53,4,0.125,14,18.1333333333333,0.00826227408075225,0.333333333333333
"10-15%",53,4,0.125,15,17.2666666666667,-0.0036056282463821,0.333333333333333
"10-15%",53,4,0.125,16,17.4,-0.00709290588161691,0.333333333333333
"10-15%",53,4,0.125,17,17.8666666666667,-0.00645933027402881,0.333333333333333
"10-15%",53,4,0.125,18,17.6666666666667,0.00679641927499295,0
"10-15%",53,4,0.125,19,19.0666666666667,0.0242710065180878,0.466666666666667
"10-15%",53,4,0.125,20,19.8,0.0501169588743358,0.333333333333333
"10-15%",53,4,0.125,21,21,0.059980111815423,0.4
"10-15%",53,4,0.125,22,21.8,0.124325195270724,0.666666666666667
"10-15%",53,4,0.125,23,22.9333333333333,0.146371273658929,0.466666666666667
"10-15%",53,4,0.125,24,23.8666666666667,0.185843415904706,0.666666666666667
"10-15%",53,4,0.125,25,24.9333333333333,0.267987492969819,0.866666666666667
"10-15%",53,4,0.125,26,25.8,0.332450754245642,0.666666666666667
"10-15%",53,4,0.125,27,26.8666666666667,0.386952999508341,0.8
"10-15%",53,4,0.125,28,27.7333333333333,0.469878619663769,0.466666666666667
"10-15%",53,4,0.125,29,28.7333333333333,0.600047195929547,0.6
"10-15%",53,4,0.125,30,29.7333333333333,0.705221859375259,0.733333333333333
"10-15%",53,4,0.125,31,31,0.836560767239503,1.13333333333333
"10-15%",53,4,0.125,32,32,1,2
"10-15%",60,5,0.125,1,31,0.839770934402156,1.73333333333333
"10-15%",60,5,0.125,2,29.8,0.709228442894625,1.53333333333333
"10-15%",60,5,0.125,3,28.8666666666667,0.585158304234147,1.4
"10-15%",60,5,0.125,4,27.8666666666667,0.485203625364533,1.13333333333333
"10-15%",60,5,0.125,5,26.8666666666667,0.398016801961394,1.13333333333333
"10-15%",60,5,0.125,6,25.6666666666667,0.348702429372746,0.8
"10-15%",60,5,0.125,7,24.8,0.259914045602866,0.933333333333333
"10-15%",60,5,0.125,8,23.6,0.21978846658143,0.8
"10-15%",60,5,0.125,9,22.6666666666667,0.15177920979111,0.733333333333333
"10-15%",60,5,0.125,10,21.5333333333333,0.112294050934699,0.666666666666667
"10-15%",60,5,0.125,11,20.8,0.0814658153652409,0.6
"10-15%",60,5,0.125,12,19.7333333333333,0.0408701523332935,0.466666666666667
"10-15%",60,5,0.125,13,18.6666666666667,0.011471832222499,0.466666666666667
"10-15%",60,5,0.125,14,17.4,0.0125173247311554,0.266666666666667
"10-15%",60,5,0.125,15,16.8666666666667,-0.00786010616756097,0.266666666666667
"10-15%",60,5,0.125,16,16.2,-0.00708769911938334,0.133333333333333
"10-15%",60,5,0.125,17,16.9333333333333,-0.0121319675022673,0.2
"10-15%",60,5,0.125,18,17.4,0.00897089017038652,0.4
"10-15%",60,5,0.125,19,18.3333333333333,0.0127936533778878,0.133333333333333
"10-15%",60,5,0.125,20,19.3333333333333,0.0508229096607471,0.4
"10-15%",60,5,0.125,21,20.5333333333333,0.0758648965871225,0.533333333333333
"10-15%",60,5,0.125,22,21.4666666666667,0.102272902686907,0.733333333333333
"10-15%",60,5,0.125,23,22.4666666666667,0.15874741046169,0.466666666666667
"10-15%",60,5,0.125,24,23.5333333333333,0.20371204261149,0.733333333333333
"10-15%",60,5,0.125,25,24.8,0.261259760750442,0.866666666666667
"10-15%",60,5,0.125,26,25.5333333333333,0.344150628619094,0.666666666666667
"10-15%",60,5,0.125,27,26.8,0.402953812513762,1.26666666666667
"10-15%",60,5,0.125,28,27.8666666666667,0.491227692757092,1.26666666666667
"10-15%",60,5,0.125,29,28.7333333333333,0.604955474169815,1.4
"10-15%",60,5,0.125,30,29.8666666666667,0.713235026413992,1.6
"10-15%",60,5,0.125,31,30.9333333333333,0.839770934402156,1.6
"10-15%",60,5,0.125,32,32,1,2
"10-15%",62,6,0.125,1,31,0.83816585082083,0.866666666666667
"10-15%",62,6,0.125,2,29.8666666666667,0.713235026413992,0.8
"10-15%",62,6,0.125,3,28.9333333333333,0.565525191273074,0.333333333333333
"10-15%",62,6,0.125,4,28,0.494504563672738,0.733333333333333
"10-15%",62,6,0.125,5,26.8666666666667,0.361718139968136,0.2
"10-15%",62,6,0.125,6,25.8666666666667,0.34285249218602,0.4
"10-15%",62,6,0.125,7,24.8,0.244699221803385,0.0666666666666667
"10-15%",62,6,0.125,8,23.9333333333333,0.201919839874646,0.266666666666667
"10-15%",62,6,0.125,9,23,0.139230123277268,0
"10-15%",62,6,0.125,10,22,0.104654326205791,0.133333333333333
"10-15%",62,6,0.125,11,21.0666666666667,0.0715810469696316,0.0666666666666667
"10-15%",62,6,0.125,12,19.4666666666667,0.0529225676334645,0
"10-15%",62,6,0.125,13,18.2666666666667,0.0213231299078203,0
"10-15%",62,6,0.125,14,18.0666666666667,0.0125206788437529,0.0666666666666667
"10-15%",62,6,0.125,15,17.8,-0.00787748958108844,0
"10-15%",62,6,0.125,16,17.6,-0.00921921561743191,0.0666666666666667
"10-15%",62,6,0.125,17,17.6,-0.00218746893932248,0
"10-15%",62,6,0.125,18,18,0.0103914764622526,0
"10-15%",62,6,0.125,19,18.8,0.0285307852823641,0
"10-15%",62,6,0.125,20,19.8,0.0571670876971756,0.0666666666666667
"10-15%",62,6,0.125,21,21.1333333333333,0.0786869690617616,0.0666666666666667
"10-15%",62,6,0.125,22,22,0.113693646591649,0.2
"10-15%",62,6,0.125,23,22.9333333333333,0.143423694293215,0.0666666666666667
"10-15%",62,6,0.125,24,23.8,0.218417650190558,0.266666666666667
"10-15%",62,6,0.125,25,24.9333333333333,0.266641777822242,0.266666666666667
"10-15%",62,6,0.125,26,25.7333333333333,0.344150628619094,0.2
"10-15%",62,6,0.125,27,26.9333333333333,0.398016801961394,0.4
"10-15%",62,6,0.125,28,27.8666666666667,0.480095290130945,0.333333333333333
"10-15%",62,6,0.125,29,28.8,0.600047195929547,0.6
"10-15%",62,6,0.125,30,29.8666666666667,0.693202108817158,0.466666666666667
"10-15%",62,6,0.125,31,31,0.83816585082083,1
"10-15%",62,6,0.125,32,32,1,2
"10-15%",63,7,0.125,1,30.9333333333333,0.83816585082083,1.73333333333333
"10-15%",63,7,0.125,2,29.7333333333333,0.701215275855892,1.6
"10-15%",63,7,0.125,3,28.8,0.580250025993879,1.4
"10-15%",63,7,0.125,4,27.8666666666667,0.48337216104659,1.2
"10-15%",63,7,0.125,5,26.6666666666667,0.393079791409026,1
"10-15%",63,7,0.125,6,25.6666666666667,0.318795351984687,0.733333333333333
"10-15%",63,7,0.125,7,24.6,0.260845273018785,0.666666666666667
"10-15%",63,7,0.125,8,23.8,0.189006435032423,0.866666666666667
"10-15%",63,7,0.125,9,22.5333333333333,0.157517232078456,0.666666666666667
"10-15%",63,7,0.125,10,21.5333333333333,0.106572383018639,0.533333333333333
"10-15%",63,7,0.125,11,20.3333333333333,0.0843843598280296,0.4
"10-15%",63,7,0.125,12,19.4666666666667,0.0443839157151442,0.333333333333333
"10-15%",63,7,0.125,13,18.4666666666667,0.0228444675957424,0.533333333333333
"10-15%",63,7,0.125,14,17.7333333333333,0.00187802104884878,0.4
"10-15%",63,7,0.125,15,16.5333333333333,-0.00218746893932248,0.2
"10-15%",63,7,0.125,16,16.8666666666667,-0.00993319229160382,0.333333333333333
"10-15%",63,7,0.125,17,16.8,-0.00787748958108844,0.133333333333333
"10-15%",63,7,0.125,18,17.4,0.00187802104884878,0.266666666666667
"10-15%",63,7,0.125,19,18.1333333333333,0.0270943273586387,0.2
"10-15%",63,7,0.125,20,19.4666666666667,0.0500921529788868,0.4
"10-15%",63,7,0.125,21,20.5333333333333,0.0602395112540853,0.466666666666667
"10-15%",63,7,0.125,22,21.7333333333333,0.113083246160367,0.666666666666667
"10-15%",63,7,0.125,23,22.4,0.163082304654721,0.533333333333333
"10-15%",63,7,0.125,24,23.5333333333333,0.212910377814347,0.6
"10-15%",63,7,0.125,25,24.6,0.261259760750442,0.866666666666667
"10-15%",63,7,0.125,26,25.4,0.35780603088005,0.533333333333333
"10-15%",63,7,0.125,27,26.8666666666667,0.393079791409026,1.06666666666667
"10-15%",63,7,0.125,28,27.4666666666667,0.490311960598121,0.8
"10-15%",63,7,0.125,29,29,0.585322361208741,1.46666666666667
"10-15%",63,7,0.125,30,30,0.693202108817158,1.4
"10-15%",63,7,0.125,31,30.9333333333333,0.841376017983483,1.93333333333333
"10-15%",63,7,0.125,32,32,1,2
"10-15%",67,8,0.125,1,31,0.83816585082083,1.33333333333333
"10-15%",67,8,0.125,2,29.6666666666667,0.701215275855892,0.8
"10-15%",67,8,0.125,3,28.8,0.585322361208741,0.8
"10-15%",67,8,0.125,4,27.7333333333333,0.474986954897357,0.733333333333333
"10-15%",67,8,0.125,5,26.4666666666667,0.399206583309712,0.466666666666667
"10-15%",67,8,0.125,6,25.6,0.307095477611235,0.6
"10-15%",67,8,0.125,7,24.6,0.250081238875185,0.6
"10-15%",67,8,0.125,8,23.6,0.21428119420522,0.6
"10-15%",67,8,0.125,9,22.6,0.143423694293215,0.466666666666667
"10-15%",67,8,0.125,10,21.4666666666667,0.118704220715546,0.4
"10-15%",67,8,0.125,11,20.2666666666667,0.0900285047773078,0.2
"10-15%",67,8,0.125,12,19.2,0.0536533243153248,0.266666666666667
"10-15%",67,8,0.125,13,18.3333333333333,0.0299374862019495,0.533333333333333
"10-15%",67,8,0.125,14,17.6,-0.00885517377384182,0.4
"10-15%",67,8,0.125,15,17.6666666666667,-0.00929564888814806,0.333333333333333
"10-15%",67,8,0.125,16,17.4666666666667,-0.00851565246772715,0.266666666666667
"10-15%",67,8,0.125,17,16.4,-0.000769309632262854,0.333333333333333
"10-15%",67,8,0.125,18,17.8,0.00755365799111797,0.533333333333333
"10-15%",67,8,0.125,19,18.5333333333333,0.00712717369402602,0.266666666666667
"10-15%",67,8,0.125,20,19.2,0.0394334448650218,0.2
"10-15%",67,8,0.125,21,20.5333333333333,0.0801487462046135,0.533333333333333
"10-15%",67,8,0.125,22,21.3333333333333,0.121425310595942,0.266666666666667
"10-15%",67,8,0.125,23,22.4666666666667,0.161694989827404,0.466666666666667
"10-15%",67,8,0.125,24,23.6666666666667,0.186938207039755,0.666666666666667
"10-15%",67,8,0.125,25,24.6666666666667,0.26395034752709,0.666666666666667
"10-15%",67,8,0.125,26,25.5333333333333,0.311647278364887,0.533333333333333
"10-15%",67,8,0.125,27,26.6,0.391890010060708,0.6
"10-15%",67,8,0.125,28,27.8,0.479179557971974,0.8
"10-15%",67,8,0.125,29,28.8666666666667,0.585322361208741,0.866666666666667
"10-15%",67,8,0.125,30,29.9333333333333,0.701215275855892,0.933333333333333
"10-15%",67,8,0.125,31,30.8,0.83816585082083,1.26666666666667
"10-15%",67,8,0.125,32,32,1,2
"10-15%",69,9,0.125,1,31,0.836560767239503,1.26666666666667
"10-15%",69,9,0.125,2,29.9333333333333,0.705221859375259,1.13333333333333
"10-15%",69,9,0.125,3,29,0.585158304234147,1
"10-15%",69,9,0.125,4,27.7333333333333,0.495420295831709,0.8
"10-15%",69,9,0.125,5,26.8,0.409080604414448,0.8
"10-15%",69,9,0.125,6,25.8,0.318795351984687,0.8
"10-15%",69,9,0.125,7,24.6,0.248563353124914,0.6
"10-15%",69,9,0.125,8,23.6666666666667,0.176018115566978,0.666666666666667
"10-15%",69,9,0.125,9,22.4,0.142193515909981,0.333333333333333
"10-15%",69,9,0.125,10,21.4,0.107361578244306,0.333333333333333
"10-15%",69,9,0.125,11,20.4,0.0815572775304755,0.4
"10-15%",69,9,0.125,12,18.8666666666667,0.0429946162014598,0.266666666666667
"10-15%",69,9,0.125,13,18.8,0.0256777074376733,0.533333333333333
"10-15%",69,9,0.125,14,17,0.0040072234303491,0.0666666666666667
"10-15%",69,9,0.125,15,16.5333333333333,-0.00927826547462059,0.266666666666667
"10-15%",69,9,0.125,16,16.6666666666667,-0.00425261947163001,0.133333333333333
"10-15%",69,9,0.125,17,16.8666666666667,-0.00362301165990957,0.4
"10-15%",69,9,0.125,18,17.1333333333333,0.00471583951998338,0.133333333333333
"10-15%",69,9,0.125,19,18.5333333333333,0.017073270144924,0.4
"10-15%",69,9,0.125,20,19.2,0.0371099187175018,0.333333333333333
"10-15%",69,9,0.125,21,20.6,0.0829708186792526,0.533333333333333
"10-15%",69,9,0.125,22,21.4,0.112372152368203,0.4
"10-15%",69,9,0.125,23,22.4666666666667,0.150234758519711,0.4
"10-15%",69,9,0.125,24,23.5333333333333,0.196833953844407,0.466666666666667
"10-15%",69,9,0.125,25,24.7333333333333,0.272023794894042,0.733333333333333
"10-15%",69,9,0.125,26,25.3333333333333,0.333748890678716,0.333333333333333
"10-15%",69,9,0.125,27,26.8666666666667,0.396827020613076,0.933333333333333
"10-15%",69,9,0.125,28,27.9333333333333,0.481921120592585,0.933333333333333
"10-15%",69,9,0.125,29,28.7333333333333,0.600047195929547,0.866666666666667
"10-15%",69,9,0.125,30,29.8666666666667,0.697208692336525,0.933333333333333
"10-15%",69,9,0.125,31,30.8666666666667,0.839770934402156,1.46666666666667
"10-15%",69,9,0.125,32,32,1,2
"10-15%",76,10,0.125,1,30.9333333333333,0.833350600076851,1.2
"10-15%",76,10,0.125,2,29.9333333333333,0.713235026413992,1.2
"10-15%",76,10,0.125,3,28.8,0.600047195929547,0.866666666666667
"10-15%",76,10,0.125,4,27.6666666666667,0.485203625364533,0.666666666666667
"10-15%",76,10,0.125,5,26.5333333333333,0.395459354105661,0.533333333333333
"10-15%",76,10,0.125,6,25.6666666666667,0.317497215551613,0.733333333333333
"10-15%",76,10,0.125,7,24.6,0.284132700666714,0.6
"10-15%",76,10,0.125,8,23.6,0.21428119420522,0.6
"10-15%",76,10,0.125,9,22.4666666666667,0.160150538556005,0.466666666666667
"10-15%",76,10,0.125,10,21.7333333333333,0.0889202641274348,0.733333333333333
"10-15%",76,10,0.125,11,20.4666666666667,0.0702207516378443,0.333333333333333
"10-15%",76,10,0.125,12,19.6,0.0472391362651709,0.6
"10-15%",76,10,0.125,13,18.8,0.0256876264390532,0.4
"10-15%",76,10,0.125,14,17.4,0.00471248540738588,0.333333333333333
"10-15%",76,10,0.125,15,17.4,-0.00218746893932248,0.4
"10-15%",76,10,0.125,16,16.2,-0.0106419622035422,0.266666666666667
"10-15%",76,10,0.125,17,17.2666666666667,-0.00502378755344172,0.266666666666667
"10-15%",76,10,0.125,18,17.3333333333333,0.00613642581184942,0.333333333333333
"10-15%",76,10,0.125,19,18.3333333333333,0.0113869524583023,0.266666666666667
"10-15%",76,10,0.125,20,19.4666666666667,0.0458476329151757,0.466666666666667
"10-15%",76,10,0.125,21,20.6,0.0687589744949925,0.533333333333333
"10-15%",76,10,0.125,22,21.4666666666667,0.104562386930406,0.466666666666667
"10-15%",76,10,0.125,23,22.5333333333333,0.153339474329508,0.6
"10-15%",76,10,0.125,24,23.6666666666667,0.207151086995032,0.666666666666667
"10-15%",76,10,0.125,25,24.7333333333333,0.225690413208642,0.733333333333333
"10-15%",76,10,0.125,26,25.4666666666667,0.332450754245642,0.466666666666667
"10-15%",76,10,0.125,27,26.6666666666667,0.395459354105661,0.666666666666667
"10-15%",76,10,0.125,28,27.9333333333333,0.486119357523504,0.933333333333333
"10-15%",76,10,0.125,29,28.8666666666667,0.585158304234147,1
"10-15%",76,10,0.125,30,29.8,0.709228442894625,1.06666666666667
"10-15%",76,10,0.125,31,31,0.836560767239503,1.73333333333333
"10-15%",76,10,0.125,32,32,1,2
"10-15%",78,11,0.125,1,30.8666666666667,0.83816585082083,0.866666666666667
"10-15%",78,11,0.125,2,29.8666666666667,0.695384635257582,0.6
"10-15%",78,11,0.125,3,28.9333333333333,0.594974860714684,0.733333333333333
"10-15%",78,11,0.125,4,27.8666666666667,0.481011022289916,0.266666666666667
"10-15%",78,11,0.125,5,26.9333333333333,0.389332562204976,0.2
"10-15%",78,11,0.125,6,25.9333333333333,0.312945414797961,0.266666666666667
"10-15%",78,11,0.125,7,24.8666666666667,0.261259760750442,0.266666666666667
"10-15%",78,11,0.125,8,23.9333333333333,0.199575586626153,0.0666666666666667
"10-15%",78,11,0.125,9,22.8,0.150391894963794,0.133333333333333
"10-15%",78,11,0.125,10,21.9333333333333,0.104562386930406,0.2
"10-15%",78,11,0.125,11,21.2,0.0659851380144282,0
"10-15%",78,11,0.125,12,19.8,0.0543366730425979,0.0666666666666667
"10-15%",78,11,0.125,13,19.2,0.0200112277538115,0.133333333333333
"10-15%",78,11,0.125,14,18.3333333333333,-0.00597208678881398,0.0666666666666667
"10-15%",78,11,0.125,15,17.9333333333333,-0.00644194686050134,0
"10-15%",78,11,0.125,16,17.7333333333333,-0.00708769911938334,0.2
"10-15%",78,11,0.125,17,17.4666666666667,-0.00502378755344172,0
"10-15%",78,11,0.125,18,18.2,0.00471583951998338,0.0666666666666667
"10-15%",78,11,0.125,19,18.8666666666667,0.021417928673397,0.0666666666666667
"10-15%",78,11,0.125,20,20,0.0337500134967282,0.0666666666666667
"10-15%",78,11,0.125,21,20.9333333333333,0.0744563652612605,0.133333333333333
"10-15%",78,11,0.125,22,21.9333333333333,0.10235100412041,0
"10-15%",78,11,0.125,23,22.9333333333333,0.144983958831612,0.266666666666667
"10-15%",78,11,0.125,24,24.0666666666667,0.140426223243556,0.0666666666666667
"10-15%",78,11,0.125,25,24.8666666666667,0.266641777822242,0.2
"10-15%",78,11,0.125,26,25.8,0.316199079118539,0.266666666666667
"10-15%",78,11,0.125,27,26.7333333333333,0.40414359386208,0.2
"10-15%",78,11,0.125,28,27.8,0.462938820112238,0.333333333333333
"10-15%",78,11,0.125,29,28.8,0.570269412538748,0.333333333333333
"10-15%",78,11,0.125,30,29.9333333333333,0.693202108817158,0.533333333333333
"10-15%",78,11,0.125,31,30.9333333333333,0.83816585082083,0.933333333333333
"10-15%",78,11,0.125,32,32,1,2
"10-15%",81,12,0.125,1,30.9333333333333,0.841376017983483,1.06666666666667
"10-15%",81,12,0.125,2,30,0.713235026413992,1
"10-15%",81,12,0.125,3,28.8,0.55239878243868,0.866666666666667
"10-15%",81,12,0.125,4,27.7333333333333,0.479179557971974,0.733333333333333
"10-15%",81,12,0.125,5,26.8666666666667,0.370952186502919,0.866666666666667
"10-15%",81,12,0.125,6,25.8,0.329197089925064,0.8
"10-15%",81,12,0.125,7,24.6,0.259914045602866,0.6
"10-15%",81,12,0.125,8,23.5333333333333,0.201919839874646,0.466666666666667
"10-15%",81,12,0.125,9,22.8,0.147601452042162,0.666666666666667
"10-15%",81,12,0.125,10,21.5333333333333,0.112982552799485,0.4
"10-15%",81,12,0.125,11,20.8,0.0630665935516395,0.666666666666667
"10-15%",81,12,0.125,12,19.4,0.0493613962970264,0.533333333333333
"10-15%",81,12,0.125,13,19,0.0299474052033295,0.6
"10-15%",81,12,0.125,14,17.2,0.00400386931775161,0.2
"10-15%",81,12,0.125,15,16.7333333333333,-0.00502378755344172,0.133333333333333
"10-15%",81,12,0.125,16,16.8,-0.00851044570549358,0.266666666666667
"10-15%",81,12,0.125,17,16.7333333333333,-0.0107311916087352,0.4
"10-15%",81,12,0.125,18,17.9333333333333,-0.00313091420508189,0.333333333333333
"10-15%",81,12,0.125,19,18.2666666666667,0.0200013087524315,0.266666666666667
"10-15%",81,12,0.125,20,19.4,0.0243267467354705,0.4
"10-15%",81,12,0.125,21,20.4666666666667,0.0729895782954936,0.266666666666667
"10-15%",81,12,0.125,22,21.6,0.12361410147856,0.466666666666667
"10-15%",81,12,0.125,23,22.3333333333333,0.147601452042162,0.333333333333333
"10-15%",81,12,0.125,24,23.5333333333333,0.217720238588762,0.533333333333333
"10-15%",81,12,0.125,25,24.8,0.263951191045595,0.8
"10-15%",81,12,0.125,26,25.5333333333333,0.34285249218602,0.533333333333333
"10-15%",81,12,0.125,27,26.8,0.40414359386208,0.8
"10-15%",81,12,0.125,28,27.9333333333333,0.48939622843915,0.933333333333333
"10-15%",81,12,0.125,29,28.9333333333333,0.590066582474416,0.933333333333333
"10-15%",81,12,0.125,30,30,0.713235026413992,1
"10-15%",81,12,0.125,31,30.8666666666667,0.834955683658177,1.13333333333333
"10-15%",81,12,0.125,32,32,1,2
"10-15%",90,13,0.125,1,30.8666666666667,0.839770934402156,1.06666666666667
"10-15%",90,13,0.125,2,29.8666666666667,0.701215275855892,0.866666666666667
"10-15%",90,13,0.125,3,28.8666666666667,0.585158304234147,0.866666666666667
"10-15%",90,13,0.125,4,27.6666666666667,0.462938820112238,0.666666666666667
"10-15%",90,13,0.125,5,26.7333333333333,0.405333375210397,0.733333333333333
"10-15%",90,13,0.125,6,25.6666666666667,0.311064182853272,0.666666666666667
"10-15%",90,13,0.125,7,24.6,0.248735523727609,0.533333333333333
"10-15%",90,13,0.125,8,23.4666666666667,0.198902181837076,0.4
"10-15%",90,13,0.125,9,22.5333333333333,0.134895229084237,0.466666666666667
"10-15%",90,13,0.125,10,21.7333333333333,0.0833912288476405,0.6
"10-15%",90,13,0.125,11,20.8666666666667,0.0829708186792526,0.466666666666667
"10-15%",90,13,0.125,12,19.8,0.0486532416743043,0.533333333333333
"10-15%",90,13,0.125,13,18.8666666666667,0.0199065099868548,0.266666666666667
"10-15%",90,13,0.125,14,18.2,0.0068416877888862,0.4
"10-15%",90,13,0.125,15,16.8,-0.00645933027402881,0.266666666666667
"10-15%",90,13,0.125,16,18.4666666666667,-0.00921921561743191,0.466666666666667
"10-15%",90,13,0.125,17,17,-0.00502378755344172,0.266666666666667
"10-15%",90,13,0.125,18,17.7333333333333,0.00613307169925193,0.333333333333333
"10-15%",90,13,0.125,19,18.4666666666667,0.0256876264390532,0.333333333333333
"10-15%",90,13,0.125,20,19.8,0.0264716088264643,0.533333333333333
"10-15%",90,13,0.125,21,20.5333333333333,0.0616530524028624,0.466666666666667
"10-15%",90,13,0.125,22,21.6,0.110871863350371,0.466666666666667
"10-15%",90,13,0.125,23,22.4666666666667,0.146214137214846,0.466666666666667
"10-15%",90,13,0.125,24,23.4666666666667,0.192024093069993,0.4
"10-15%",90,13,0.125,25,24.5333333333333,0.27471438167069,0.533333333333333
"10-15%",90,13,0.125,26,25.6666666666667,0.35780603088005,0.666666666666667
"10-15%",90,13,0.125,27,26.6666666666667,0.386952999508341,0.666666666666667
"10-15%",90,13,0.125,28,27.9333333333333,0.491227692757092,0.933333333333333
"10-15%",90,13,0.125,29,28.9333333333333,0.595138917689278,0.933333333333333
"10-15%",90,13,0.125,30,30,0.697208692336525,1.06666666666667
"10-15%",90,13,0.125,31,31,0.83816585082083,1.13333333333333
"10-15%",90,13,0.125,32,32,1,2
"10-15%",93,14,0.125,1,30.9333333333333,0.839770934402156,1.53333333333333
"10-15%",93,14,0.125,2,29.7333333333333,0.701215275855892,1.33333333333333
"10-15%",93,14,0.125,3,29,0.585322361208741,1.46666666666667
"10-15%",93,14,0.125,4,27.6,0.511661033691444,0.733333333333333
"10-15%",93,14,0.125,5,26.9333333333333,0.393079791409026,1
"10-15%",93,14,0.125,6,25.6666666666667,0.322049016305265,0.733333333333333
"10-15%",93,14,0.125,7,24.6666666666667,0.262190144647857,0.6
"10-15%",93,14,0.125,8,23.6,0.195041751107563,0.6
"10-15%",93,14,0.125,9,22.3333333333333,0.163098117921719,0.4
"10-15%",93,14,0.125,10,21.7333333333333,0.103062097912574,0.666666666666667
"10-15%",93,14,0.125,11,20.8,0.0730478339353985,0.6
"10-15%",93,14,0.125,12,19.5333333333333,0.0508003076016089,0.466666666666667
"10-15%",93,14,0.125,13,18.3333333333333,0.0128983711448444,0.333333333333333
"10-15%",93,14,0.125,14,18.1333333333333,0.00542445560961765,0.533333333333333
"10-15%",93,14,0.125,15,17.1333333333333,-0.00504117096696919,0.4
"10-15%",93,14,0.125,16,16.8666666666667,-0.00637892920744501,0.133333333333333
"10-15%",93,14,0.125,17,16.6666666666667,-0.00787748958108844,0.333333333333333
"10-15%",93,14,0.125,18,17.6666666666667,0.00897089017038652,0.333333333333333
"10-15%",93,14,0.125,19,17.9333333333333,0.0157415299881553,0.2
"10-15%",93,14,0.125,20,19.7333333333333,0.0458228270197267,0.6
"10-15%",93,14,0.125,21,20.6,0.0659851380144282,0.466666666666667
"10-15%",93,14,0.125,22,21.4,0.105961982587356,0.4
"10-15%",93,14,0.125,23,22.6666666666667,0.150564844674875,0.6
"10-15%",93,14,0.125,24,23.6666666666667,0.203290656265519,0.666666666666667
"10-15%",93,14,0.125,25,24.6,0.266641777822242,0.666666666666667
"10-15%",93,14,0.125,26,25.7333333333333,0.311138478796088,0.733333333333333
"10-15%",93,14,0.125,27,26.7333333333333,0.388142780856658,0.866666666666667
"10-15%",93,14,0.125,28,27.6,0.484287893205562,0.8
"10-15%",93,14,0.125,29,28.6666666666667,0.585322361208741,1
"10-15%",93,14,0.125,30,29.8,0.709228442894625,1.53333333333333
"10-15%",93,14,0.125,31,31,0.83816585082083,1.73333333333333
"10-15%",93,14,0.125,32,32,1,2
"10-15%",94,15,0.125,1,31,0.841376017983483,2
"10-15%",94,15,0.125,2,29.8666666666667,0.711410969335049,1.53333333333333
"10-15%",94,15,0.125,3,29,0.595138917689278,1.8
"10-15%",94,15,0.125,4,27.4,0.49633602799068,1
"10-15%",94,15,0.125,5,26.6,0.402953812513762,0.933333333333333
"10-15%",94,15,0.125,6,25.6,0.333748890678716,0.8
"10-15%",94,15,0.125,7,24.6666666666667,0.262604632379514,1
"10-15%",94,15,0.125,8,23.6,0.184196574258009,0.933333333333333
"10-15%",94,15,0.125,9,22.8666666666667,0.131118424441874,0.666666666666667
"10-15%",94,15,0.125,10,22.2,0.113693646591649,0.866666666666667
"10-15%",94,15,0.125,11,20.5333333333333,0.0715810469696316,0.666666666666667
"10-15%",94,15,0.125,12,19.6666666666667,0.0507777055424706,0.533333333333333
"10-15%",94,15,0.125,13,19,0.00713709269540599,0.733333333333333
"10-15%",94,15,0.125,14,18.3333333333333,0.00400386931775161,0.4
"10-15%",94,15,0.125,15,17.1333333333333,-0.00786010616756097,0.133333333333333
"10-15%",94,15,0.125,16,18.2,-0.00780167579355525,0.466666666666667
"10-15%",94,15,0.125,17,18.2666666666667,-0.0036056282463821,0.466666666666667
"10-15%",94,15,0.125,18,18.6666666666667,-0.00238038371415185,0.266666666666667
"10-15%",94,15,0.125,19,19.0666666666667,0.0156467312225786,0.6
"10-15%",94,15,0.125,20,20.2,0.0355149454155315,0.733333333333333
"10-15%",94,15,0.125,21,21.0666666666667,0.0542344850550802,0.8
"10-15%",94,15,0.125,22,21.6666666666667,0.10667307637952,0.533333333333333
"10-15%",94,15,0.125,23,22.8,0.150218945252712,1
"10-15%",94,15,0.125,24,23.5333333333333,0.200272998227949,0.866666666666667
"10-15%",94,15,0.125,25,24.6,0.269333208117395,0.933333333333333
"10-15%",94,15,0.125,26,26,0.312945414797961,1.26666666666667
"10-15%",94,15,0.125,27,26.8666666666667,0.393079791409026,1.2
"10-15%",94,15,0.125,28,27.4,0.501444363224268,1.06666666666667
"10-15%",94,15,0.125,29,28.9333333333333,0.585322361208741,1.6
"10-15%",94,15,0.125,30,29.9333333333333,0.709228442894625,1.8
"10-15%",94,15,0.125,31,31,0.830140432914198,1.6
"10-15%",94,15,0.125,32,32,1,2
"10-15%",98,16,0.125,1,30.7333333333333,0.839770934402156,0.666666666666667
"10-15%",98,16,0.125,2,30,0.701215275855892,0.733333333333333
"10-15%",98,16,0.125,3,29,0.590066582474416,0.733333333333333
"10-15%",98,16,0.125,4,27.9333333333333,0.491227692757092,0.466666666666667
"10-15%",98,16,0.125,5,26.8,0.409080604414448,0.333333333333333
"10-15%",98,16,0.125,6,25.8,0.323347152738339,0.133333333333333
"10-15%",98,16,0.125,7,24.7333333333333,0.284132700666714,0.266666666666667
"10-15%",98,16,0.125,8,23.9333333333333,0.185567390648882,0.266666666666667
"10-15%",98,16,0.125,9,22.9333333333333,0.15612991725114,0.2
"10-15%",98,16,0.125,10,21.8666666666667,0.110793761916867,0.2
"10-15%",98,16,0.125,11,20.9333333333333,0.0588309799282233,0
"10-15%",98,16,0.125,12,19.5333333333333,0.0614364136563357,0.0666666666666667
"10-15%",98,16,0.125,13,18.9333333333333,0.0200013087524315,0
"10-15%",98,16,0.125,14,18.4,-0.00601400119010974,0.0666666666666667
"10-15%",98,16,0.125,15,17.8,-0.0036056282463821,0.0666666666666667
"10-15%",98,16,0.125,16,17.3333333333333,-0.00638413596967858,0.2
"10-15%",98,16,0.125,17,17.9333333333333,-0.00644194686050134,0.133333333333333
"10-15%",98,16,0.125,18,18.0666666666667,0.0110967384392893,0
"10-15%",98,16,0.125,19,19.2666666666667,0.0185846888314661,0.0666666666666667
"10-15%",98,16,0.125,20,20.2666666666667,0.0330418588740061,0.2
"10-15%",98,16,0.125,21,20.8666666666667,0.0659369020203534,0.0666666666666667
"10-15%",98,16,0.125,22,21.8666666666667,0.0969314162869945,0.2
"10-15%",98,16,0.125,23,22.9333333333333,0.137685672005869,0.0666666666666667
"10-15%",98,16,0.125,24,23.9333333333333,0.199575586626153,0.133333333333333
"10-15%",98,16,0.125,25,24.9333333333333,0.260429941768624,0.4
"10-15%",98,16,0.125,26,25.9333333333333,0.312945414797961,0.266666666666667
"10-15%",98,16,0.125,27,26.8666666666667,0.378268759751922,0.0666666666666667
"10-15%",98,16,0.125,28,27.7333333333333,0.484287893205562,0.4
"10-15%",98,16,0.125,29,28.8,0.575177690779016,0.4
"10-15%",98,16,0.125,30,29.8666666666667,0.689195525297791,0.4
"10-15%",98,16,0.125,31,31,0.836560767239503,0.933333333333333
"10-15%",98,16,0.125,32,32,1,2
"10-15%",108,17,0.125,1,30.8666666666667,0.833350600076851,1.73333333333333
"10-15%",108,17,0.125,2,29.6666666666667,0.699391218776949,1.26666666666667
"10-15%",108,17,0.125,3,28.9333333333333,0.595138917689278,1.73333333333333
"10-15%",108,17,0.125,4,27.8,0.486119357523504,1.33333333333333
"10-15%",108,17,0.125,5,26.8,0.402953812513762,1.13333333333333
"10-15%",108,17,0.125,6,25.8,0.333748890678716,1.06666666666667
"10-15%",108,17,0.125,7,24.4666666666667,0.262605475898018,0.866666666666667
"10-15%",108,17,0.125,8,23.6,0.207151086995032,0.733333333333333
"10-15%",108,17,0.125,9,22.4666666666667,0.161537853383321,0.533333333333333
"10-15%",108,17,0.125,10,21.8666666666667,0.117203931697714,0.666666666666667
"10-15%",108,17,0.125,11,20.6666666666667,0.0673454333462154,0.333333333333333
"10-15%",108,17,0.125,12,18.6,0.0486554455106151,0.333333333333333
"10-15%",108,17,0.125,13,18.5333333333333,0.0185846888314661,0.333333333333333
"10-15%",108,17,0.125,14,17.8666666666667,0.00112413644532125,0.133333333333333
"10-15%",108,17,0.125,15,17.6666666666667,-0.00502378755344172,0.466666666666667
"10-15%",108,17,0.125,16,17.6666666666667,-0.00567536605774024,0.466666666666667
"10-15%",108,17,0.125,17,17.0666666666667,-0.00362301165990957,0.133333333333333
"10-15%",108,17,0.125,18,18.1333333333333,0.00755365799111797,0.466666666666667
"10-15%",108,17,0.125,19,18.6,0.0129082901462244,0.266666666666667
"10-15%",108,17,0.125,20,19.6666666666667,0.0465309816424488,0.4
"10-15%",108,17,0.125,21,21.1333333333333,0.0772734279129846,0.8
"10-15%",108,17,0.125,22,21.6,0.100873307029956,0.6
"10-15%",108,17,0.125,23,22.6666666666667,0.143423694293215,0.666666666666667
"10-15%",108,17,0.125,24,23.6,0.214978605807016,0.866666666666667
"10-15%",108,17,0.125,25,24.6,0.267572161719657,0.866666666666667
"10-15%",108,17,0.125,26,25.8,0.320750879872191,1.06666666666667
"10-15%",108,17,0.125,27,26.8666666666667,0.415207396315133,1.13333333333333
"10-15%",108,17,0.125,28,27.6666666666667,0.506552698457856,1.33333333333333
"10-15%",108,17,0.125,29,28.9333333333333,0.575505804728205,1.46666666666667
"10-15%",108,17,0.125,30,29.8,0.693202108817158,1.6
"10-15%",108,17,0.125,31,30.8666666666667,0.841376017983483,1.8
"10-15%",108,17,0.125,32,32,1,2
"10-15%",111,18,0.125,1,31,0.83816585082083,1
"10-15%",111,18,0.125,2,30,0.705221859375259,0.8
"10-15%",111,18,0.125,3,28.8666666666667,0.585322361208741,0.466666666666667
"10-15%",111,18,0.125,4,27.8666666666667,0.485203625364533,0.4
"10-15%",111,18,0.125,5,26.9333333333333,0.409080604414448,0.533333333333333
"10-15%",111,18,0.125,6,25.8,0.34285249218602,0.4
"10-15%",111,18,0.125,7,24.9333333333333,0.261259760750442,0.333333333333333
"10-15%",111,18,0.125,8,23.8666666666667,0.216349422197889,0.266666666666667
"10-15%",111,18,0.125,9,22.9333333333333,0.136282543911554,0.0666666666666667
"10-15%",111,18,0.125,10,21.7333333333333,0.108783765828635,0.133333333333333
"10-15%",111,18,0.125,11,21,0.0684463292393403,0.2
"10-15%",111,18,0.125,12,20,0.0529451696926027,0.0666666666666667
"10-15%",111,18,0.125,13,19,0.0270943273586387,0
"10-15%",111,18,0.125,14,18.9333333333333,-0.00171368202581334,0
"10-15%",111,18,0.125,15,17.9333333333333,-0.00929564888814806,0.0666666666666667
"10-15%",111,18,0.125,16,17.0666666666667,-0.00638413596967858,0
"10-15%",111,18,0.125,17,17.1333333333333,-0.00927826547462059,0.0666666666666667
"10-15%",111,18,0.125,18,17.9333333333333,0.00968286037261829,0
"10-15%",111,18,0.125,19,19.2,0.00998025153871683,0.0666666666666667
"10-15%",111,18,0.125,20,19.8666666666667,0.0479698929470312,0.2
"10-15%",111,18,0.125,21,20.9333333333333,0.0759181424041123,0.2
"10-15%",111,18,0.125,22,21.8,0.116593531266431,0
"10-15%",111,18,0.125,23,22.8,0.160307675000088,0.0666666666666667
"10-15%",111,18,0.125,24,23.8666666666667,0.211960947769446,0.4
"10-15%",111,18,0.125,25,24.7333333333333,0.276060096818266,0.133333333333333
"10-15%",111,18,0.125,26,26,0.326600817058917,0.466666666666667
"10-15%",111,18,0.125,27,26.6666666666667,0.425081417419869,0.333333333333333
"10-15%",111,18,0.125,28,27.8666666666667,0.490311960598121,0.466666666666667
"10-15%",111,18,0.125,29,29,0.570433469513342,0.533333333333333
"10-15%",111,18,0.125,30,29.9333333333333,0.697208692336525,0.6
"10-15%",111,18,0.125,31,30.9333333333333,0.839770934402156,0.933333333333333
"10-15%",111,18,0.125,32,32,1,2
"10-15%",114,19,0.125,1,30.8,0.839770934402156,1.26666666666667
"10-15%",114,19,0.125,2,29.8666666666667,0.705221859375259,1
"10-15%",114,19,0.125,3,28.9333333333333,0.604955474169815,0.933333333333333
"10-15%",114,19,0.125,4,27.9333333333333,0.500528631065297,0.933333333333333
"10-15%",114,19,0.125,5,26.8,0.396827020613076,0.8
"10-15%",114,19,0.125,6,25.7333333333333,0.315615983606924,0.733333333333333
"10-15%",114,19,0.125,7,24.4666666666667,0.264880731424505,0.4
"10-15%",114,19,0.125,8,23.6666666666667,0.189006435032423,0.6
"10-15%",114,19,0.125,9,22.4666666666667,0.15874741046169,0.466666666666667
"10-15%",114,19,0.125,10,21.3333333333333,0.0994511194456282,0.333333333333333
"10-15%",114,19,0.125,11,20.4666666666667,0.0616530524028624,0.466666666666667
"10-15%",114,19,0.125,12,19.5333333333333,0.0423090636378759,0.333333333333333
"10-15%",114,19,0.125,13,18.2,0.0228444675957424,0.2
"10-15%",114,19,0.125,14,17.4666666666667,0.00826227408075225,0.533333333333333
"10-15%",114,19,0.125,15,16.6666666666667,-0.00502378755344172,0.2
"10-15%",114,19,0.125,16,16.9333333333333,-0.0149049951996393,0.266666666666667
"10-15%",114,19,0.125,17,16.8,-0.0107311916087352,0.333333333333333
"10-15%",114,19,0.125,18,17.7333333333333,0.000412166243089487,0.333333333333333
"10-15%",114,19,0.125,19,18.5333333333333,0.0228444675957424,0.466666666666667
"10-15%",114,19,0.125,20,19.2666666666667,0.0515310642834692,0.333333333333333
"10-15%",114,19,0.125,21,20.7333333333333,0.0516768218420185,0.6
"10-15%",114,19,0.125,22,21.4,0.105351582156074,0.4
"10-15%",114,19,0.125,23,22.6666666666667,0.143423694293215,0.6
"10-15%",114,19,0.125,24,23.2666666666667,0.204661472656391,0.266666666666667
"10-15%",114,19,0.125,25,24.3333333333333,0.261259760750442,0.333333333333333
"10-15%",114,19,0.125,26,25.6666666666667,0.341554355752946,0.666666666666667
"10-15%",114,19,0.125,27,26.6666666666667,0.409080604414448,0.666666666666667
"10-15%",114,19,0.125,28,27.6666666666667,0.486119357523504,0.666666666666667
"10-15%",114,19,0.125,29,28.7333333333333,0.600047195929547,0.733333333333333
"10-15%",114,19,0.125,30,30,0.701215275855892,1.13333333333333
"10-15%",114,19,0.125,31,30.8666666666667,0.834955683658177,1.4
"10-15%",114,19,0.125,32,32,1,2
"10-15%",117,20,0.125,1,30.8666666666667,0.839770934402156,1.8
"10-15%",117,20,0.125,2,29.9333333333333,0.693202108817158,1.6
"10-15%",117,20,0.125,3,29.2666666666667,0.595138917689278,1.86666666666667
"10-15%",117,20,0.125,4,28.1333333333333,0.481011022289916,1.4
"10-15%",117,20,0.125,5,27.2,0.412827833618498,1.46666666666667
"10-15%",117,20,0.125,6,26.0666666666667,0.353254230126398,1.46666666666667
"10-15%",117,20,0.125,7,25.4666666666667,0.229898885735561,1
"10-15%",117,20,0.125,8,24.3333333333333,0.208100517039933,1.26666666666667
"10-15%",117,20,0.125,9,23.5333333333333,0.171469446686614,1.4
"10-15%",117,20,0.125,10,22.8666666666667,0.109472267693421,1.26666666666667
"10-15%",117,20,0.125,11,21.8,0.0701242796496947,0.8
"10-15%",117,20,0.125,12,20.8666666666667,0.0287499308557077,0.733333333333333
"10-15%",117,20,0.125,13,20.7333333333333,0.0128983711448444,0.8
"10-15%",117,20,0.125,14,19.4,-0.00100506593617906,0.4
"10-15%",117,20,0.125,15,19,-0.00645933027402881,0.6
"10-15%",117,20,0.125,16,18.2666666666667,-0.00638413596967858,0.6
"10-15%",117,20,0.125,17,18.9333333333333,-0.0107138081952077,0.4
"10-15%",117,20,0.125,18,18.9333333333333,0.00258663713848306,0.333333333333333
"10-15%",117,20,0.125,19,20.0666666666667,0.0200013087524315,0.666666666666667
"10-15%",117,20,0.125,20,20.8,0.0472617383243091,0.8
"10-15%",117,20,0.125,21,21.4666666666667,0.0772784377358996,0.733333333333333
"10-15%",117,20,0.125,22,22.4666666666667,0.10527348072257,0.866666666666667
"10-15%",117,20,0.125,23,23.2,0.1404761149275,0.866666666666667
"10-15%",117,20,0.125,24,24.4666666666667,0.165630535949428,0.8
"10-15%",117,20,0.125,25,25.5333333333333,0.248735523727609,1.2
"10-15%",117,20,0.125,26,26.2,0.338300691432368,1.53333333333333
"10-15%",117,20,0.125,27,26.7333333333333,0.434955438524605,1.33333333333333
"10-15%",117,20,0.125,28,27.8666666666667,0.485203625364533,1.53333333333333
"10-15%",117,20,0.125,29,29.1333333333333,0.580250025993879,1.66666666666667
"10-15%",117,20,0.125,30,29.9333333333333,0.709228442894625,1.86666666666667
"10-15%",117,20,0.125,31,30.8666666666667,0.839770934402156,1.86666666666667
"10-15%",117,20,0.125,32,32,1,2
"15-20%",5,1,0.15625,1,30.9333333333333,0.852937679289504,1.33333333333333
"15-20%",5,1,0.15625,2,29.8,0.729204478903348,1.13333333333333
"15-20%",5,1,0.15625,3,28.9333333333333,0.606317975959787,1.06666666666667
"15-20%",5,1,0.15625,4,27.8666666666667,0.52422309622028,0.933333333333333
"15-20%",5,1,0.15625,5,26.6666666666667,0.410573602061159,0.8
"15-20%",5,1,0.15625,6,25.6,0.327840603226353,0.6
"15-20%",5,1,0.15625,7,24.6,0.298734829895331,0.6
"15-20%",5,1,0.15625,8,23.6,0.230484621215027,0.6
"15-20%",5,1,0.15625,9,22.4,0.170772309688488,0.4
"15-20%",5,1,0.15625,10,21.3333333333333,0.112130358129331,0.333333333333333
"15-20%",5,1,0.15625,11,19.9333333333333,0.0724380923593636,0.133333333333333
"15-20%",5,1,0.15625,12,19.4666666666667,0.0453011490263632,0.4
"15-20%",5,1,0.15625,13,18.1333333333333,0.00540761338406774,0.333333333333333
"15-20%",5,1,0.15625,14,16.9333333333333,0.0078134207070024,0.333333333333333
"15-20%",5,1,0.15625,15,16.1333333333333,-0.00451437176463779,0.266666666666667
"15-20%",5,1,0.15625,16,16,-0.00881859752749548,0.2
"15-20%",5,1,0.15625,17,16.4,-0.00171338405217996,0.266666666666667
"15-20%",5,1,0.15625,18,16.8666666666667,0.0100373803066719,0.133333333333333
"15-20%",5,1,0.15625,19,18.2,0.0180618198218551,0.333333333333333
"15-20%",5,1,0.15625,20,19.0666666666667,0.0374928704108084,0.333333333333333
"15-20%",5,1,0.15625,21,20.6,0.0734545845516525,0.533333333333333
"15-20%",5,1,0.15625,22,21.4666666666667,0.103111863337573,0.466666666666667
"15-20%",5,1,0.15625,23,22.4,0.16504763054915,0.333333333333333
"15-20%",5,1,0.15625,24,23.4,0.231511878837866,0.4
"15-20%",5,1,0.15625,25,24.6,0.279969710706669,0.6
"15-20%",5,1,0.15625,26,25.8,0.36664661507988,0.8
"15-20%",5,1,0.15625,27,26.8666666666667,0.418662534704452,0.866666666666667
"15-20%",5,1,0.15625,28,27.8,0.513933086788852,0.866666666666667
"15-20%",5,1,0.15625,29,28.8,0.61485720157168,0.866666666666667
"15-20%",5,1,0.15625,30,29.8,0.723175043264507,1.06666666666667
"15-20%",5,1,0.15625,31,30.8666666666667,0.854864622840508,1.53333333333333
"15-20%",5,1,0.15625,32,32,1,2
"15-20%",15,2,0.1875,1,30.9333333333333,0.864328717987893,1.2
"15-20%",15,2,0.1875,2,29.9333333333333,0.73901887844244,1.06666666666667
"15-20%",15,2,0.1875,3,28.8,0.632971033064971,0.8
"15-20%",15,2,0.1875,4,27.8666666666667,0.530476646869155,0.866666666666667
"15-20%",15,2,0.1875,5,26.6,0.443543451016207,0.6
"15-20%",15,2,0.1875,6,25.5333333333333,0.35152979625899,0.533333333333333
"15-20%",15,2,0.1875,7,24.5333333333333,0.286622009696336,0.533333333333333
"15-20%",15,2,0.1875,8,23.3333333333333,0.226381506531607,0.333333333333333
"15-20%",15,2,0.1875,9,22.6666666666667,0.181166502904161,0.6
"15-20%",15,2,0.1875,10,21.6,0.117899794017238,0.6
"15-20%",15,2,0.1875,11,19.9333333333333,0.0842076525553108,0.2
"15-20%",15,2,0.1875,12,19.4,0.046712068867109,0.6
"15-20%",15,2,0.1875,13,17.8,0.0196790995602358,0.266666666666667
"15-20%",15,2,0.1875,14,17.3333333333333,0.0059172486184527,0.533333333333333
"15-20%",15,2,0.1875,15,16.5333333333333,-0.00804910567250442,0.266666666666667
"15-20%",15,2,0.1875,16,16.0666666666667,-0.00840913932464043,0.466666666666667
"15-20%",15,2,0.1875,17,16.2,-0.00450059699884621,0.4
"15-20%",15,2,0.1875,18,17.0666666666667,0.00633460621307488,0.4
"15-20%",15,2,0.1875,19,18.1333333333333,0.02416205778806,0.4
"15-20%",15,2,0.1875,20,18.6,0.0559843758371813,0.333333333333333
"15-20%",15,2,0.1875,21,20.2,0.0982751101247003,0.4
"15-20%",15,2,0.1875,22,21.6,0.123522748978138,0.533333333333333
"15-20%",15,2,0.1875,23,22.8,0.166607027466719,0.8
"15-20%",15,2,0.1875,24,23.6,0.23107424309684,0.6
"15-20%",15,2,0.1875,25,24.6666666666667,0.279361870225642,0.666666666666667
"15-20%",15,2,0.1875,26,25.6,0.359150685964533,0.6
"15-20%",15,2,0.1875,27,26.7333333333333,0.438123695531211,0.733333333333333
"15-20%",15,2,0.1875,28,27.7333333333333,0.530611599488082,0.733333333333333
"15-20%",15,2,0.1875,29,28.9333333333333,0.634508787783733,0.933333333333333
"15-20%",15,2,0.1875,30,29.9333333333333,0.742072639158041,1
"15-20%",15,2,0.1875,31,30.7333333333333,0.863721530604187,1.13333333333333
"15-20%",15,2,0.1875,32,32,1,2
"15-20%",26,3,0.15625,1,31.0666666666667,0.854864622840508,2
"15-20%",26,3,0.15625,2,30.1333333333333,0.726620954074803,1.73333333333333
"15-20%",26,3,0.15625,3,29.1333333333333,0.603049804536094,1.6
"15-20%",26,3,0.15625,4,27.7333333333333,0.525027470859992,1.33333333333333
"15-20%",26,3,0.15625,5,27.2666666666667,0.424099068824802,1.6
"15-20%",26,3,0.15625,6,26.2,0.348718229504681,1.33333333333333
"15-20%",26,3,0.15625,7,25.0666666666667,0.275309978092113,1.33333333333333
"15-20%",26,3,0.15625,8,24.5333333333333,0.2219138853372,1.26666666666667
"15-20%",26,3,0.15625,9,23.3333333333333,0.160086215652619,1
"15-20%",26,3,0.15625,10,22.6666666666667,0.119698660118342,1
"15-20%",26,3,0.15625,11,21.3333333333333,0.0880070791601793,1
"15-20%",26,3,0.15625,12,20.1333333333333,0.0476351103226961,0.666666666666667
"15-20%",26,3,0.15625,13,20.1333333333333,0.023139370616674,0.533333333333333
"15-20%",26,3,0.15625,14,18.7333333333333,0.00220429910745587,0.333333333333333
"15-20%",26,3,0.15625,15,19.3333333333333,-0.0101488788179201,0.333333333333333
"15-20%",26,3,0.15625,16,18.2,-0.00656781534023109,0.4
"15-20%",26,3,0.15625,17,18.4666666666667,0.00163899258916128,0.6
"15-20%",26,3,0.15625,18,18.5333333333333,0.00669597172934847,0.533333333333333
"15-20%",26,3,0.15625,19,19.8666666666667,0.0220224890085701,0.6
"15-20%",26,3,0.15625,20,20.4,0.0430701503443712,0.6
"15-20%",26,3,0.15625,21,22,0.0606722556239242,0.866666666666667
"15-20%",26,3,0.15625,22,22.8666666666667,0.123158795462832,0.866666666666667
"15-20%",26,3,0.15625,23,23.4666666666667,0.18189970382157,1.13333333333333
"15-20%",26,3,0.15625,24,24.2666666666667,0.226141324882677,1.13333333333333
"15-20%",26,3,0.15625,25,25.2,0.288870971540692,1.33333333333333
"15-20%",26,3,0.15625,26,26.5333333333333,0.335659819478926,1.4
"15-20%",26,3,0.15625,27,27.2,0.435493280087592,1.53333333333333
"15-20%",26,3,0.15625,28,28.2666666666667,0.502777673749915,1.46666666666667
"15-20%",26,3,0.15625,29,28.9333333333333,0.595980926152692,1.66666666666667
"15-20%",26,3,0.15625,30,30.2666666666667,0.722312657282757,1.93333333333333
"15-20%",26,3,0.15625,31,31.1333333333333,0.852937679289504,1.93333333333333
"15-20%",26,3,0.15625,32,32,1,2
"15-20%",28,4,0.1875,1,30.9333333333333,0.863721530604187,1.26666666666667
"15-20%",28,4,0.1875,2,29.8,0.73901887844244,0.866666666666667
"15-20%",28,4,0.1875,3,28.8666666666667,0.641545804623741,0.866666666666667
"15-20%",28,4,0.1875,4,27.7333333333333,0.547312016514123,0.733333333333333
"15-20%",28,4,0.1875,5,26.8,0.4301749543681,0.8
"15-20%",28,4,0.1875,6,25.6666666666667,0.370715101088314,0.666666666666667
"15-20%",28,4,0.1875,7,24.5333333333333,0.28804671939033,0.533333333333333
"15-20%",28,4,0.1875,8,23.3333333333333,0.227647410973484,0.333333333333333
"15-20%",28,4,0.1875,9,22.5333333333333,0.157281844697584,0.533333333333333
"15-20%",28,4,0.1875,10,21.2666666666667,0.132216473398671,0.533333333333333
"15-20%",28,4,0.1875,11,20.6,0.0763322892090182,0.466666666666667
"15-20%",28,4,0.1875,12,18.8666666666667,0.0489220683020698,0.133333333333333
"15-20%",28,4,0.1875,13,18.2666666666667,0.0312307237527329,0.2
"15-20%",28,4,0.1875,14,17.4666666666667,0.00146856657625969,0.4
"15-20%",28,4,0.1875,15,16.0666666666667,-0.00538507759027115,0.2
"15-20%",28,4,0.1875,16,16.4666666666667,-0.00929653389873632,0.0666666666666667
"15-20%",28,4,0.1875,17,16.4666666666667,-0.00183656891661294,0.333333333333333
"15-20%",28,4,0.1875,18,17.4666666666667,-0.00212240611006011,0.466666666666667
"15-20%",28,4,0.1875,19,17.8,0.0143208075544923,0.333333333333333
"15-20%",28,4,0.1875,20,19.4666666666667,0.0431867184374055,0.466666666666667
"15-20%",28,4,0.1875,21,19.5333333333333,0.0833368460984451,0.333333333333333
"15-20%",28,4,0.1875,22,21.4666666666667,0.127859755383474,0.4
"15-20%",28,4,0.1875,23,22.6,0.17603477092383,0.533333333333333
"15-20%",28,4,0.1875,24,23.6,0.22242163725772,0.6
"15-20%",28,4,0.1875,25,24.7333333333333,0.280098646725719,0.733333333333333
"15-20%",28,4,0.1875,26,25.6,0.35067987654941,0.6
"15-20%",28,4,0.1875,27,26.6,0.446253328758705,0.6
"15-20%",28,4,0.1875,28,27.6666666666667,0.518359350375473,0.666666666666667
"15-20%",28,4,0.1875,29,28.7333333333333,0.638969298754812,0.733333333333333
"15-20%",28,4,0.1875,30,29.9333333333333,0.740751793294827,0.933333333333333
"15-20%",28,4,0.1875,31,30.8,0.863721530604187,1.13333333333333
"15-20%",28,4,0.1875,32,32,1,2
"15-20%",32,5,0.1875,1,30.9333333333333,0.864328717987893,1.33333333333333
"15-20%",32,5,0.1875,2,30,0.740339724305654,1.06666666666667
"15-20%",32,5,0.1875,3,28.9333333333333,0.630740777579431,1
"15-20%",32,5,0.1875,4,27.8,0.530798760484626,0.8
"15-20%",32,5,0.1875,5,26.8,0.440115596115542,0.8
"15-20%",32,5,0.1875,6,25.8,0.346378702578703,0.8
"15-20%",32,5,0.1875,7,24.5333333333333,0.286361866127694,0.533333333333333
"15-20%",32,5,0.1875,8,23.4,0.235274863889415,0.4
"15-20%",32,5,0.1875,9,22.6,0.177727862952526,0.6
"15-20%",32,5,0.1875,10,21.2666666666667,0.126099748069719,0.266666666666667
"15-20%",32,5,0.1875,11,20.2,0.0744148991443516,0.466666666666667
"15-20%",32,5,0.1875,12,18.1333333333333,0.0542217006223296,0.266666666666667
"15-20%",32,5,0.1875,13,17.6666666666667,0.0276944497191812,0.266666666666667
"15-20%",32,5,0.1875,14,16.5333333333333,0.00544915191991843,0.133333333333333
"15-20%",32,5,0.1875,15,16.4,-0.00361611640742128,0.533333333333333
"15-20%",32,5,0.1875,16,16.2,-0.00752174475054454,0.4
"15-20%",32,5,0.1875,17,16.3333333333333,-0.00628014448965455,0.133333333333333
"15-20%",32,5,0.1875,18,17.2666666666667,0.00414792362235792,0.333333333333333
"15-20%",32,5,0.1875,19,17.6666666666667,0.0214530597306574,0.266666666666667
"15-20%",32,5,0.1875,20,19.4666666666667,0.0364874431003021,0.4
"15-20%",32,5,0.1875,21,20.3333333333333,0.0921121877968712,0.333333333333333
"15-20%",32,5,0.1875,22,21.6666666666667,0.129574805884443,0.666666666666667
"15-20%",32,5,0.1875,23,22.4,0.1726810441932,0.4
"15-20%",32,5,0.1875,24,23.3333333333333,0.233948342162348,0.333333333333333
"15-20%",32,5,0.1875,25,24.4,0.297419501748935,0.4
"15-20%",32,5,0.1875,26,25.7333333333333,0.368471415089236,0.733333333333333
"15-20%",32,5,0.1875,27,26.7333333333333,0.447152197981256,0.733333333333333
"15-20%",32,5,0.1875,28,27.9333333333333,0.528117610293513,0.933333333333333
"15-20%",32,5,0.1875,29,28.8666666666667,0.636739043269273,0.866666666666667
"15-20%",32,5,0.1875,30,29.8,0.737285963590054,0.933333333333333
"15-20%",32,5,0.1875,31,30.9333333333333,0.863114343220481,1.06666666666667
"15-20%",32,5,0.1875,32,32,1,2
"15-20%",34,6,0.15625,1,30.9333333333333,0.853901151065006,1.6
"15-20%",34,6,0.15625,2,29.9333333333333,0.726620954074803,1.26666666666667
"15-20%",34,6,0.15625,3,28.8666666666667,0.609586147383481,1
"15-20%",34,6,0.15625,4,27.8,0.507032394522703,1.06666666666667
"15-20%",34,6,0.15625,5,26.7333333333333,0.424786471963594,0.733333333333333
"15-20%",34,6,0.15625,6,25.4666666666667,0.331750211352639,0.466666666666667
"15-20%",34,6,0.15625,7,24.7333333333333,0.259823789602301,0.733333333333333
"15-20%",34,6,0.15625,8,23.5333333333333,0.203689779832517,0.533333333333333
"15-20%",34,6,0.15625,9,22.5333333333333,0.15570980218583,0.533333333333333
"15-20%",34,6,0.15625,10,21.4,0.115269047039033,0.4
"15-20%",34,6,0.15625,11,19.9333333333333,0.0885608436531435,0.533333333333333
"15-20%",34,6,0.15625,12,18.8666666666667,0.0543281063686721,0.333333333333333
"15-20%",34,6,0.15625,13,16.9333333333333,0.0337507153722265,0.133333333333333
"15-20%",34,6,0.15625,14,17.0666666666667,0.00332174808510981,0.4
"15-20%",34,6,0.15625,15,16.6,-0.00678916166523876,0.333333333333333
"15-20%",34,6,0.15625,16,16.1333333333333,-0.0133057219421178,0.4
"15-20%",34,6,0.15625,17,16.9333333333333,-0.00339691288419071,0.533333333333333
"15-20%",34,6,0.15625,18,17,0.0078134207070024,0.2
"15-20%",34,6,0.15625,19,17.7333333333333,0.0264647084010927,0.266666666666667
"15-20%",34,6,0.15625,20,18.9333333333333,0.0599049527594005,0.4
"15-20%",34,6,0.15625,21,20.4666666666667,0.047709863815141,0.533333333333333
"15-20%",34,6,0.15625,22,21.1333333333333,0.122067107220391,0.133333333333333
"15-20%",34,6,0.15625,23,22.6666666666667,0.145375088299298,0.666666666666667
"15-20%",34,6,0.15625,24,23.4666666666667,0.209060333787706,0.466666666666667
"15-20%",34,6,0.15625,25,24.6666666666667,0.266078829331855,0.666666666666667
"15-20%",34,6,0.15625,26,25.8666666666667,0.354448212547255,0.933333333333333
"15-20%",34,6,0.15625,27,26.7333333333333,0.4348058769488,0.733333333333333
"15-20%",34,6,0.15625,28,27.8,0.524284125188077,0.866666666666667
"15-20%",34,6,0.15625,29,28.9333333333333,0.602783536768086,1
"15-20%",34,6,0.15625,30,29.8,0.719729132454212,0.933333333333333
"15-20%",34,6,0.15625,31,31,0.852937679289504,1.6
"15-20%",34,6,0.15625,32,32,1,2
"15-20%",39,7,0.1875,1,30.9333333333333,0.862507155836775,1.86666666666667
"15-20%",39,7,0.1875,2,29.7333333333333,0.733408064896107,1.46666666666667
"15-20%",39,7,0.1875,3,28.7333333333333,0.643429809725891,1.26666666666667
"15-20%",39,7,0.1875,4,27.8,0.523399537142228,1.2
"15-20%",39,7,0.1875,5,26.7333333333333,0.440833573273709,1
"15-20%",39,7,0.1875,6,25.6666666666667,0.361474802711479,0.866666666666667
"15-20%",39,7,0.1875,7,24.4666666666667,0.296945243726223,0.6
"15-20%",39,7,0.1875,8,23.7333333333333,0.215658898938795,0.933333333333333
"15-20%",39,7,0.1875,9,22.7333333333333,0.178604047892083,0.866666666666667
"15-20%",39,7,0.1875,10,21.6666666666667,0.119166030962941,0.733333333333333
"15-20%",39,7,0.1875,11,20.8,0.0815857068760884,0.733333333333333
"15-20%",39,7,0.1875,12,19.1333333333333,0.0537893913921005,0.533333333333333
"15-20%",39,7,0.1875,13,18.4,0.0222842178092371,0.266666666666667
"15-20%",39,7,0.1875,14,18.1333333333333,0.00191208551794697,0.266666666666667
"15-20%",39,7,0.1875,15,17.2,-0.00983923947127122,0.2
"15-20%",39,7,0.1875,16,17.2666666666667,-0.00575020316070207,0.266666666666667
"15-20%",39,7,0.1875,17,17.3333333333333,-0.00273163581599634,0.6
"15-20%",39,7,0.1875,18,17.6666666666667,0.00279595622088531,0.266666666666667
"15-20%",39,7,0.1875,19,18.6666666666667,0.0223919797200689,0.4
"15-20%",39,7,0.1875,20,19.4666666666667,0.0586324878402235,0.466666666666667
"15-20%",39,7,0.1875,21,20.8666666666667,0.0780739021227496,0.8
"15-20%",39,7,0.1875,22,21.7333333333333,0.11352667747937,0.866666666666667
"15-20%",39,7,0.1875,23,22.5333333333333,0.170082128299738,0.466666666666667
"15-20%",39,7,0.1875,24,23.7333333333333,0.2156285902962,0.533333333333333
"15-20%",39,7,0.1875,25,24.6,0.284200379933622,0.8
"15-20%",39,7,0.1875,26,25.7333333333333,0.365204816816382,1.13333333333333
"15-20%",39,7,0.1875,27,26.8,0.440384138662434,1.06666666666667
"15-20%",39,7,0.1875,28,27.9333333333333,0.530798760484626,1.33333333333333
"15-20%",39,7,0.1875,29,28.8666666666667,0.619935750535122,1.46666666666667
"15-20%",39,7,0.1875,30,29.8666666666667,0.735140979748493,1.46666666666667
"15-20%",39,7,0.1875,31,30.9333333333333,0.863721530604187,1.86666666666667
"15-20%",39,7,0.1875,32,32,1,2
"15-20%",45,8,0.15625,1,31.0666666666667,0.853901151065006,1.93333333333333
"15-20%",45,8,0.15625,2,30.2,0.727479706939849,1.86666666666667
"15-20%",45,8,0.15625,3,28.8666666666667,0.618858126118546,1.66666666666667
"15-20%",45,8,0.15625,4,28.2,0.511226086327693,1.53333333333333
"15-20%",45,8,0.15625,5,27.0666666666667,0.419384460885482,1.66666666666667
"15-20%",45,8,0.15625,6,25.9333333333333,0.359217828166671,1.26666666666667
"15-20%",45,8,0.15625,7,25.1333333333333,0.283248641405519,1.4
"15-20%",45,8,0.15625,8,24.3333333333333,0.222942419093663,1.26666666666667
"15-20%",45,8,0.15625,9,23.3333333333333,0.172663074781964,1.26666666666667
"15-20%",45,8,0.15625,10,22.4,0.134207216443345,1.13333333333333
"15-20%",45,8,0.15625,11,21.6666666666667,0.0729124680956898,0.6
"15-20%",45,8,0.15625,12,20.0666666666667,0.0509292599528448,0.6
"15-20%",45,8,0.15625,13,20,0.00795752620771616,0.333333333333333
"15-20%",45,8,0.15625,14,18.5333333333333,0.00220429910745587,0.133333333333333
"15-20%",45,8,0.15625,15,18.4,-0.00451437176463779,0.2
"15-20%",45,8,0.15625,16,18.3333333333333,-0.0121731108685324,0.2
"15-20%",45,8,0.15625,17,18.1333333333333,-0.0022721134924035,0.2
"15-20%",45,8,0.15625,18,18.6666666666667,0.00780248235136399,0.6
"15-20%",45,8,0.15625,19,20.4,0.0218130245422114,0.666666666666667
"15-20%",45,8,0.15625,20,21.3333333333333,0.0532123902562589,0.866666666666667
"15-20%",45,8,0.15625,21,21.1333333333333,0.0841114530478751,0.733333333333333
"15-20%",45,8,0.15625,22,22.6666666666667,0.12536797393174,1.13333333333333
"15-20%",45,8,0.15625,23,23.6,0.157883368263646,1.06666666666667
"15-20%",45,8,0.15625,24,24.4666666666667,0.212259239576721,0.933333333333333
"15-20%",45,8,0.15625,25,25.2666666666667,0.293112499760159,1.4
"15-20%",45,8,0.15625,26,26.0666666666667,0.363597014446724,1.6
"15-20%",45,8,0.15625,27,27.1333333333333,0.423377142643772,1.33333333333333
"15-20%",45,8,0.15625,28,28.0666666666667,0.49630968328752,1.66666666666667
"15-20%",45,8,0.15625,29,29,0.612588051039166,1.73333333333333
"15-20%",45,8,0.15625,30,30.0666666666667,0.726620954074803,1.86666666666667
"15-20%",45,8,0.15625,31,31.1333333333333,0.851974207514002,1.93333333333333
"15-20%",45,8,0.15625,32,32,1,2
"15-20%",54,9,0.1875,1,30.9333333333333,0.863721530604187,1.8
"15-20%",54,9,0.1875,2,29.7333333333333,0.738194740464094,1.33333333333333
"15-20%",54,9,0.1875,3,28.8666666666667,0.626280266608352,1.26666666666667
"15-20%",54,9,0.1875,4,27.6666666666667,0.533157797060269,1.2
"15-20%",54,9,0.1875,5,26.8,0.438573130142486,1.2
"15-20%",54,9,0.1875,6,25.5333333333333,0.366453371471953,0.666666666666667
"15-20%",54,9,0.1875,7,24.6,0.298414046908932,0.733333333333333
"15-20%",54,9,0.1875,8,23.5333333333333,0.201456518322741,0.666666666666667
"15-20%",54,9,0.1875,9,22.4,0.175158585984273,0.533333333333333
"15-20%",54,9,0.1875,10,21.1333333333333,0.120504919786321,0.533333333333333
"15-20%",54,9,0.1875,11,20.2666666666667,0.0789542348882406,0.533333333333333
"15-20%",54,9,0.1875,12,18.9333333333333,0.0430932147632768,0.266666666666667
"15-20%",54,9,0.1875,13,18.3333333333333,0.0268113517364009,0.6
"15-20%",54,9,0.1875,14,16.9333333333333,-0.000326919766900212,0.333333333333333
"15-20%",54,9,0.1875,15,16.8,-0.00450059699884621,0.333333333333333
"15-20%",54,9,0.1875,16,16.2,-0.00575020316070207,0.133333333333333
"15-20%",54,9,0.1875,17,16.6666666666667,-6.76077337630726e-05,0.266666666666667
"15-20%",54,9,0.1875,18,16.8,0.00810393120916967,0.2
"15-20%",54,9,0.1875,19,18.2,0.0268152338388314,0.4
"15-20%",54,9,0.1875,20,18.9333333333333,0.0498109134044357,0.466666666666667
"15-20%",54,9,0.1875,21,20.5333333333333,0.0895003613956661,0.466666666666667
"15-20%",54,9,0.1875,22,21,0.127410510215596,0.466666666666667
"15-20%",54,9,0.1875,23,22.6666666666667,0.164920757394197,0.733333333333333
"15-20%",54,9,0.1875,24,23.4,0.222180885739032,0.666666666666667
"15-20%",54,9,0.1875,25,24.6666666666667,0.282257758011067,0.866666666666667
"15-20%",54,9,0.1875,26,25.6666666666667,0.376543589558368,0.866666666666667
"15-20%",54,9,0.1875,27,26.8,0.435145275241821,1.06666666666667
"15-20%",54,9,0.1875,28,27.8,0.535516833635911,1.26666666666667
"15-20%",54,9,0.1875,29,28.9333333333333,0.630394527196042,1.46666666666667
"15-20%",54,9,0.1875,30,29.9333333333333,0.742484708147214,1.6
"15-20%",54,9,0.1875,31,30.9333333333333,0.864328717987893,1.86666666666667
"15-20%",54,9,0.1875,32,32,1,2
"15-20%",68,10,0.15625,1,31,0.852937679289504,1.66666666666667
"15-20%",68,10,0.15625,2,29.9333333333333,0.726620954074803,1.6
"15-20%",68,10,0.15625,3,28.9333333333333,0.612321783271159,1.13333333333333
"15-20%",68,10,0.15625,4,28,0.502838702717712,1.13333333333333
"15-20%",68,10,0.15625,5,26.6666666666667,0.416044659223747,0.8
"15-20%",68,10,0.15625,6,25.5333333333333,0.364457021939854,0.533333333333333
"15-20%",68,10,0.15625,7,24.8,0.248958903234627,0.866666666666667
"15-20%",68,10,0.15625,8,23.7333333333333,0.215458145365735,0.733333333333333
"15-20%",68,10,0.15625,9,22.7333333333333,0.137450765925962,0.733333333333333
"15-20%",68,10,0.15625,10,21.4666666666667,0.11321079023028,0.466666666666667
"15-20%",68,10,0.15625,11,20.0666666666667,0.0807777895060241,0.266666666666667
"15-20%",68,10,0.15625,12,19.0666666666667,0.0587375385683997,0.466666666666667
"15-20%",68,10,0.15625,13,18.4,0.0219967941772509,0.2
"15-20%",68,10,0.15625,14,17.4666666666667,0.00445013541840217,0.4
"15-20%",68,10,0.15625,15,16.6,-0.00171705430785003,0.266666666666667
"15-20%",68,10,0.15625,16,15.5333333333333,-0.00992232868126804,0.0666666666666667
"15-20%",68,10,0.15625,17,16.5333333333333,-0.00395931258008432,0.333333333333333
"15-20%",68,10,0.15625,18,17.8,0.00220429910745587,0.333333333333333
"15-20%",68,10,0.15625,19,18.6666666666667,0.0184366848865807,0.4
"15-20%",68,10,0.15625,20,19.2,0.0486986948136872,0.133333333333333
"15-20%",68,10,0.15625,21,20.5333333333333,0.0774400269254286,0.533333333333333
"15-20%",68,10,0.15625,22,21.4,0.113227864708785,0.4
"15-20%",68,10,0.15625,23,22.4,0.148614119065322,0.4
"15-20%",68,10,0.15625,24,23.7333333333333,0.212259239576721,0.733333333333333
"15-20%",68,10,0.15625,25,24.4,0.267041426852472,0.4
"15-20%",68,10,0.15625,26,25.5333333333333,0.349678596927839,0.6
"15-20%",68,10,0.15625,27,26.8,0.41129552824219,0.8
"15-20%",68,10,0.15625,28,27.8,0.52120545189096,0.866666666666667
"15-20%",68,10,0.15625,29,28.6666666666667,0.61585622246286,0.866666666666667
"15-20%",68,10,0.15625,30,29.9333333333333,0.721453904417712,1.26666666666667
"15-20%",68,10,0.15625,31,31,0.853901151065006,1.6
"15-20%",68,10,0.15625,32,32,1,2
"15-20%",71,11,0.15625,1,31.1333333333333,0.853901151065006,2
"15-20%",71,11,0.15625,2,30,0.720591518435962,1.6
"15-20%",71,11,0.15625,3,28.9333333333333,0.60605170819178,1.53333333333333
"15-20%",71,11,0.15625,4,28.1333333333333,0.513933086788852,1.53333333333333
"15-20%",71,11,0.15625,5,27.2666666666667,0.445512685072798,1.66666666666667
"15-20%",71,11,0.15625,6,26.0666666666667,0.341759020745238,1
"15-20%",71,11,0.15625,7,25.0666666666667,0.287820057551221,1.2
"15-20%",71,11,0.15625,8,24.4,0.207915943244371,1.13333333333333
"15-20%",71,11,0.15625,9,23.8,0.152750233556586,0.933333333333333
"15-20%",71,11,0.15625,10,22.7333333333333,0.105483219608128,0.933333333333333
"15-20%",71,11,0.15625,11,22.0666666666667,0.0666878038757013,0.933333333333333
"15-20%",71,11,0.15625,12,21.1333333333333,0.0361049022613846,0.466666666666667
"15-20%",71,11,0.15625,13,20.6,0.0169190494867189,0.666666666666667
"15-20%",71,11,0.15625,14,19.3333333333333,-0.00124344860798861,0.4
"15-20%",71,11,0.15625,15,18.4666666666667,-0.00339691288419071,0.533333333333333
"15-20%",71,11,0.15625,16,18.2,-0.00992232868126804,0.4
"15-20%",71,11,0.15625,17,19.0666666666667,-0.00171705430785003,0.466666666666667
"15-20%",71,11,0.15625,18,18.7333333333333,0.0111657676399642,0.533333333333333
"15-20%",71,11,0.15625,19,19.9333333333333,0.0270488440364638,0.6
"15-20%",71,11,0.15625,20,20.8666666666667,0.0487508264351093,0.933333333333333
"15-20%",71,11,0.15625,21,21.3333333333333,0.091898606233739,0.866666666666667
"15-20%",71,11,0.15625,22,22.7333333333333,0.101073590175832,0.6
"15-20%",71,11,0.15625,23,22.9333333333333,0.181968282986566,1
"15-20%",71,11,0.15625,24,24.3333333333333,0.231511878837866,1.13333333333333
"15-20%",71,11,0.15625,25,24.5333333333333,0.281653334290521,0.866666666666667
"15-20%",71,11,0.15625,26,26.0666666666667,0.361407421306697,1.46666666666667
"15-20%",71,11,0.15625,27,26.7333333333333,0.42268973950498,1.13333333333333
"15-20%",71,11,0.15625,28,28.4666666666667,0.520833779055002,1.66666666666667
"15-20%",71,11,0.15625,29,28.9333333333333,0.612588051039166,1.66666666666667
"15-20%",71,11,0.15625,30,30.2,0.726620954074803,1.93333333333333
"15-20%",71,11,0.15625,31,31,0.852937679289504,1.86666666666667
"15-20%",71,11,0.15625,32,32,1,2
"15-20%",72,12,0.15625,1,30.9333333333333,0.854864622840508,1.6
"15-20%",72,12,0.15625,2,29.8666666666667,0.729204478903348,1.26666666666667
"15-20%",72,12,0.15625,3,28.9333333333333,0.609053611847465,1.4
"15-20%",72,12,0.15625,4,27.8666666666667,0.49630968328752,1.26666666666667
"15-20%",72,12,0.15625,5,26.8,0.431466075287065,1.06666666666667
"15-20%",72,12,0.15625,6,25.6666666666667,0.350538604420969,0.8
"15-20%",72,12,0.15625,7,24.6,0.266078829331855,0.6
"15-20%",72,12,0.15625,8,23.4666666666667,0.206829481094472,0.533333333333333
"15-20%",72,12,0.15625,9,22.6,0.13776618706902,0.533333333333333
"15-20%",72,12,0.15625,10,21.5333333333333,0.122064198051884,0.533333333333333
"15-20%",72,12,0.15625,11,20.2666666666667,0.0589074095140379,0.4
"15-20%",72,12,0.15625,12,19.6,0.0431218484229588,0.466666666666667
"15-20%",72,12,0.15625,13,18.2666666666667,0.0292829950440979,0.4
"15-20%",72,12,0.15625,14,17.3333333333333,0.00332174808510981,0.333333333333333
"15-20%",72,12,0.15625,15,16.5333333333333,-0.0118686095339676,0.2
"15-20%",72,12,0.15625,16,16.4666666666667,-0.0110549397548534,0.2
"15-20%",72,12,0.15625,17,16.2666666666667,-0.00843281835754271,0.133333333333333
"15-20%",72,12,0.15625,18,17.5333333333333,-4.15372034904215e-05,0.333333333333333
"15-20%",72,12,0.15625,19,17.8666666666667,0.0259317685326468,0.333333333333333
"15-20%",72,12,0.15625,20,19.5333333333333,0.0420061323105456,0.666666666666667
"15-20%",72,12,0.15625,21,20.3333333333333,0.0762330443472509,0.4
"15-20%",72,12,0.15625,22,21.3333333333333,0.112113283650825,0.333333333333333
"15-20%",72,12,0.15625,23,22.4,0.13941665318697,0.466666666666667
"15-20%",72,12,0.15625,24,23.6666666666667,0.206531845006939,0.733333333333333
"15-20%",72,12,0.15625,25,24.5333333333333,0.277956199196582,0.733333333333333
"15-20%",72,12,0.15625,26,25.6666666666667,0.363597014446724,0.933333333333333
"15-20%",72,12,0.15625,27,26.6666666666667,0.410573602061159,0.933333333333333
"15-20%",72,12,0.15625,28,27.8666666666667,0.521577124726917,1.06666666666667
"15-20%",72,12,0.15625,29,28.8,0.612588051039166,1.26666666666667
"15-20%",72,12,0.15625,30,29.8666666666667,0.726620954074803,1.33333333333333
"15-20%",72,12,0.15625,31,30.9333333333333,0.853901151065006,1.73333333333333
"15-20%",72,12,0.15625,32,32,1,2
"15-20%",77,13,0.15625,1,30.8,0.852937679289504,1.2
"15-20%",77,13,0.15625,2,29.7333333333333,0.731788003731894,0.733333333333333
"15-20%",77,13,0.15625,3,29,0.599515365344393,0.8
"15-20%",77,13,0.15625,4,27.6,0.535378509259217,0.466666666666667
"15-20%",77,13,0.15625,5,26.9333333333333,0.412670334519774,0.8
"15-20%",77,13,0.15625,6,25.9333333333333,0.355308220040385,0.733333333333333
"15-20%",77,13,0.15625,7,25,0.284541126852371,0.666666666666667
"15-20%",77,13,0.15625,8,23.9333333333333,0.218599122761313,0.466666666666667
"15-20%",77,13,0.15625,9,23,0.165531432655178,0.866666666666667
"15-20%",77,13,0.15625,10,22,0.128683005953088,0.466666666666667
"15-20%",77,13,0.15625,11,20.9333333333333,0.0874451165897261,0.133333333333333
"15-20%",77,13,0.15625,12,19.7333333333333,0.0565586715078297,0.4
"15-20%",77,13,0.15625,13,19.3333333333333,0.016360608682667,0.466666666666667
"15-20%",77,13,0.15625,14,17.7333333333333,0.00221523746309429,0.2
"15-20%",77,13,0.15625,15,17.2666666666667,-0.00283451318829711,0.466666666666667
"15-20%",77,13,0.15625,16,17.5333333333333,-0.0054496442265521,0.4
"15-20%",77,13,0.15625,17,17.4666666666667,-0.00115465461195642,0.333333333333333
"15-20%",77,13,0.15625,18,17.9333333333333,-0.00237183594128096,0.266666666666667
"15-20%",77,13,0.15625,19,18.6666666666667,0.0128260003276027,0.466666666666667
"15-20%",77,13,0.15625,20,19.8666666666667,0.0396721710142127,0.4
"15-20%",77,13,0.15625,21,20.7333333333333,0.067897446239335,0.533333333333333
"15-20%",77,13,0.15625,22,21.9333333333333,0.100757581545523,0.6
"15-20%",77,13,0.15625,23,22.8,0.166701435514661,0.6
"15-20%",77,13,0.15625,24,23.8666666666667,0.228311696915229,0.733333333333333
"15-20%",77,13,0.15625,25,24.7333333333333,0.283248641405519,0.4
"15-20%",77,13,0.15625,26,25.8666666666667,0.343579395661527,0.466666666666667
"15-20%",77,13,0.15625,27,26.8666666666667,0.422724262547218,0.733333333333333
"15-20%",77,13,0.15625,28,28,0.495938010451562,0.933333333333333
"15-20%",77,13,0.15625,29,28.9333333333333,0.609053611847465,0.866666666666667
"15-20%",77,13,0.15625,30,29.9333333333333,0.718007993607416,1
"15-20%",77,13,0.15625,31,31,0.852937679289504,1.06666666666667
"15-20%",77,13,0.15625,32,32,1,2
"15-20%",79,14,0.15625,1,30.9333333333333,0.853901151065006,0.866666666666667
"15-20%",79,14,0.15625,2,29.8666666666667,0.723175043264507,0.6
"15-20%",79,14,0.15625,3,28.8666666666667,0.609586147383481,0.533333333333333
"15-20%",79,14,0.15625,4,27.8666666666667,0.52120545189096,0.466666666666667
"15-20%",79,14,0.15625,5,26.9333333333333,0.42812627362533,0.266666666666667
"15-20%",79,14,0.15625,6,25.9333333333333,0.350538604420969,0.266666666666667
"15-20%",79,14,0.15625,7,24.7333333333333,0.285262152915606,0.0666666666666667
"15-20%",79,14,0.15625,8,23.8666666666667,0.210145519803982,0.133333333333333
"15-20%",79,14,0.15625,9,22.7333333333333,0.169976425286963,0.133333333333333
"15-20%",79,14,0.15625,10,22,0.120787439192276,0.133333333333333
"15-20%",79,14,0.15625,11,20.6666666666667,0.0885635034385996,0.2
"15-20%",79,14,0.15625,12,19.4666666666667,0.0531611257205057,0
"15-20%",79,14,0.15625,13,18.8,0.0209054135047531,0
"15-20%",79,14,0.15625,14,17.6666666666667,0.00333268644074823,0
"15-20%",79,14,0.15625,15,17.8,-0.00563550090075494,0
"15-20%",79,14,0.15625,16,17.1333333333333,-0.00768598645391007,0
"15-20%",79,14,0.15625,17,16.4,-0.00395564232441425,0
"15-20%",79,14,0.15625,18,17.6,0.00556758439605611,0
"15-20%",79,14,0.15625,19,19.4,0.015827668814221,0
"15-20%",79,14,0.15625,20,19.2,0.0576739540774085,0
"15-20%",79,14,0.15625,21,20.7333333333333,0.0724380923593636,0.0666666666666667
"15-20%",79,14,0.15625,22,21.8,0.123175869941337,0
"15-20%",79,14,0.15625,23,22.8,0.161223598353385,0.133333333333333
"15-20%",79,14,0.15625,24,24,0.212259239576721,0.2
"15-20%",79,14,0.15625,25,24.9333333333333,0.289833569061308,0.2
"15-20%",79,14,0.15625,26,25.8,0.356637805687281,0.333333333333333
"15-20%",79,14,0.15625,27,26.8666666666667,0.426064064208953,0.4
"15-20%",79,14,0.15625,28,27.9333333333333,0.51430475962481,0.4
"15-20%",79,14,0.15625,29,28.9333333333333,0.625394468965932,0.733333333333333
"15-20%",79,14,0.15625,30,29.9333333333333,0.720591518435962,0.533333333333333
"15-20%",79,14,0.15625,31,31,0.853901151065006,1
"15-20%",79,14,0.15625,32,32,1,2
"15-20%",86,15,0.15625,1,30.9333333333333,0.853901151065006,1.53333333333333
"15-20%",86,15,0.15625,2,29.8666666666667,0.726620954074803,1.26666666666667
"15-20%",86,15,0.15625,3,28.7333333333333,0.605785440423772,1.06666666666667
"15-20%",86,15,0.15625,4,27.8666666666667,0.535378509259217,0.933333333333333
"15-20%",86,15,0.15625,5,26.7333333333333,0.403206595598897,0.733333333333333
"15-20%",86,15,0.15625,6,25.8,0.350538604420969,0.8
"15-20%",86,15,0.15625,7,24.6,0.295126011270246,0.666666666666667
"15-20%",86,15,0.15625,8,23.6,0.218657051154749,0.6
"15-20%",86,15,0.15625,9,22.6,0.157915988422364,0.6
"15-20%",86,15,0.15625,10,21.3333333333333,0.129794677842542,0.333333333333333
"15-20%",86,15,0.15625,11,20.4,0.0784577396498851,0.4
"15-20%",86,15,0.15625,12,19.2666666666667,0.0465202612959517,0.533333333333333
"15-20%",86,15,0.15625,13,18.2,0.0236721165894067,0.266666666666667
"15-20%",86,15,0.15625,14,17,0.00556758439605611,0.266666666666667
"15-20%",86,15,0.15625,15,16.1333333333333,-0.00843281835754271,0.2
"15-20%",86,15,0.15625,16,16.4666666666667,-0.0177928463567402,0.266666666666667
"15-20%",86,15,0.15625,17,16.4,-0.0107112785138137,0.266666666666667
"15-20%",86,15,0.15625,18,16.6,0.0111657676399642,0.2
"15-20%",86,15,0.15625,19,18,0.0287243603443328,0.2
"15-20%",86,15,0.15625,20,18.5333333333333,0.0576739540774085,0.266666666666667
"15-20%",86,15,0.15625,21,20.2,0.0807777895060241,0.4
"15-20%",86,15,0.15625,22,21.6666666666667,0.116531640588642,0.733333333333333
"15-20%",86,15,0.15625,23,22.2666666666667,0.171045228822732,0.333333333333333
"15-20%",86,15,0.15625,24,23.4666666666667,0.227168582505517,0.466666666666667
"15-20%",86,15,0.15625,25,24.5333333333333,0.279969710706669,0.533333333333333
"15-20%",86,15,0.15625,26,25.6666666666667,0.335659819478926,0.733333333333333
"15-20%",86,15,0.15625,27,26.6666666666667,0.424099068824802,0.8
"15-20%",86,15,0.15625,28,27.5333333333333,0.506660721686745,0.666666666666667
"15-20%",86,15,0.15625,29,28.8,0.612588051039166,1.13333333333333
"15-20%",86,15,0.15625,30,29.7333333333333,0.731788003731894,1.33333333333333
"15-20%",86,15,0.15625,31,30.9333333333333,0.852937679289504,1.6
"15-20%",86,15,0.15625,32,32,1,2
"15-20%",91,16,0.15625,1,30.9333333333333,0.854864622840508,1.66666666666667
"15-20%",91,16,0.15625,2,29.9333333333333,0.718870379589166,1.6
"15-20%",91,16,0.15625,3,28.7333333333333,0.609319879615473,1.2
"15-20%",91,16,0.15625,4,27.6666666666667,0.516950731118172,1.13333333333333
"15-20%",91,16,0.15625,5,26.5333333333333,0.434118473810008,0.8
"15-20%",91,16,0.15625,6,25.9333333333333,0.337849412618952,1
"15-20%",91,16,0.15625,7,24.5333333333333,0.273434669027316,0.733333333333333
"15-20%",91,16,0.15625,8,23.6,0.223969676716502,0.733333333333333
"15-20%",91,16,0.15625,9,22.9333333333333,0.152987193684551,0.933333333333333
"15-20%",91,16,0.15625,10,21.4,0.104223535227027,0.4
"15-20%",91,16,0.15625,11,20.5333333333333,0.0655829346752289,0.4
"15-20%",91,16,0.15625,12,19.2666666666667,0.0532128237990933,0.533333333333333
"15-20%",91,16,0.15625,13,18.1333333333333,0.0292828011483847,0.333333333333333
"15-20%",91,16,0.15625,14,17.2666666666667,0.00555664604041769,0.266666666666667
"15-20%",91,16,0.15625,15,17.3333333333333,-0.00731535947709563,0.2
"15-20%",91,16,0.15625,16,16.2666666666667,-0.00880415756758906,0.266666666666667
"15-20%",91,16,0.15625,17,16.2,-0.00283451318829711,0.2
"15-20%",91,16,0.15625,18,17.1333333333333,-0.000125999630334668,0.2
"15-20%",91,16,0.15625,19,18.0666666666667,0.0298412419524366,0.2
"15-20%",91,16,0.15625,20,19.3333333333333,0.0442371309925376,0.333333333333333
"15-20%",91,16,0.15625,21,20.5333333333333,0.0767882480935036,0.533333333333333
"15-20%",91,16,0.15625,22,21.5333333333333,0.114174449628085,0.533333333333333
"15-20%",91,16,0.15625,23,22.3333333333333,0.165564052813896,0.4
"15-20%",91,16,0.15625,24,23.8,0.202974822469709,0.933333333333333
"15-20%",91,16,0.15625,25,24.5333333333333,0.280932308227285,0.6
"15-20%",91,16,0.15625,26,25.6,0.343579395661527,0.8
"15-20%",91,16,0.15625,27,26.8666666666667,0.407955726580455,1.2
"15-20%",91,16,0.15625,28,27.8666666666667,0.510482740655777,1
"15-20%",91,16,0.15625,29,28.8,0.628662640389626,1.33333333333333
"15-20%",91,16,0.15625,30,29.9333333333333,0.721453904417712,1.46666666666667
"15-20%",91,16,0.15625,31,31,0.853901151065006,1.86666666666667
"15-20%",91,16,0.15625,32,32,1,2
"15-20%",100,17,0.15625,1,30.8666666666667,0.854864622840508,1.6
"15-20%",100,17,0.15625,2,29.9333333333333,0.715424468778871,1.33333333333333
"15-20%",100,17,0.15625,3,28.7333333333333,0.602783536768086,1.06666666666667
"15-20%",100,17,0.15625,4,27.8666666666667,0.520772750087205,1
"15-20%",100,17,0.15625,5,26.9333333333333,0.430778672148272,1.13333333333333
"15-20%",100,17,0.15625,6,25.8,0.336180035570317,0.866666666666667
"15-20%",100,17,0.15625,7,24.5333333333333,0.271751045443464,0.533333333333333
"15-20%",100,17,0.15625,8,23.4,0.227285715426013,0.4
"15-20%",100,17,0.15625,9,22.6,0.170492847551709,0.6
"15-20%",100,17,0.15625,10,21.6,0.12758840854214,0.6
"15-20%",100,17,0.15625,11,20.1333333333333,0.0784618386886296,0.466666666666667
"15-20%",100,17,0.15625,12,19.4666666666667,0.0461433124732626,0.333333333333333
"15-20%",100,17,0.15625,13,18.5333333333333,0.020321277869382,0.466666666666667
"15-20%",100,17,0.15625,14,16.9333333333333,0.00100238770295769,0.333333333333333
"15-20%",100,17,0.15625,15,16.6666666666667,-0.00171705430785003,0.266666666666667
"15-20%",100,17,0.15625,16,15.6,-0.00770042641381649,0.2
"15-20%",100,17,0.15625,17,17.4666666666667,-0.0107112785138137,0.6
"15-20%",100,17,0.15625,18,17.1333333333333,0.00219336075181746,0.333333333333333
"15-20%",100,17,0.15625,19,18.8666666666667,0.024256446120491,0.533333333333333
"15-20%",100,17,0.15625,20,19.2666666666667,0.0476359774083649,0.4
"15-20%",100,17,0.15625,21,19.8666666666667,0.0746668867007423,0.266666666666667
"15-20%",100,17,0.15625,22,21.6666666666667,0.130892184421997,0.666666666666667
"15-20%",100,17,0.15625,23,22.4,0.144795260156478,0.333333333333333
"15-20%",100,17,0.15625,24,23.5333333333333,0.232597064854142,0.666666666666667
"15-20%",100,17,0.15625,25,24.6666666666667,0.271789475935881,0.8
"15-20%",100,17,0.15625,26,25.8666666666667,0.331750211352639,1
"15-20%",100,17,0.15625,27,26.7333333333333,0.41673206236254,0.866666666666667
"15-20%",100,17,0.15625,28,27.9333333333333,0.510482740655777,0.933333333333333
"15-20%",100,17,0.15625,29,28.8,0.615589954694852,1.2
"15-20%",100,17,0.15625,30,29.8,0.721453904417712,0.933333333333333
"15-20%",100,17,0.15625,31,31,0.851010735738501,1.53333333333333
"15-20%",100,17,0.15625,32,32,1,2
"15-20%",106,18,0.1875,1,31,0.864328717987893,1.6
"15-20%",106,18,0.1875,2,29.6,0.742484708147214,1.13333333333333
"15-20%",106,18,0.1875,3,28.7333333333333,0.632624782681582,1
"15-20%",106,18,0.1875,4,27.8,0.535329672639366,1
"15-20%",106,18,0.1875,5,26.6,0.450774215021151,0.8
"15-20%",106,18,0.1875,6,25.7333333333333,0.35798256205683,0.733333333333333
"15-20%",106,18,0.1875,7,24.5333333333333,0.300098900171568,0.533333333333333
"15-20%",106,18,0.1875,8,23.5333333333333,0.213809952796476,0.533333333333333
"15-20%",106,18,0.1875,9,22.8,0.169153331698923,0.8
"15-20%",106,18,0.1875,10,21.5333333333333,0.116552490126216,0.533333333333333
"15-20%",106,18,0.1875,11,20.2666666666667,0.0886194356607832,0.333333333333333
"15-20%",106,18,0.1875,12,19.3333333333333,0.0555486582927768,0.333333333333333
"15-20%",106,18,0.1875,13,18.0666666666667,0.0259282537536206,0.4
"15-20%",106,18,0.1875,14,17,0.00368141051404176,0.266666666666667
"15-20%",106,18,0.1875,15,16.4,-0.00628014448965455,0.533333333333333
"15-20%",106,18,0.1875,16,15.8,-0.0075546921006806,0.266666666666667
"15-20%",106,18,0.1875,17,16,-0.00451118330680468,0.333333333333333
"15-20%",106,18,0.1875,18,16.8,0.0027697948738202,0.133333333333333
"15-20%",106,18,0.1875,19,17.9333333333333,0.0241062357814288,0.466666666666667
"15-20%",106,18,0.1875,20,19.4,0.0422135813129386,0.4
"15-20%",106,18,0.1875,21,20.4666666666667,0.0877396958646841,0.466666666666667
"15-20%",106,18,0.1875,22,20.4,0.136132361313631,0.333333333333333
"15-20%",106,18,0.1875,23,22.6,0.163650281732944,0.4
"15-20%",106,18,0.1875,24,23.6666666666667,0.220884672654559,0.666666666666667
"15-20%",106,18,0.1875,25,24.6,0.287786575821688,0.6
"15-20%",106,18,0.1875,26,25.6666666666667,0.370489458706519,0.733333333333333
"15-20%",106,18,0.1875,27,26.6666666666667,0.448963206501204,0.866666666666667
"15-20%",106,18,0.1875,28,27.8666666666667,0.530637703676891,1.06666666666667
"15-20%",106,18,0.1875,29,28.8,0.638969298754812,1.06666666666667
"15-20%",106,18,0.1875,30,29.9333333333333,0.742072639158041,1.26666666666667
"15-20%",106,18,0.1875,31,30.8,0.864328717987893,1.4
"15-20%",106,18,0.1875,32,32,1,2
"15-20%",109,19,0.15625,1,30.8,0.854864622840508,1.13333333333333
"15-20%",109,19,0.15625,2,29.8666666666667,0.720591518435962,0.866666666666667
"15-20%",109,19,0.15625,3,28.8666666666667,0.609053611847465,0.866666666666667
"15-20%",109,19,0.15625,4,27.6666666666667,0.51011106781982,0.666666666666667
"15-20%",109,19,0.15625,5,26.7333333333333,0.414079663839597,0.733333333333333
"15-20%",109,19,0.15625,6,25.7333333333333,0.333470226338899,0.733333333333333
"15-20%",109,19,0.15625,7,24.4,0.259873675578737,0.4
"15-20%",109,19,0.15625,8,23.5333333333333,0.209001129260647,0.533333333333333
"15-20%",109,19,0.15625,9,22.6666666666667,0.162841444312617,0.666666666666667
"15-20%",109,19,0.15625,10,21.6,0.0899366016046771,0.533333333333333
"15-20%",109,19,0.15625,11,20.2666666666667,0.0891133876139401,0.2
"15-20%",109,19,0.15625,12,19.2,0.0319160240200799,0.4
"15-20%",109,19,0.15625,13,18.1333333333333,0.0186200667301938,0.333333333333333
"15-20%",109,19,0.15625,14,16.7333333333333,0.0078134207070024,0.333333333333333
"15-20%",109,19,0.15625,15,16.8666666666667,-0.00843281835754271,0.466666666666667
"15-20%",109,19,0.15625,16,16.5333333333333,-0.00768598645391007,0.266666666666667
"15-20%",109,19,0.15625,17,16.5333333333333,-0.0117925355102241,0.266666666666667
"15-20%",109,19,0.15625,18,16.8666666666667,0.00780248235136399,0.266666666666667
"15-20%",109,19,0.15625,19,17.8666666666667,0.020295776933776,0.266666666666667
"15-20%",109,19,0.15625,20,18.5333333333333,0.0599049527594005,0.266666666666667
"15-20%",109,19,0.15625,21,20.0666666666667,0.085223081072548,0.4
"15-20%",109,19,0.15625,22,21.5333333333333,0.115437043177694,0.533333333333333
"15-20%",109,19,0.15625,23,22.4,0.178075671625804,0.4
"15-20%",109,19,0.15625,24,23.6,0.212200035049661,0.6
"15-20%",109,19,0.15625,25,24.4666666666667,0.275309978092113,0.466666666666667
"15-20%",109,19,0.15625,26,25.5333333333333,0.318100652127464,0.533333333333333
"15-20%",109,19,0.15625,27,26.5333333333333,0.424099068824802,0.533333333333333
"15-20%",109,19,0.15625,28,27.6666666666667,0.506660721686745,0.666666666666667
"15-20%",109,19,0.15625,29,28.9333333333333,0.60605170819178,0.933333333333333
"15-20%",109,19,0.15625,30,29.9333333333333,0.724037429246257,1.06666666666667
"15-20%",109,19,0.15625,31,30.8,0.853901151065006,1.13333333333333
"15-20%",109,19,0.15625,32,32,1,2
"15-20%",110,20,0.15625,1,30.9333333333333,0.855828094616009,1.6
"15-20%",110,20,0.15625,2,29.9333333333333,0.726620954074803,1.2
"15-20%",110,20,0.15625,3,28.8,0.609053611847465,1
"15-20%",110,20,0.15625,4,27.8666666666667,0.513933086788852,0.933333333333333
"15-20%",110,20,0.15625,5,26.6666666666667,0.431466075287065,0.666666666666667
"15-20%",110,20,0.15625,6,25.6,0.329590045034612,0.6
"15-20%",110,20,0.15625,7,24.4666666666667,0.258228482487302,0.533333333333333
"15-20%",110,20,0.15625,8,23.6,0.21328649719956,0.6
"15-20%",110,20,0.15625,9,22.7333333333333,0.173494918189767,0.733333333333333
"15-20%",110,20,0.15625,10,21.4666666666667,0.117637494141082,0.466666666666667
"15-20%",110,20,0.15625,11,20.2,0.0741049241302891,0.466666666666667
"15-20%",110,20,0.15625,12,19.1333333333333,0.0498665425475225,0.333333333333333
"15-20%",110,20,0.15625,13,18.3333333333333,0.0276074787362289,0.333333333333333
"15-20%",110,20,0.15625,14,16.8666666666667,-0.00350022327457332,0.266666666666667
"15-20%",110,20,0.15625,15,16.6,-0.00843281835754271,0.0666666666666667
"15-20%",110,20,0.15625,16,16.7333333333333,-0.00880415756758906,0.533333333333333
"15-20%",110,20,0.15625,17,16.2,-0.00675295978120202,0.333333333333333
"15-20%",110,20,0.15625,18,17.2666666666667,0.00220429910745587,0.333333333333333
"15-20%",110,20,0.15625,19,18.9333333333333,0.0152692280101691,0.666666666666667
"15-20%",110,20,0.15625,20,18.8,0.0587896701898217,0.4
"15-20%",110,20,0.15625,21,19.8666666666667,0.0907828791703216,0.333333333333333
"15-20%",110,20,0.15625,22,21.4666666666667,0.115434134009187,0.466666666666667
"15-20%",110,20,0.15625,23,22.5333333333333,0.172978495925022,0.533333333333333
"15-20%",110,20,0.15625,24,23.4666666666667,0.206830757228095,0.466666666666667
"15-20%",110,20,0.15625,25,24.6666666666667,0.263432608227386,0.666666666666667
"15-20%",110,20,0.15625,26,25.6666666666667,0.36664661507988,0.666666666666667
"15-20%",110,20,0.15625,27,26.9333333333333,0.42936934282845,0.933333333333333
"15-20%",110,20,0.15625,28,27.6666666666667,0.510050038852023,0.666666666666667
"15-20%",110,20,0.15625,29,28.9333333333333,0.625394468965932,1
"15-20%",110,20,0.15625,30,29.8666666666667,0.729204478903348,1.13333333333333
"15-20%",110,20,0.15625,31,31,0.852937679289504,1.66666666666667
"15-20%",110,20,0.15625,32,32,1,2
"20-25%",1,1,0.21875,1,30.9333333333333,0.869993579081069,1.53333333333333
"20-25%",1,1,0.21875,2,29.8666666666667,0.751349548977008,0.933333333333333
"20-25%",1,1,0.21875,3,28.8666666666667,0.644829012577129,0.866666666666667
"20-25%",1,1,0.21875,4,27.6666666666667,0.550286518796191,0.666666666666667
"20-25%",1,1,0.21875,5,26.8666666666667,0.449650543613241,0.933333333333333
"20-25%",1,1,0.21875,6,25.6,0.370047875171388,0.6
"20-25%",1,1,0.21875,7,24.8666666666667,0.29655070459028,0.866666666666667
"20-25%",1,1,0.21875,8,23.3333333333333,0.237690262757026,0.333333333333333
"20-25%",1,1,0.21875,9,22.2666666666667,0.163342495536972,0.6
"20-25%",1,1,0.21875,10,21.0666666666667,0.129190897520282,0.466666666666667
"20-25%",1,1,0.21875,11,20.2666666666667,0.0881378445144167,0.533333333333333
"20-25%",1,1,0.21875,12,19.4666666666667,0.0372537427371992,0.4
"20-25%",1,1,0.21875,13,17.6,0.0224662364336812,0.133333333333333
"20-25%",1,1,0.21875,14,17.0666666666667,0.00890476297733264,0.466666666666667
"20-25%",1,1,0.21875,15,15.9333333333333,0.000990767268896238,0.333333333333333
"20-25%",1,1,0.21875,16,16,-0.0117423329405642,0.333333333333333
"20-25%",1,1,0.21875,17,16,-0.00214057080478357,0.4
"20-25%",1,1,0.21875,18,15.9333333333333,0.00542557586442988,0.2
"20-25%",1,1,0.21875,19,17.6,0.0209799208610921,0.0666666666666667
"20-25%",1,1,0.21875,20,19,0.0472750114055991,0.533333333333333
"20-25%",1,1,0.21875,21,19.4,0.0864043200037511,0.4
"20-25%",1,1,0.21875,22,21.0666666666667,0.125159528048248,0.466666666666667
"20-25%",1,1,0.21875,23,22.4,0.182831347335642,0.4
"20-25%",1,1,0.21875,24,23.6,0.232431980263414,0.6
"20-25%",1,1,0.21875,25,24.6666666666667,0.297890957682804,0.666666666666667
"20-25%",1,1,0.21875,26,25.8,0.37133271600995,0.8
"20-25%",1,1,0.21875,27,26.7333333333333,0.442342423512848,0.733333333333333
"20-25%",1,1,0.21875,28,27.7333333333333,0.547002832881118,0.8
"20-25%",1,1,0.21875,29,28.8,0.639666790718573,1
"20-25%",1,1,0.21875,30,29.8666666666667,0.751349548977008,0.933333333333333
"20-25%",1,1,0.21875,31,30.8,0.869604527257263,1.33333333333333
"20-25%",1,1,0.21875,32,32,1,2
"20-25%",31,2,0.21875,1,31,0.869215475433458,1.6
"20-25%",31,2,0.21875,2,29.9333333333333,0.748816730348616,1.33333333333333
"20-25%",31,2,0.21875,3,28.9333333333333,0.645144456344485,1.13333333333333
"20-25%",31,2,0.21875,4,27.7333333333333,0.542119564077923,0.8
"20-25%",31,2,0.21875,5,26.8,0.442375685576251,0.866666666666667
"20-25%",31,2,0.21875,6,25.4666666666667,0.369836198183134,0.466666666666667
"20-25%",31,2,0.21875,7,24.5333333333333,0.305326053086829,0.533333333333333
"20-25%",31,2,0.21875,8,23.4666666666667,0.235636374714684,0.533333333333333
"20-25%",31,2,0.21875,9,22.6666666666667,0.183851639895947,0.666666666666667
"20-25%",31,2,0.21875,10,20.8666666666667,0.125860551894163,0.266666666666667
"20-25%",31,2,0.21875,11,19.8666666666667,0.0846786368948887,0.466666666666667
"20-25%",31,2,0.21875,12,18.1333333333333,0.0408529331130883,0.266666666666667
"20-25%",31,2,0.21875,13,17.6666666666667,0.0259458836125202,0.533333333333333
"20-25%",31,2,0.21875,14,16.2666666666667,0.00398129372391108,0.4
"20-25%",31,2,0.21875,15,16,-0.0113802557290277,0.266666666666667
"20-25%",31,2,0.21875,16,15.5333333333333,-0.00896986128325391,0.133333333333333
"20-25%",31,2,0.21875,17,16.0666666666667,-0.000403326311274439,0.266666666666667
"20-25%",31,2,0.21875,18,16.8666666666667,0.0102998739945012,0.4
"20-25%",31,2,0.21875,19,17,0.0301198923177338,0.4
"20-25%",31,2,0.21875,20,18.5333333333333,0.0548970927639397,0.133333333333333
"20-25%",31,2,0.21875,21,19.9333333333333,0.0884692292168025,0.466666666666667
"20-25%",31,2,0.21875,22,20.8,0.133975581902806,0.533333333333333
"20-25%",31,2,0.21875,23,20.7333333333333,0.185180213504419,0.6
"20-25%",31,2,0.21875,24,23.6666666666667,0.238288759025763,0.666666666666667
"20-25%",31,2,0.21875,25,24.6,0.300127906017257,0.666666666666667
"20-25%",31,2,0.21875,26,25.4666666666667,0.370532140196017,0.533333333333333
"20-25%",31,2,0.21875,27,26.7333333333333,0.447823513588143,0.733333333333333
"20-25%",31,2,0.21875,28,27.8666666666667,0.540795994910406,1.13333333333333
"20-25%",31,2,0.21875,29,28.8,0.642721067298885,1.26666666666667
"20-25%",31,2,0.21875,30,29.9333333333333,0.747463800912116,1.46666666666667
"20-25%",31,2,0.21875,31,31,0.869604527257263,1.53333333333333
"20-25%",31,2,0.21875,32,32,1,2
"20-25%",38,3,0.21875,1,30.9333333333333,0.868826423609653,1.13333333333333
"20-25%",38,3,0.21875,2,30,0.751176508732402,1.06666666666667
"20-25%",38,3,0.21875,3,28.9333333333333,0.650937565737755,0.866666666666667
"20-25%",38,3,0.21875,4,28,0.54691831274229,0.933333333333333
"20-25%",38,3,0.21875,5,26.9333333333333,0.459294754023252,0.8
"20-25%",38,3,0.21875,6,25.8,0.376155768574893,0.466666666666667
"20-25%",38,3,0.21875,7,25,0.303231760449862,0.733333333333333
"20-25%",38,3,0.21875,8,23.8666666666667,0.239149074119822,0.6
"20-25%",38,3,0.21875,9,22.2,0.184246314207926,0.533333333333333
"20-25%",38,3,0.21875,10,22,0.129202596099334,0.533333333333333
"20-25%",38,3,0.21875,11,19.8666666666667,0.0918976753288673,0.4
"20-25%",38,3,0.21875,12,19.8666666666667,0.0486563386504418,0.466666666666667
"20-25%",38,3,0.21875,13,17.8,0.0283739880437878,0.6
"20-25%",38,3,0.21875,14,18,0.00676578880490242,0.466666666666667
"20-25%",38,3,0.21875,15,17,-0.009148796272595,0.0666666666666667
"20-25%",38,3,0.21875,16,16.4666666666667,-0.00547508718982396,0.6
"20-25%",38,3,0.21875,17,16.4666666666667,-0.00283761759486891,0.266666666666667
"20-25%",38,3,0.21875,18,17.0666666666667,0.00751537891350981,0.333333333333333
"20-25%",38,3,0.21875,19,18.0666666666667,0.0262919839201858,0.4
"20-25%",38,3,0.21875,20,19.2,0.0583564584938382,0.2
"20-25%",38,3,0.21875,21,19.6666666666667,0.092945450207145,0.333333333333333
"20-25%",38,3,0.21875,22,21.5333333333333,0.127143217962451,0.533333333333333
"20-25%",38,3,0.21875,23,22.5333333333333,0.170536182090916,0.533333333333333
"20-25%",38,3,0.21875,24,23.8666666666667,0.239106007580466,0.466666666666667
"20-25%",38,3,0.21875,25,24.8,0.297486236210014,0.533333333333333
"20-25%",38,3,0.21875,26,25.8666666666667,0.368763034332826,0.733333333333333
"20-25%",38,3,0.21875,27,26.8,0.45039930952178,0.733333333333333
"20-25%",38,3,0.21875,28,27.9333333333333,0.541072008631011,0.8
"20-25%",38,3,0.21875,29,28.9333333333333,0.63903590318386,0.733333333333333
"20-25%",38,3,0.21875,30,29.9333333333333,0.748816730348616,0.933333333333333
"20-25%",38,3,0.21875,31,30.9333333333333,0.87077168272868,1
"20-25%",38,3,0.21875,32,32,1,2
"20-25%",55,4,0.21875,1,30.8666666666667,0.869215475433458,1.53333333333333
"20-25%",55,4,0.21875,2,29.7333333333333,0.747636841156722,1.2
"20-25%",55,4,0.21875,3,28.9333333333333,0.641774735996817,1
"20-25%",55,4,0.21875,4,27.8,0.540435461050972,0.8
"20-25%",55,4,0.21875,5,26.6,0.447301012561564,0.666666666666667
"20-25%",55,4,0.21875,6,25.6,0.373927726537347,0.6
"20-25%",55,4,0.21875,7,24.6,0.294319160910148,0.6
"20-25%",55,4,0.21875,8,23.8,0.229108428960818,0.8
"20-25%",55,4,0.21875,9,22.2,0.177548372871944,0.533333333333333
"20-25%",55,4,0.21875,10,21.4666666666667,0.121064168932587,0.466666666666667
"20-25%",55,4,0.21875,11,19,0.0912119256964794,0.266666666666667
"20-25%",55,4,0.21875,12,18.8,0.045852184627734,0.333333333333333
"20-25%",55,4,0.21875,13,17.5333333333333,0.0294266112468809,0.333333333333333
"20-25%",55,4,0.21875,14,16.8,0.00959945500924405,0.266666666666667
"20-25%",55,4,0.21875,15,16.0666666666667,-0.00144567300737992,0.133333333333333
"20-25%",55,4,0.21875,16,15.8666666666667,-0.00686581294490867,0.333333333333333
"20-25%",55,4,0.21875,17,15.7333333333333,-0.00353466438495425,0.133333333333333
"20-25%",55,4,0.21875,18,15.6,0.0110002929797583,0.0666666666666667
"20-25%",55,4,0.21875,19,17.6,0.0287322497205064,0.266666666666667
"20-25%",55,4,0.21875,20,19.4,0.0500376658952845,0.533333333333333
"20-25%",55,4,0.21875,21,19.4,0.0850636423683949,0.4
"20-25%",55,4,0.21875,22,21.0666666666667,0.125816858493298,0.466666666666667
"20-25%",55,4,0.21875,23,22.1333333333333,0.177202532786329,0.533333333333333
"20-25%",55,4,0.21875,24,23.5333333333333,0.226944195057035,0.533333333333333
"20-25%",55,4,0.21875,25,24.6,0.302649677614085,0.6
"20-25%",55,4,0.21875,26,25.6666666666667,0.37712429862415,0.733333333333333
"20-25%",55,4,0.21875,27,26.9333333333333,0.449650543613241,0.933333333333333
"20-25%",55,4,0.21875,28,27.9333333333333,0.543719146966045,1.06666666666667
"20-25%",55,4,0.21875,29,28.8666666666667,0.63661251413826,0.933333333333333
"20-25%",55,4,0.21875,30,29.8,0.751176508732402,1.13333333333333
"20-25%",55,4,0.21875,31,31,0.868437371785847,1.53333333333333
"20-25%",55,4,0.21875,32,32,1,2
"20-25%",65,5,0.21875,1,30.9333333333333,0.869604527257263,1.53333333333333
"20-25%",65,5,0.21875,2,29.9333333333333,0.74864369010401,1.4
"20-25%",65,5,0.21875,3,28.8,0.642427993013961,1.06666666666667
"20-25%",65,5,0.21875,4,27.6,0.53425107638438,0.733333333333333
"20-25%",65,5,0.21875,5,26.7333333333333,0.448901771931826,0.733333333333333
"20-25%",65,5,0.21875,6,25.6,0.374200314573722,0.6
"20-25%",65,5,0.21875,7,24.7333333333333,0.29630471770571,0.733333333333333
"20-25%",65,5,0.21875,8,23.6666666666667,0.23062718880809,0.666666666666667
"20-25%",65,5,0.21875,9,22.4,0.18151998553445,0.4
"20-25%",65,5,0.21875,10,21.0666666666667,0.131875611280401,0.466666666666667
"20-25%",65,5,0.21875,11,19.0666666666667,0.0836692229979591,0.6
"20-25%",65,5,0.21875,12,18.2666666666667,0.0597337539934864,0.466666666666667
"20-25%",65,5,0.21875,13,17.6666666666667,0.0231595175045341,0.333333333333333
"20-25%",65,5,0.21875,14,15.8666666666667,0.00891048993067834,0.466666666666667
"20-25%",65,5,0.21875,15,16.4,-0.00564575803503013,0.466666666666667
"20-25%",65,5,0.21875,16,15.8666666666667,-0.00269363567965455,0.333333333333333
"20-25%",65,5,0.21875,17,15.8,-0.00179312190608175,0.4
"20-25%",65,5,0.21875,18,16.4666666666667,0.00538213169442531,0.266666666666667
"20-25%",65,5,0.21875,19,17.1333333333333,0.0269863454465604,0.333333333333333
"20-25%",65,5,0.21875,20,18.6,0.0514002592462133,0.2
"20-25%",65,5,0.21875,21,20.3333333333333,0.0795321071478464,0.333333333333333
"20-25%",65,5,0.21875,22,21.6,0.124438207959571,0.6
"20-25%",65,5,0.21875,23,21.8666666666667,0.174870878424833,0.533333333333333
"20-25%",65,5,0.21875,24,23.5333333333333,0.238228810541287,0.6
"20-25%",65,5,0.21875,25,24.6,0.296396100714364,0.6
"20-25%",65,5,0.21875,26,25.6666666666667,0.377007002089373,0.733333333333333
"20-25%",65,5,0.21875,27,26.7333333333333,0.452555831982022,0.8
"20-25%",65,5,0.21875,28,27.7333333333333,0.535552192247777,0.733333333333333
"20-25%",65,5,0.21875,29,28.8,0.63782420866106,1.06666666666667
"20-25%",65,5,0.21875,30,29.9333333333333,0.746456951964829,1.33333333333333
"20-25%",65,5,0.21875,31,30.9333333333333,0.869993579081069,1.6
"20-25%",65,5,0.21875,32,32,1,2
"20-25%",105,6,0.21875,1,31,0.869993579081069,1.93333333333333
"20-25%",105,6,0.21875,2,30.1333333333333,0.751349548977008,1.73333333333333
"20-25%",105,6,0.21875,3,29.2,0.642405623531529,1.73333333333333
"20-25%",105,6,0.21875,4,28.0666666666667,0.543719146966045,1.53333333333333
"20-25%",105,6,0.21875,5,26.7333333333333,0.469358243679534,1.46666666666667
"20-25%",105,6,0.21875,6,26.2,0.362170875904692,1.4
"20-25%",105,6,0.21875,7,24.9333333333333,0.300076633328425,1.26666666666667
"20-25%",105,6,0.21875,8,24.5333333333333,0.233668619751053,1.26666666666667
"20-25%",105,6,0.21875,9,23.7333333333333,0.170645739669629,1.06666666666667
"20-25%",105,6,0.21875,10,22.9333333333333,0.117342120347665,1.06666666666667
"20-25%",105,6,0.21875,11,21.6666666666667,0.0847017380864644,0.933333333333333
"20-25%",105,6,0.21875,12,19.6,0.0597337539934864,0.666666666666667
"20-25%",105,6,0.21875,13,19.4666666666667,0.0247945874340654,0.533333333333333
"20-25%",105,6,0.21875,14,19.1333333333333,0.00891621688402404,0.666666666666667
"20-25%",105,6,0.21875,15,19,-0.00144567300737992,0.466666666666667
"20-25%",105,6,0.21875,16,18.7333333333333,-0.00408436143473926,0.733333333333333
"20-25%",105,6,0.21875,17,18.8,-0.00249016869616708,0.466666666666667
"20-25%",105,6,0.21875,18,19.2666666666667,0.0068149599282527,0.6
"20-25%",105,6,0.21875,19,20.6666666666667,0.0224540750646282,0.866666666666667
"20-25%",105,6,0.21875,20,19.6,0.053497031625183,0.533333333333333
"20-25%",105,6,0.21875,21,21.8666666666667,0.0716273792034364,0.6
"20-25%",105,6,0.21875,22,21.8,0.138018649953892,0.666666666666667
"20-25%",105,6,0.21875,23,23.2666666666667,0.184142693247576,1.26666666666667
"20-25%",105,6,0.21875,24,24.2,0.240136617020442,1.06666666666667
"20-25%",105,6,0.21875,25,25.4,0.292310846627514,1.26666666666667
"20-25%",105,6,0.21875,26,26.3333333333333,0.375168844622979,1.46666666666667
"20-25%",105,6,0.21875,27,27.2666666666667,0.452975111228293,1.46666666666667
"20-25%",105,6,0.21875,28,28.0666666666667,0.538666837885193,1.46666666666667
"20-25%",105,6,0.21875,29,29.2666666666667,0.637508764893704,1.6
"20-25%",105,6,0.21875,30,30.0666666666667,0.748989770593222,1.86666666666667
"20-25%",105,6,0.21875,31,30.9333333333333,0.869993579081069,1.8
"20-25%",105,6,0.21875,32,32,1,2
"20-25%",112,7,0.21875,1,30.8,0.868437371785847,1.53333333333333
"20-25%",112,7,0.21875,2,29.8,0.749996619540509,1.13333333333333
"20-25%",112,7,0.21875,3,28.8666666666667,0.642405623531529,1.26666666666667
"20-25%",112,7,0.21875,4,27.6,0.54054243449392,0.8
"20-25%",112,7,0.21875,5,26.6,0.459055048399234,0.733333333333333
"20-25%",112,7,0.21875,6,25.6666666666667,0.377950203288357,0.733333333333333
"20-25%",112,7,0.21875,7,24.6666666666667,0.297400257855681,0.666666666666667
"20-25%",112,7,0.21875,8,23.7333333333333,0.226310398012079,0.733333333333333
"20-25%",112,7,0.21875,9,21.8666666666667,0.187220814514287,0.533333333333333
"20-25%",112,7,0.21875,10,20.6666666666667,0.138018649953892,0.466666666666667
"20-25%",112,7,0.21875,11,20,0.0853797672810083,0.333333333333333
"20-25%",112,7,0.21875,12,19.2666666666667,0.0479596274102288,0.533333333333333
"20-25%",112,7,0.21875,13,17.5333333333333,0.027344607123279,0.266666666666667
"20-25%",112,7,0.21875,14,16.5333333333333,0.00746620779015954,0.533333333333333
"20-25%",112,7,0.21875,15,15.7333333333333,-0.00144352401469823,0.133333333333333
"20-25%",112,7,0.21875,16,15.8666666666667,-0.00686581294490867,0.266666666666667
"20-25%",112,7,0.21875,17,15.8666666666667,-0.00249016869616708,0.333333333333333
"20-25%",112,7,0.21875,18,16.3333333333333,0.0102998739945012,0.2
"20-25%",112,7,0.21875,19,17.5333333333333,0.0248932604094271,0.4
"20-25%",112,7,0.21875,20,18.7333333333333,0.0521116726351459,0.333333333333333
"20-25%",112,7,0.21875,21,19.2,0.0915816713802132,0.4
"20-25%",112,7,0.21875,22,20.8666666666667,0.123111848490417,0.4
"20-25%",112,7,0.21875,23,22.6666666666667,0.172850592866616,0.666666666666667
"20-25%",112,7,0.21875,24,23.4666666666667,0.235576426230208,0.533333333333333
"20-25%",112,7,0.21875,25,24.6,0.294964464613186,0.666666666666667
"20-25%",112,7,0.21875,26,25.3333333333333,0.37291547373516,0.6
"20-25%",112,7,0.21875,27,26.7333333333333,0.448901771931826,0.8
"20-25%",112,7,0.21875,28,27.7333333333333,0.542395577798528,1.13333333333333
"20-25%",112,7,0.21875,29,28.8666666666667,0.642090179764173,1.2
"20-25%",112,7,0.21875,30,29.9333333333333,0.752529438168901,1.33333333333333
"20-25%",112,7,0.21875,31,30.9333333333333,0.869604527257263,1.53333333333333
"20-25%",112,7,0.21875,32,32,1,2
"20-25%",130,8,0.21875,1,30.9333333333333,0.869604527257263,0.933333333333333
"20-25%",130,8,0.21875,2,29.9333333333333,0.750169659785115,0.533333333333333
"20-25%",130,8,0.21875,3,29,0.637508764893704,0.266666666666667
"20-25%",130,8,0.21875,4,27.9333333333333,0.537512308995333,0.133333333333333
"20-25%",130,8,0.21875,5,26.8666666666667,0.447314447530746,0.0666666666666667
"20-25%",130,8,0.21875,6,25.8666666666667,0.379092418741868,0.133333333333333
"20-25%",130,8,0.21875,7,24.8666666666667,0.293737078074371,0.0666666666666667
"20-25%",130,8,0.21875,8,24,0.235290394622156,0.133333333333333
"20-25%",130,8,0.21875,9,22.9333333333333,0.166596175958236,0
"20-25%",130,8,0.21875,10,21.6,0.127832543229315,0
"20-25%",130,8,0.21875,11,20.0666666666667,0.0836846037516907,0
"20-25%",130,8,0.21875,12,18.9333333333333,0.0528043521301644,0.0666666666666667
"20-25%",130,8,0.21875,13,17.9333333333333,0.0335895390385631,0.0666666666666667
"20-25%",130,8,0.21875,14,17.0666666666667,0.00891048993067834,0
"20-25%",130,8,0.21875,15,16.9333333333333,-0.00179527089876343,0
"20-25%",130,8,0.21875,16,16.3333333333333,-0.0138643409846277,0
"20-25%",130,8,0.21875,17,16.6,-0.00822466639016464,0
"20-25%",130,8,0.21875,18,17.1333333333333,0.00607682372633672,0
"20-25%",130,8,0.21875,19,18.4,0.0283850689573191,0
"20-25%",130,8,0.21875,20,19.3333333333333,0.0534929998799886,0
"20-25%",130,8,0.21875,21,20.3333333333333,0.0840006077003448,0
"20-25%",130,8,0.21875,22,21.8,0.129880222787146,0
"20-25%",130,8,0.21875,23,22.6,0.176565623459828,0
"20-25%",130,8,0.21875,24,23.8666666666667,0.244158260026416,0.133333333333333
"20-25%",130,8,0.21875,25,25,0.304795242939884,0.0666666666666667
"20-25%",130,8,0.21875,26,25.9333333333333,0.379576683766497,0.133333333333333
"20-25%",130,8,0.21875,27,26.9333333333333,0.456389465654471,0.2
"20-25%",130,8,0.21875,28,27.9333333333333,0.542035043939094,0.266666666666667
"20-25%",130,8,0.21875,29,28.9333333333333,0.636927957905616,0.333333333333333
"20-25%",130,8,0.21875,30,29.9333333333333,0.754889216552688,0.8
"20-25%",130,8,0.21875,31,30.9333333333333,0.869993579081069,0.866666666666667
"20-25%",130,8,0.21875,32,32,1,2
"20-25%",133,9,0.21875,1,30.8666666666667,0.869993579081069,0.866666666666667
"20-25%",133,9,0.21875,2,29.8,0.752529438168901,0.533333333333333
"20-25%",133,9,0.21875,3,28.8666666666667,0.64024759770666,0.2
"20-25%",133,9,0.21875,4,27.7333333333333,0.542395577798528,0.0666666666666667
"20-25%",133,9,0.21875,5,27,0.451237868014321,0.2
"20-25%",133,9,0.21875,6,25.8,0.375212567375909,0.0666666666666667
"20-25%",133,9,0.21875,7,24.9333333333333,0.294319160910148,0.0666666666666667
"20-25%",133,9,0.21875,8,23.8,0.238956506428089,0.133333333333333
"20-25%",133,9,0.21875,9,23,0.179753226068931,0
"20-25%",133,9,0.21875,10,22,0.120374843665723,0.0666666666666667
"20-25%",133,9,0.21875,11,20.2666666666667,0.0898482678335067,0
"20-25%",133,9,0.21875,12,19.2,0.0521304065290598,0
"20-25%",133,9,0.21875,13,17.8,0.0304670730809211,0
"20-25%",133,9,0.21875,14,17.0666666666667,0.0102998739945012,0
"20-25%",133,9,0.21875,15,16.6,-0.0014478220000616,0
"20-25%",133,9,0.21875,16,16.4,-0.0103695668911977,0
"20-25%",133,9,0.21875,17,16.4,-0.00390636454883931,0
"20-25%",133,9,0.21875,18,16.7333333333333,0.00334149976869564,0
"20-25%",133,9,0.21875,19,18.0666666666667,0.0185396550607716,0
"20-25%",133,9,0.21875,20,19.8666666666667,0.0493677520393744,0
"20-25%",133,9,0.21875,21,21,0.072983316628565,0
"20-25%",133,9,0.21875,22,21.2,0.107544485683157,0.0666666666666667
"20-25%",133,9,0.21875,23,22.7333333333333,0.168533140118495,0.0666666666666667
"20-25%",133,9,0.21875,24,23.9333333333333,0.22921144398465,0.0666666666666667
"20-25%",133,9,0.21875,25,24.9333333333333,0.294741235215688,0.2
"20-25%",133,9,0.21875,26,25.9333333333333,0.364696834828886,0.0666666666666667
"20-25%",133,9,0.21875,27,27,0.448572285269558,0
"20-25%",133,9,0.21875,28,27.8666666666667,0.54691831274229,0.333333333333333
"20-25%",133,9,0.21875,29,28.9333333333333,0.63903590318386,0.266666666666667
"20-25%",133,9,0.21875,30,30,0.751176508732402,0.666666666666667
"20-25%",133,9,0.21875,31,31,0.869215475433458,0.866666666666667
"20-25%",133,9,0.21875,32,32,1,2
"20-25%",134,10,0.21875,1,30.8666666666667,0.869604527257263,1.8
"20-25%",134,10,0.21875,2,29.8,0.748989770593222,1.33333333333333
"20-25%",134,10,0.21875,3,28.6,0.643301874286973,1
"20-25%",134,10,0.21875,4,27.8,0.551717061406657,1.26666666666667
"20-25%",134,10,0.21875,5,26.8666666666667,0.456718958089615,1.06666666666667
"20-25%",134,10,0.21875,6,25.6,0.368421394693248,1.06666666666667
"20-25%",134,10,0.21875,7,24.6,0.305816752913952,0.666666666666667
"20-25%",134,10,0.21875,8,23.7333333333333,0.233801238958309,0.933333333333333
"20-25%",134,10,0.21875,9,22.4,0.173104118959313,0.466666666666667
"20-25%",134,10,0.21875,10,21.6,0.126485887517401,0.866666666666667
"20-25%",134,10,0.21875,11,19.6,0.0785149728130727,0.533333333333333
"20-25%",134,10,0.21875,12,18.8,0.0535117337739025,0.4
"20-25%",134,10,0.21875,13,17.2,0.0269763449885506,0.466666666666667
"20-25%",134,10,0.21875,14,16.8666666666667,0.00891048993067834,0.2
"20-25%",134,10,0.21875,15,16.5333333333333,0.000990767268896238,0.533333333333333
"20-25%",134,10,0.21875,16,15.4666666666667,-0.00826551855285247,0.0666666666666667
"20-25%",134,10,0.21875,17,16.4666666666667,-0.00634065583243378,0.2
"20-25%",134,10,0.21875,18,17.0666666666667,0.00398129372391108,0.133333333333333
"20-25%",134,10,0.21875,19,17.6666666666667,0.025598702849333,0.2
"20-25%",134,10,0.21875,20,19.0666666666667,0.0528043521301644,0.4
"20-25%",134,10,0.21875,21,19.9333333333333,0.0871131708277147,0.333333333333333
"20-25%",134,10,0.21875,22,21.4666666666667,0.112870219802531,0.466666666666667
"20-25%",134,10,0.21875,23,22.5333333333333,0.176839449114919,0.533333333333333
"20-25%",134,10,0.21875,24,23.3333333333333,0.236364070601487,0.4
"20-25%",134,10,0.21875,25,24.7333333333333,0.299055123354358,0.933333333333333
"20-25%",134,10,0.21875,26,25.6666666666667,0.373443461512719,0.733333333333333
"20-25%",134,10,0.21875,27,26.6666666666667,0.450385874552598,0.866666666666667
"20-25%",134,10,0.21875,28,28,0.531136430746963,1.26666666666667
"20-25%",134,10,0.21875,29,29,0.645144456344485,1.4
"20-25%",134,10,0.21875,30,29.9333333333333,0.749996619540509,1.46666666666667
"20-25%",134,10,0.21875,31,30.9333333333333,0.869604527257263,1.66666666666667
"20-25%",134,10,0.21875,32,32,1,2
"20-25%",140,11,0.21875,1,30.9333333333333,0.868048319962042,1.8
"20-25%",140,11,0.21875,2,29.9333333333333,0.748297609614798,1.4
"20-25%",140,11,0.21875,3,28.7333333333333,0.640563041474016,0.933333333333333
"20-25%",140,11,0.21875,4,27.9333333333333,0.545318729854167,1.06666666666667
"20-25%",140,11,0.21875,5,26.8666666666667,0.450159603897761,1
"20-25%",140,11,0.21875,6,25.6,0.36793712966862,0.666666666666667
"20-25%",140,11,0.21875,7,24.6,0.285715769122265,0.666666666666667
"20-25%",140,11,0.21875,8,23.7333333333333,0.2343532490985,0.733333333333333
"20-25%",140,11,0.21875,9,21.6,0.185799895134382,0.266666666666667
"20-25%",140,11,0.21875,10,21.5333333333333,0.119723201668681,0.533333333333333
"20-25%",140,11,0.21875,11,19.9333333333333,0.0857416715629388,0.4
"20-25%",140,11,0.21875,12,18.9333333333333,0.0569751312489954,0.4
"20-25%",140,11,0.21875,13,17.6666666666667,0.0235066982677213,0.333333333333333
"20-25%",140,11,0.21875,14,16.5333333333333,0.00473661078586417,0.2
"20-25%",140,11,0.21875,15,16.4666666666667,-0.00286186886005215,0.266666666666667
"20-25%",140,11,0.21875,16,15.6,-0.0117602926462824,0.266666666666667
"20-25%",140,11,0.21875,17,15.6,-0.00388211328365608,0.2
"20-25%",140,11,0.21875,18,17,0.00328660169199966,0.4
"20-25%",140,11,0.21875,19,16.6,0.0269863454465604,0.333333333333333
"20-25%",140,11,0.21875,20,19.2,0.050052368044004,0.4
"20-25%",140,11,0.21875,21,19.6666666666667,0.0881377235504575,0.533333333333333
"20-25%",140,11,0.21875,22,21.4,0.128501572253418,0.4
"20-25%",140,11,0.21875,23,22.4,0.174562581487408,0.4
"20-25%",140,11,0.21875,24,23.8,0.226104367964416,0.8
"20-25%",140,11,0.21875,25,24.5333333333333,0.28815156236476,0.6
"20-25%",140,11,0.21875,26,25.7333333333333,0.363386665140051,0.733333333333333
"20-25%",140,11,0.21875,27,26.6666666666667,0.447733726777017,0.733333333333333
"20-25%",140,11,0.21875,28,27.7333333333333,0.537343268717676,0.866666666666667
"20-25%",140,11,0.21875,29,28.6666666666667,0.646356150867286,1.06666666666667
"20-25%",140,11,0.21875,30,29.8666666666667,0.747809881401328,1.4
"20-25%",140,11,0.21875,31,31,0.869604527257263,1.66666666666667
"20-25%",140,11,0.21875,32,32,1,2
"20-25%",143,12,0.21875,1,31,0.868826423609653,1.66666666666667
"20-25%",143,12,0.21875,2,29.8,0.748816730348616,1.26666666666667
"20-25%",143,12,0.21875,3,28.9333333333333,0.645144456344485,1.26666666666667
"20-25%",143,12,0.21875,4,27.6666666666667,0.540435461050972,1
"20-25%",143,12,0.21875,5,26.6666666666667,0.449321051178096,1.06666666666667
"20-25%",143,12,0.21875,6,25.5333333333333,0.357421397121596,0.733333333333333
"20-25%",143,12,0.21875,7,24.6666666666667,0.301063437636991,0.733333333333333
"20-25%",143,12,0.21875,8,23.4,0.237690262757026,0.4
"20-25%",143,12,0.21875,9,22.8,0.17747635844142,0.866666666666667
"20-25%",143,12,0.21875,10,20.8666666666667,0.119705814641621,0.4
"20-25%",143,12,0.21875,11,19.9333333333333,0.0946711333160074,0.333333333333333
"20-25%",143,12,0.21875,12,18.4,0.0555857405137638,0.2
"20-25%",143,12,0.21875,13,18.3333333333333,0.0182046356666373,0.4
"20-25%",143,12,0.21875,14,17.1333333333333,0.00542557586442988,0.4
"20-25%",143,12,0.21875,15,16.4,-0.0112620389153526,0.133333333333333
"20-25%",143,12,0.21875,16,16.6,-0.0124646353766839,0.333333333333333
"20-25%",143,12,0.21875,17,16.3333333333333,-0.00283761759486891,0.466666666666667
"20-25%",143,12,0.21875,18,16.1333333333333,0.011689258058324,0.2
"20-25%",143,12,0.21875,19,17.9333333333333,0.0290683495701623,0.266666666666667
"20-25%",143,12,0.21875,20,19.4,0.049344986400266,0.533333333333333
"20-25%",143,12,0.21875,21,19.6666666666667,0.0829759340136428,0.466666666666667
"20-25%",143,12,0.21875,22,21.5333333333333,0.127175212784265,0.6
"20-25%",143,12,0.21875,23,22,0.189114298907993,0.466666666666667
"20-25%",143,12,0.21875,24,23.7333333333333,0.233130071966792,0.866666666666667
"20-25%",143,12,0.21875,25,24.5333333333333,0.291215306477543,0.733333333333333
"20-25%",143,12,0.21875,26,25.6,0.372158620674157,0.733333333333333
"20-25%",143,12,0.21875,27,26.8,0.451058294392069,1.06666666666667
"20-25%",143,12,0.21875,28,27.6,0.537151775135899,1
"20-25%",143,12,0.21875,29,28.8,0.633558237557947,1.2
"20-25%",143,12,0.21875,30,29.9333333333333,0.751349548977008,1.46666666666667
"20-25%",143,12,0.21875,31,31,0.869993579081069,1.86666666666667
"20-25%",143,12,0.21875,32,32,1,2
"20-25%",144,13,0.21875,1,31,0.869993579081069,0.933333333333333
"20-25%",144,13,0.21875,2,29.8,0.750169659785115,0.4
"20-25%",144,13,0.21875,3,29,0.636927957905616,0.466666666666667
"20-25%",144,13,0.21875,4,27.9333333333333,0.547002832881118,0.333333333333333
"20-25%",144,13,0.21875,5,26.8666666666667,0.446745249471583,0.266666666666667
"20-25%",144,13,0.21875,6,25.8666666666667,0.368551357344572,0.2
"20-25%",144,13,0.21875,7,24.9333333333333,0.302581052092503,0.266666666666667
"20-25%",144,13,0.21875,8,23.7333333333333,0.239252089143653,0.0666666666666667
"20-25%",144,13,0.21875,9,23,0.178496651001725,0
"20-25%",144,13,0.21875,10,21.6,0.124443896407579,0
"20-25%",144,13,0.21875,11,19.6666666666667,0.0905492772556671,0
"20-25%",144,13,0.21875,12,19.1333333333333,0.0542044132689211,0
"20-25%",144,13,0.21875,13,17.4666666666667,0.0315075349149612,0
"20-25%",144,13,0.21875,14,17.6,0.00189721762817684,0
"20-25%",144,13,0.21875,15,15.9333333333333,-0.00425381344754114,0
"20-25%",144,13,0.21875,16,16.4,-0.00269363567965455,0
"20-25%",144,13,0.21875,17,16.6,-0.00752761960007931,0
"20-25%",144,13,0.21875,18,17.0666666666667,0.0068206868815984,0
"20-25%",144,13,0.21875,19,17.7333333333333,0.0311614346072956,0.133333333333333
"20-25%",144,13,0.21875,20,18.9333333333333,0.0583564584938382,0
"20-25%",144,13,0.21875,21,20.2,0.0908806619580528,0
"20-25%",144,13,0.21875,22,21.6666666666667,0.131250275657164,0.0666666666666667
"20-25%",144,13,0.21875,23,22.6666666666667,0.168236134259246,0
"20-25%",144,13,0.21875,24,24,0.238361429748543,0.133333333333333
"20-25%",144,13,0.21875,25,24.9333333333333,0.304144534582525,0.2
"20-25%",144,13,0.21875,26,26,0.368719311579896,0.0666666666666667
"20-25%",144,13,0.21875,27,26.8666666666667,0.454562435629373,0.133333333333333
"20-25%",144,13,0.21875,28,27.8,0.536019699550159,0.133333333333333
"20-25%",144,13,0.21875,29,29,0.642090179764173,0.466666666666667
"20-25%",144,13,0.21875,30,29.9333333333333,0.746283911720223,0.4
"20-25%",144,13,0.21875,31,30.9333333333333,0.869604527257263,0.8
"20-25%",144,13,0.21875,32,32,1,2
"20-25%",148,14,0.21875,1,30.9333333333333,0.868437371785847,1.66666666666667
"20-25%",148,14,0.21875,2,29.9333333333333,0.747463800912116,1.13333333333333
"20-25%",148,14,0.21875,3,28.9333333333333,0.643932761821685,1
"20-25%",148,14,0.21875,4,27.6666666666667,0.538582317746365,0.666666666666667
"20-25%",148,14,0.21875,5,26.7333333333333,0.446236189187063,0.733333333333333
"20-25%",148,14,0.21875,6,25.7333333333333,0.373468790362992,0.733333333333333
"20-25%",148,14,0.21875,7,24.6,0.295323318051465,0.6
"20-25%",148,14,0.21875,8,23.5333333333333,0.232445442619345,0.533333333333333
"20-25%",148,14,0.21875,9,22,0.180116309740341,0.4
"20-25%",148,14,0.21875,10,20.9333333333333,0.124438207959571,0.333333333333333
"20-25%",148,14,0.21875,11,20.1333333333333,0.0823055651349864,0.666666666666667
"20-25%",148,14,0.21875,12,18.8,0.049326252506352,0.466666666666667
"20-25%",148,14,0.21875,13,17.5333333333333,0.026975264533029,0.2
"20-25%",148,14,0.21875,14,15.9333333333333,0.00820434399207552,0.0666666666666667
"20-25%",148,14,0.21875,15,15.6,-5.37284198909272e-05,0.133333333333333
"20-25%",148,14,0.21875,16,16.3333333333333,-0.00757015567531011,0.466666666666667
"20-25%",148,14,0.21875,17,16.4666666666667,-0.00738730051390263,0.466666666666667
"20-25%",148,14,0.21875,18,17,0.00751537891350981,0.333333333333333
"20-25%",148,14,0.21875,19,17.4,0.0290794304836937,0.4
"20-25%",148,14,0.21875,20,19.2,0.0498831391005745,0.666666666666667
"20-25%",148,14,0.21875,21,19.8,0.087120710179643,0.333333333333333
"20-25%",148,14,0.21875,22,21.2666666666667,0.112916822419097,0.6
"20-25%",148,14,0.21875,23,22,0.177579963512513,0.4
"20-25%",148,14,0.21875,24,23.7333333333333,0.236749205984951,0.733333333333333
"20-25%",148,14,0.21875,25,24.8,0.29996789748702,0.8
"20-25%",148,14,0.21875,26,25.6666666666667,0.364281621407461,0.666666666666667
"20-25%",148,14,0.21875,27,26.8,0.459714033269523,0.8
"20-25%",148,14,0.21875,28,27.8,0.548517895630412,0.8
"20-25%",148,14,0.21875,29,28.8666666666667,0.643617318054329,0.933333333333333
"20-25%",148,14,0.21875,30,29.8,0.747809881401328,1.06666666666667
"20-25%",148,14,0.21875,31,30.9333333333333,0.869993579081069,1.33333333333333
"20-25%",148,14,0.21875,32,32,1,2
"20-25%",149,15,0.21875,1,30.9333333333333,0.869604527257263,0.866666666666667
"20-25%",149,15,0.21875,2,30,0.74864369010401,0.6
"20-25%",149,15,0.21875,3,28.9333333333333,0.642090179764173,0.4
"20-25%",149,15,0.21875,4,27.8666666666667,0.550201998657363,0.4
"20-25%",149,15,0.21875,5,26.9333333333333,0.452975111228293,0.133333333333333
"20-25%",149,15,0.21875,6,25.9333333333333,0.371215419475173,0.2
"20-25%",149,15,0.21875,7,24.8666666666667,0.292242221105931,0
"20-25%",149,15,0.21875,8,23.9333333333333,0.23949505421235,0.0666666666666667
"20-25%",149,15,0.21875,9,22.6,0.179715682920741,0
"20-25%",149,15,0.21875,10,22,0.125816858493298,0
"20-25%",149,15,0.21875,11,20.6666666666667,0.0853797672810083,0.133333333333333
"20-25%",149,15,0.21875,12,19.6666666666667,0.0465448641227526,0
"20-25%",149,15,0.21875,13,16.9333333333333,0.026975264533029,0
"20-25%",149,15,0.21875,14,17.5333333333333,0.00960518196258975,0
"20-25%",149,15,0.21875,15,16.4666666666667,-0.0084317962026898,0
"20-25%",149,15,0.21875,16,16.6666666666667,-0.00757015567531011,0
"20-25%",149,15,0.21875,17,16.3333333333333,-0.0052983091363283,0
"20-25%",149,15,0.21875,18,16.6666666666667,0.0109945660264126,0
"20-25%",149,15,0.21875,19,18.6666666666667,0.0297727115545465,0
"20-25%",149,15,0.21875,20,19.2666666666667,0.0528190542788839,0
"20-25%",149,15,0.21875,21,20.5333333333333,0.0795473669376188,0
"20-25%",149,15,0.21875,22,22,0.123757480356416,0
"20-25%",149,15,0.21875,23,22.7333333333333,0.173827405660369,0
"20-25%",149,15,0.21875,24,24,0.237005633409579,0.133333333333333
"20-25%",149,15,0.21875,25,25,0.303323143458517,0.0666666666666667
"20-25%",149,15,0.21875,26,25.8666666666667,0.368278769308198,0.0666666666666667
"20-25%",149,15,0.21875,27,26.9333333333333,0.449740330424367,0.0666666666666667
"20-25%",149,15,0.21875,28,27.8666666666667,0.540711474771577,0.2
"20-25%",149,15,0.21875,29,29,0.630819404744991,0.133333333333333
"20-25%",149,15,0.21875,30,29.8666666666667,0.756069105744581,0.8
"20-25%",149,15,0.21875,31,30.9333333333333,0.869604527257263,0.933333333333333
"20-25%",149,15,0.21875,32,32,1,2
"20-25%",163,16,0.21875,1,31,0.869993579081069,1.26666666666667
"20-25%",163,16,0.21875,2,29.8,0.753709327360795,0.866666666666667
"20-25%",163,16,0.21875,3,28.8,0.63540081961546,0.8
"20-25%",163,16,0.21875,4,27.7333333333333,0.534504636800865,0.733333333333333
"20-25%",163,16,0.21875,5,26.6,0.459384540834378,0.466666666666667
"20-25%",163,16,0.21875,6,25.8,0.373927726537347,0.733333333333333
"20-25%",163,16,0.21875,7,24.6,0.297982340691458,0.466666666666667
"20-25%",163,16,0.21875,8,23.6666666666667,0.2237475663689,0.6
"20-25%",163,16,0.21875,9,22.5333333333333,0.166530098146075,0.4
"20-25%",163,16,0.21875,10,21.7333333333333,0.127128610167699,0.6
"20-25%",163,16,0.21875,11,19.9333333333333,0.0812808914482844,0.4
"20-25%",163,16,0.21875,12,19.2,0.0486563386504418,0.266666666666667
"20-25%",163,16,0.21875,13,17.8666666666667,0.0276917878864663,0.333333333333333
"20-25%",163,16,0.21875,14,16.8666666666667,0.00960518196258975,0.4
"20-25%",163,16,0.21875,15,16.5333333333333,-5.37284198909272e-05,0.333333333333333
"20-25%",163,16,0.21875,16,16.0666666666667,-0.00966522416079626,0.133333333333333
"20-25%",163,16,0.21875,17,16.2666666666667,0.00203311396500172,0.2
"20-25%",163,16,0.21875,18,17.1333333333333,0.00891621688402404,0.266666666666667
"20-25%",163,16,0.21875,19,17.8666666666667,0.0235066982677213,0.666666666666667
"20-25%",163,16,0.21875,20,19.3333333333333,0.0555857405137638,0.4
"20-25%",163,16,0.21875,21,19.7333333333333,0.0898559882713508,0.133333333333333
"20-25%",163,16,0.21875,22,21.5333333333333,0.133286256635942,0.6
"20-25%",163,16,0.21875,23,21.9333333333333,0.186436804460882,0.533333333333333
"20-25%",163,16,0.21875,24,23.8,0.2241591915387,0.733333333333333
"20-25%",163,16,0.21875,25,24.7333333333333,0.299631801535813,0.6
"20-25%",163,16,0.21875,26,25.6666666666667,0.374529288096753,0.466666666666667
"20-25%",163,16,0.21875,27,26.9333333333333,0.453813663947958,0.866666666666667
"20-25%",163,16,0.21875,28,27.8666666666667,0.531581484745225,0.866666666666667
"20-25%",163,16,0.21875,29,28.7333333333333,0.63782420866106,0.733333333333333
"20-25%",163,16,0.21875,30,29.8666666666667,0.747636841156722,1
"20-25%",163,16,0.21875,31,30.8666666666667,0.869993579081069,1.06666666666667
"20-25%",163,16,0.21875,32,32,1,2
"20-25%",180,17,0.21875,1,31,0.870382630904874,1.86666666666667
"20-25%",180,17,0.21875,2,29.9333333333333,0.757248994936475,1.86666666666667
"20-25%",180,17,0.21875,3,29.1333333333333,0.640563041474016,1.6
"20-25%",180,17,0.21875,4,28.4666666666667,0.530691376748701,1.6
"20-25%",180,17,0.21875,5,26.6,0.442252636701722,1.06666666666667
"20-25%",180,17,0.21875,6,26.3333333333333,0.366993928469636,1.53333333333333
"20-25%",180,17,0.21875,7,24.9333333333333,0.300059280495674,1
"20-25%",180,17,0.21875,8,24.4666666666667,0.22548538369424,1.2
"20-25%",180,17,0.21875,9,24.3333333333333,0.161679357031804,1.33333333333333
"20-25%",180,17,0.21875,10,21.7333333333333,0.135991266638823,1.2
"20-25%",180,17,0.21875,11,21.9333333333333,0.0785149728130727,0.866666666666667
"20-25%",180,17,0.21875,12,20.5333333333333,0.0576637789988196,0.8
"20-25%",180,17,0.21875,13,19.4,0.0304670730809211,0.466666666666667
"20-25%",180,17,0.21875,14,19.1333333333333,0.00821007094542122,0.466666666666667
"20-25%",180,17,0.21875,15,18.9333333333333,-0.00527405787114507,0.533333333333333
"20-25%",180,17,0.21875,16,19.2,-0.00896986128325391,0.466666666666667
"20-25%",180,17,0.21875,17,19.0666666666667,-0.00562365576252858,0.6
"20-25%",180,17,0.21875,18,19.1333333333333,0.00403619180060705,0.4
"20-25%",180,17,0.21875,19,19.8,0.0248932604094271,0.666666666666667
"20-25%",180,17,0.21875,20,21.0666666666667,0.0521304065290598,0.933333333333333
"20-25%",180,17,0.21875,21,21.4,0.0891549788491905,0.933333333333333
"20-25%",180,17,0.21875,22,21.6,0.125796562250537,0.866666666666667
"20-25%",180,17,0.21875,23,23.4666666666667,0.172230927125911,1.13333333333333
"20-25%",180,17,0.21875,24,24.2,0.240239632044274,1.26666666666667
"20-25%",180,17,0.21875,25,25,0.304235917591179,1.26666666666667
"20-25%",180,17,0.21875,26,26.3333333333333,0.366050727270652,1.33333333333333
"20-25%",180,17,0.21875,27,26.8666666666667,0.449321051178096,1.26666666666667
"20-25%",180,17,0.21875,28,28,0.539027371744627,1.4
"20-25%",180,17,0.21875,29,29.0666666666667,0.640878485241373,1.46666666666667
"20-25%",180,17,0.21875,30,29.8666666666667,0.747636841156722,1.6
"20-25%",180,17,0.21875,31,31.0666666666667,0.869993579081069,2
"20-25%",180,17,0.21875,32,32,1,2
"20-25%",182,18,0.21875,1,30.9333333333333,0.868826423609653,1.33333333333333
"20-25%",182,18,0.21875,2,29.9333333333333,0.745277062772936,1.33333333333333
"20-25%",182,18,0.21875,3,28.9333333333333,0.639351346951216,0.933333333333333
"20-25%",182,18,0.21875,4,27.8666666666667,0.53770380257711,0.933333333333333
"20-25%",182,18,0.21875,5,26.7333333333333,0.457228018374136,0.733333333333333
"20-25%",182,18,0.21875,6,25.8,0.36653499229528,0.8
"20-25%",182,18,0.21875,7,24.5333333333333,0.288306166240676,0.533333333333333
"20-25%",182,18,0.21875,8,23.6,0.229507026700213,0.6
"20-25%",182,18,0.21875,9,22.5333333333333,0.175819156554614,0.533333333333333
"20-25%",182,18,0.21875,10,20.8,0.127832543229315,0.533333333333333
"20-25%",182,18,0.21875,11,20.2,0.0864121614055544,0.266666666666667
"20-25%",182,18,0.21875,12,19,0.053497031625183,0.466666666666667
"20-25%",182,18,0.21875,13,17.4,0.0248943408649487,0.466666666666667
"20-25%",182,18,0.21875,14,15.8666666666667,0.0110002929797583,0.466666666666667
"20-25%",182,18,0.21875,15,15.8,-0.00179527089876343,0.466666666666667
"20-25%",182,18,0.21875,16,15.4,-0.00826551855285247,0.2
"20-25%",182,18,0.21875,17,16.0666666666667,-0.00249016869616708,0.266666666666667
"20-25%",182,18,0.21875,18,16,0.00821579789876693,0.266666666666667
"20-25%",182,18,0.21875,19,17.4,0.0280378881941319,0.2
"20-25%",182,18,0.21875,20,18.5333333333333,0.0507450475390226,0.2
"20-25%",182,18,0.21875,21,20.3333333333333,0.0822749245914825,0.333333333333333
"20-25%",182,18,0.21875,22,21.5333333333333,0.126485887517401,0.533333333333333
"20-25%",182,18,0.21875,23,22.2666666666667,0.17446431498687,0.533333333333333
"20-25%",182,18,0.21875,24,23.8666666666667,0.237647196217671,0.866666666666667
"20-25%",182,18,0.21875,25,24.8,0.300145258850008,0.8
"20-25%",182,18,0.21875,26,25.7333333333333,0.37860815371724,0.8
"20-25%",182,18,0.21875,27,26.4666666666667,0.458965261588108,0.466666666666667
"20-25%",182,18,0.21875,28,27.9333333333333,0.537151775135899,1
"20-25%",182,18,0.21875,29,28.8666666666667,0.632684356284935,0.866666666666667
"20-25%",182,18,0.21875,30,29.9333333333333,0.750169659785115,1.2
"20-25%",182,18,0.21875,31,31,0.869215475433458,1.53333333333333
"20-25%",182,18,0.21875,32,32,1,2
"20-25%",201,19,0.21875,1,30.8666666666667,0.870382630904874,1.06666666666667
"20-25%",201,19,0.21875,2,30,0.74864369010401,1
"20-25%",201,19,0.21875,3,28.7333333333333,0.642405623531529,0.733333333333333
"20-25%",201,19,0.21875,4,27.8666666666667,0.538751358024021,0.866666666666667
"20-25%",201,19,0.21875,5,26.8666666666667,0.45755751080928,0.866666666666667
"20-25%",201,19,0.21875,6,25.8,0.370804728232391,0.8
"20-25%",201,19,0.21875,7,24.8,0.31198435145934,0.8
"20-25%",201,19,0.21875,8,23.5333333333333,0.242935082894708,0.533333333333333
"20-25%",201,19,0.21875,9,22.2666666666667,0.174908421573022,0.6
"20-25%",201,19,0.21875,10,20.7333333333333,0.127864538051129,0.4
"20-25%",201,19,0.21875,11,19.1333333333333,0.0950025180183931,0.266666666666667
"20-25%",201,19,0.21875,12,19.0666666666667,0.0507490792842171,0.333333333333333
"20-25%",201,19,0.21875,13,17.3333333333333,0.0294255307913593,0.2
"20-25%",201,19,0.21875,14,16.4666666666667,0.0102998739945012,0.133333333333333
"20-25%",201,19,0.21875,15,15.8666666666667,-0.00318721548625242,0.333333333333333
"20-25%",201,19,0.21875,16,15.5333333333333,-0.00477972431228161,0
"20-25%",201,19,0.21875,17,15.5333333333333,-0.00179312190608175,0.266666666666667
"20-25%",201,19,0.21875,18,16.7333333333333,0.0123896770435811,0.4
"20-25%",201,19,0.21875,19,17,0.0280389686496535,0.0666666666666667
"20-25%",201,19,0.21875,20,18.7333333333333,0.0604304652336995,0.4
"20-25%",201,19,0.21875,21,19.8666666666667,0.0819589206428283,0.2
"20-25%",201,19,0.21875,22,21.1333333333333,0.123117536938426,0.533333333333333
"20-25%",201,19,0.21875,23,22.4666666666667,0.185837438282571,0.333333333333333
"20-25%",201,19,0.21875,24,23.7333333333333,0.22419656148526,0.733333333333333
"20-25%",201,19,0.21875,25,24.6666666666667,0.298068319045791,0.666666666666667
"20-25%",201,19,0.21875,26,25.6666666666667,0.360544395426552,0.666666666666667
"20-25%",201,19,0.21875,27,26.7333333333333,0.453064898039419,0.733333333333333
"20-25%",201,19,0.21875,28,27.8,0.543719146966045,0.8
"20-25%",201,19,0.21875,29,28.8,0.639351346951216,0.8
"20-25%",201,19,0.21875,30,29.8666666666667,0.747463800912116,1
"20-25%",201,19,0.21875,31,30.8666666666667,0.870382630904874,1.13333333333333
"20-25%",201,19,0.21875,32,32,1,2
"20-25%",204,20,0.21875,1,30.9333333333333,0.869215475433458,1.26666666666667
"20-25%",204,20,0.21875,2,29.8666666666667,0.752529438168901,1.13333333333333
"20-25%",204,20,0.21875,3,29,0.638139652428416,1.06666666666667
"20-25%",204,20,0.21875,4,27.8,0.532459999914481,0.866666666666667
"20-25%",204,20,0.21875,5,26.8666666666667,0.447823513588143,0.866666666666667
"20-25%",204,20,0.21875,6,25.8666666666667,0.378409139462712,0.866666666666667
"20-25%",204,20,0.21875,7,24.4,0.302136220299891,0.4
"20-25%",204,20,0.21875,8,23.6666666666667,0.236902618385748,0.666666666666667
"20-25%",204,20,0.21875,9,22.4,0.17907877359424,0.733333333333333
"20-25%",204,20,0.21875,10,21.0666666666667,0.135313639951011,0.4
"20-25%",204,20,0.21875,11,19.8,0.0905186367121631,0.466666666666667
"20-25%",204,20,0.21875,12,18.8,0.0548783588700257,0.333333333333333
"20-25%",204,20,0.21875,13,17.1333333333333,0.0325479967490013,0.2
"20-25%",204,20,0.21875,14,16.5333333333333,0.00398702067725678,0.4
"20-25%",204,20,0.21875,15,15.8666666666667,-0.00773474941260446,0.133333333333333
"20-25%",204,20,0.21875,16,15.6666666666667,-0.00548406704268306,0.333333333333333
"20-25%",204,20,0.21875,17,15.9333333333333,-0.000403326311274439,0.466666666666667
"20-25%",204,20,0.21875,18,16.6666666666667,0.0123896770435811,0.333333333333333
"20-25%",204,20,0.21875,19,17.6,0.021413613230588,0.4
"20-25%",204,20,0.21875,20,18.9333333333333,0.046567629761861,0.266666666666667
"20-25%",204,20,0.21875,21,19.6666666666667,0.0932920946993031,0.333333333333333
"20-25%",204,20,0.21875,22,21.6666666666667,0.125796562250537,0.666666666666667
"20-25%",204,20,0.21875,23,22.0666666666667,0.179862783647644,0.4
"20-25%",204,20,0.21875,24,23.6666666666667,0.233219624634693,0.666666666666667
"20-25%",204,20,0.21875,25,24.5333333333333,0.290142523814643,0.533333333333333
"20-25%",204,20,0.21875,26,25.8666666666667,0.374386662711703,0.866666666666667
"20-25%",204,20,0.21875,27,26.7333333333333,0.44608627037417,0.8
"20-25%",204,20,0.21875,28,27.7333333333333,0.548602415769241,0.733333333333333
"20-25%",204,20,0.21875,29,28.8,0.640563041474016,0.8
"20-25%",204,20,0.21875,30,29.7333333333333,0.749996619540509,0.733333333333333
"20-25%",204,20,0.21875,31,30.9333333333333,0.869993579081069,1.26666666666667
"20-25%",204,20,0.21875,32,32,1,2
"25-30%",8,1,0.28125,1,30.8666666666667,0.875993528849184,1.33333333333333
"25-30%",8,1,0.28125,2,29.8,0.760455916860115,0.933333333333333
"25-30%",8,1,0.28125,3,28.9333333333333,0.650355136042184,0.933333333333333
"25-30%",8,1,0.28125,4,27.8666666666667,0.552514649584252,0.866666666666667
"25-30%",8,1,0.28125,5,26.6,0.466073775408781,0.6
"25-30%",8,1,0.28125,6,25.6666666666667,0.381347804678553,0.6
"25-30%",8,1,0.28125,7,24.6,0.30673550206397,0.6
"25-30%",8,1,0.28125,8,23.1333333333333,0.244086335689887,0.6
"25-30%",8,1,0.28125,9,20.6,0.185073751856736,0.4
"25-30%",8,1,0.28125,10,20.9333333333333,0.133087849983622,0.333333333333333
"25-30%",8,1,0.28125,11,19.9333333333333,0.0911367312909045,0.333333333333333
"25-30%",8,1,0.28125,12,17.1333333333333,0.0592877052302648,0
"25-30%",8,1,0.28125,13,17.1333333333333,0.0327774618769389,0.266666666666667
"25-30%",8,1,0.28125,14,16.5333333333333,0.0123142180125623,0.266666666666667
"25-30%",8,1,0.28125,15,15.9333333333333,-0.00233735278833788,0.466666666666667
"25-30%",8,1,0.28125,16,15.6666666666667,-0.00483784132710617,0.4
"25-30%",8,1,0.28125,17,15.8666666666667,-0.000505878146089733,0.333333333333333
"25-30%",8,1,0.28125,18,16.5333333333333,0.0123142180125623,0.4
"25-30%",8,1,0.28125,19,15.4,0.0291362621441661,0.2
"25-30%",8,1,0.28125,20,18.3333333333333,0.0584871035520463,0.266666666666667
"25-30%",8,1,0.28125,21,17.8666666666667,0.0941065318709948,0.4
"25-30%",8,1,0.28125,22,19.6666666666667,0.128995444079854,0.333333333333333
"25-30%",8,1,0.28125,23,22,0.182183453790891,0.333333333333333
"25-30%",8,1,0.28125,24,23.6,0.240050170291218,0.533333333333333
"25-30%",8,1,0.28125,25,23.9333333333333,0.309788555285324,0.4
"25-30%",8,1,0.28125,26,25.8,0.382258414470392,0.8
"25-30%",8,1,0.28125,27,26.7333333333333,0.466301321178002,0.733333333333333
"25-30%",8,1,0.28125,28,27.6666666666667,0.553896539795514,0.666666666666667
"25-30%",8,1,0.28125,29,28.8666666666667,0.652855552376471,0.933333333333333
"25-30%",8,1,0.28125,30,29.8,0.760455916860115,0.933333333333333
"25-30%",8,1,0.28125,31,31,0.875993528849184,1.26666666666667
"25-30%",8,1,0.28125,32,32,1,2
"25-30%",11,2,0.25,1,30.9333333333333,0.873983737327655,1.2
"25-30%",11,2,0.25,2,29.7333333333333,0.757198137557779,0.8
"25-30%",11,2,0.25,3,28.9333333333333,0.650199277693516,0.933333333333333
"25-30%",11,2,0.25,4,27.6,0.546761339731738,0.6
"25-30%",11,2,0.25,5,26.7333333333333,0.461953046702399,0.666666666666667
"25-30%",11,2,0.25,6,25.6666666666667,0.372258423404869,0.666666666666667
"25-30%",11,2,0.25,7,24.5333333333333,0.296829514168083,0.533333333333333
"25-30%",11,2,0.25,8,23.2666666666667,0.238040553446039,0.666666666666667
"25-30%",11,2,0.25,9,21.6,0.182830305524959,0.466666666666667
"25-30%",11,2,0.25,10,21.2666666666667,0.132083155922121,0.6
"25-30%",11,2,0.25,11,19.7333333333333,0.0815236865087991,0.4
"25-30%",11,2,0.25,12,18.7333333333333,0.0522553884248962,0.6
"25-30%",11,2,0.25,13,16.6666666666667,0.0304696146572305,0.4
"25-30%",11,2,0.25,14,16.4666666666667,0.00696628594401021,0.4
"25-30%",11,2,0.25,15,15.6666666666667,-0.000202951766423903,0.2
"25-30%",11,2,0.25,16,15.6,-0.00484774842093458,0.266666666666667
"25-30%",11,2,0.25,17,16,-0.00128535412318599,0.2
"25-30%",11,2,0.25,18,16.1333333333333,0.0115656511687509,0.133333333333333
"25-30%",11,2,0.25,19,17.1333333333333,0.029909691353975,0.2
"25-30%",11,2,0.25,20,18.4,0.0533306542247406,0.266666666666667
"25-30%",11,2,0.25,21,19.8666666666667,0.0918773101430498,0.4
"25-30%",11,2,0.25,22,21,0.122514834923531,0.6
"25-30%",11,2,0.25,23,22.7333333333333,0.182692602720128,0.666666666666667
"25-30%",11,2,0.25,24,23.0666666666667,0.24334301048663,0.533333333333333
"25-30%",11,2,0.25,25,24.5333333333333,0.299553477677968,0.466666666666667
"25-30%",11,2,0.25,26,25.7333333333333,0.373668846544159,0.666666666666667
"25-30%",11,2,0.25,27,26.6,0.461401697132799,0.6
"25-30%",11,2,0.25,28,27.8,0.548007382264404,0.8
"25-30%",11,2,0.25,29,28.8,0.649697817054603,0.8
"25-30%",11,2,0.25,30,29.6666666666667,0.758797723681729,0.8
"25-30%",11,2,0.25,31,30.9333333333333,0.873489575081659,1.26666666666667
"25-30%",11,2,0.25,32,32,1,2
"25-30%",41,3,0.25,1,31.0666666666667,0.873983737327655,1.93333333333333
"25-30%",41,3,0.25,2,30,0.757198137557779,1.93333333333333
"25-30%",41,3,0.25,3,28.8,0.647638203527491,1.46666666666667
"25-30%",41,3,0.25,4,28.0666666666667,0.546038004254105,1.53333333333333
"25-30%",41,3,0.25,5,27.0666666666667,0.458559623153036,1.33333333333333
"25-30%",41,3,0.25,6,26.6,0.380391658362232,1.26666666666667
"25-30%",41,3,0.25,7,25.2666666666667,0.299607601701882,1
"25-30%",41,3,0.25,8,24.3333333333333,0.239606108516898,0.933333333333333
"25-30%",41,3,0.25,9,23,0.178760526799649,1
"25-30%",41,3,0.25,10,23.2666666666667,0.123382998403157,0.933333333333333
"25-30%",41,3,0.25,11,21,0.0876460097834104,0.466666666666667
"25-30%",41,3,0.25,12,20.7333333333333,0.0477218237959833,0.466666666666667
"25-30%",41,3,0.25,13,18.8,0.029909691353975,0.266666666666667
"25-30%",41,3,0.25,14,18.9333333333333,0.0118345098324723,0.533333333333333
"25-30%",41,3,0.25,15,19.2,-0.0029058803283968,0.333333333333333
"25-30%",41,3,0.25,16,18,-0.00323183228062305,0.533333333333333
"25-30%",41,3,0.25,17,18.2,0.000335172082024812,0.533333333333333
"25-30%",41,3,0.25,18,20,0.0129107325921463,0.866666666666667
"25-30%",41,3,0.25,19,20,0.0250788458189736,0.666666666666667
"25-30%",41,3,0.25,20,20.8,0.0554595559607931,0.733333333333333
"25-30%",41,3,0.25,21,21.5333333333333,0.0876589769894888,0.6
"25-30%",41,3,0.25,22,21.9333333333333,0.135464098315421,0.933333333333333
"25-30%",41,3,0.25,23,22.8,0.176155426442685,0.733333333333333
"25-30%",41,3,0.25,24,24.5333333333333,0.243135966111778,1.33333333333333
"25-30%",41,3,0.25,25,24.8666666666667,0.308074956160369,1.2
"25-30%",41,3,0.25,26,26.2666666666667,0.378753264127335,1.2
"25-30%",41,3,0.25,27,26.8,0.461953046702399,0.933333333333333
"25-30%",41,3,0.25,28,27.9333333333333,0.552084993268419,1.6
"25-30%",41,3,0.25,29,28.9333333333333,0.649697817054603,1.66666666666667
"25-30%",41,3,0.25,30,29.8666666666667,0.757959021790205,1.66666666666667
"25-30%",41,3,0.25,31,31,0.87324249395866,1.86666666666667
"25-30%",41,3,0.25,32,32,1,2
"25-30%",47,4,0.25,1,30.9333333333333,0.873736656204657,1.86666666666667
"25-30%",47,4,0.25,2,29.9333333333333,0.756320526836705,1.6
"25-30%",47,4,0.25,3,29.2666666666667,0.652536507025814,1.86666666666667
"25-30%",47,4,0.25,4,28.2,0.548858668432576,1.66666666666667
"25-30%",47,4,0.25,5,26.9333333333333,0.460430259828424,1.46666666666667
"25-30%",47,4,0.25,6,26.7333333333333,0.375423433554372,1.46666666666667
"25-30%",47,4,0.25,7,25.3333333333333,0.297101405668666,1.26666666666667
"25-30%",47,4,0.25,8,23.9333333333333,0.242554784661407,1.2
"25-30%",47,4,0.25,9,23.0666666666667,0.181177740987205,0.866666666666667
"25-30%",47,4,0.25,10,23.2,0.124032245682443,0.933333333333333
"25-30%",47,4,0.25,11,20.2666666666667,0.0882061245406367,0.4
"25-30%",47,4,0.25,12,20.5333333333333,0.0599945279442411,1
"25-30%",47,4,0.25,13,19.6,0.022756449491774,0.466666666666667
"25-30%",47,4,0.25,14,18.9333333333333,0.0126414798760307,0.866666666666667
"25-30%",47,4,0.25,15,18.6666666666667,-0.00182347797163471,0.266666666666667
"25-30%",47,4,0.25,16,18.7333333333333,-0.0078306382764857,0.466666666666667
"25-30%",47,4,0.25,17,18.8,-0.00182963263149937,0.333333333333333
"25-30%",47,4,0.25,18,19.3333333333333,0.00669742728028878,0.466666666666667
"25-30%",47,4,0.25,19,19.2666666666667,0.0288598445016126,0.466666666666667
"25-30%",47,4,0.25,20,20.8,0.0597304152829215,0.733333333333333
"25-30%",47,4,0.25,21,21.1333333333333,0.0908381246477489,0.666666666666667
"25-30%",47,4,0.25,22,21.6666666666667,0.130041252815507,0.933333333333333
"25-30%",47,4,0.25,23,22.3333333333333,0.178666583714945,0.733333333333333
"25-30%",47,4,0.25,24,24.4666666666667,0.242287896259657,1.4
"25-30%",47,4,0.25,25,24.9333333333333,0.309281568051979,1.2
"25-30%",47,4,0.25,26,26,0.381943900364872,1.33333333333333
"25-30%",47,4,0.25,27,27.4666666666667,0.461689411573159,1.4
"25-30%",47,4,0.25,28,28.1333333333333,0.54821021259309,1.26666666666667
"25-30%",47,4,0.25,29,29,0.650978354137616,1.8
"25-30%",47,4,0.25,30,30.0666666666667,0.75712031989868,1.73333333333333
"25-30%",47,4,0.25,31,31.0666666666667,0.87324249395866,1.86666666666667
"25-30%",47,4,0.25,32,32,1,2
"25-30%",48,5,0.28125,1,31,0.875841965921631,1.46666666666667
"25-30%",48,5,0.28125,2,29.9333333333333,0.762116811653481,1.13333333333333
"25-30%",48,5,0.28125,3,28.9333333333333,0.655595453229398,0.933333333333333
"25-30%",48,5,0.28125,4,27.8,0.554619928858313,0.8
"25-30%",48,5,0.28125,5,26.6666666666667,0.468627099267994,0.666666666666667
"25-30%",48,5,0.28125,6,25.7333333333333,0.382028561271045,0.733333333333333
"25-30%",48,5,0.28125,7,24.5333333333333,0.303465558711375,0.533333333333333
"25-30%",48,5,0.28125,8,22.4666666666667,0.240671349460141,0.466666666666667
"25-30%",48,5,0.28125,9,21.5333333333333,0.183984875146611,0.466666666666667
"25-30%",48,5,0.28125,10,20.3333333333333,0.136224488777832,0.2
"25-30%",48,5,0.28125,11,18.9333333333333,0.0901171684898123,0.4
"25-30%",48,5,0.28125,12,19.2,0.0564864791159825,0.4
"25-30%",48,5,0.28125,13,16.8,0.0303502691570337,0.2
"25-30%",48,5,0.28125,14,16.6,0.00944376997429641,0.533333333333333
"25-30%",48,5,0.28125,15,15.8,-0.00438440522490721,0.333333333333333
"25-30%",48,5,0.28125,16,15.4,-0.00238799883388473,0.2
"25-30%",48,5,0.28125,17,15.3333333333333,-0.00111636969350578,0.2
"25-30%",48,5,0.28125,18,16.8,0.00781592276853031,0.466666666666667
"25-30%",48,5,0.28125,19,16.6,0.0281219091773343,0.4
"25-30%",48,5,0.28125,20,16.9333333333333,0.0596916687610001,0.466666666666667
"25-30%",48,5,0.28125,21,19.4666666666667,0.0932971227071214,0.466666666666667
"25-30%",48,5,0.28125,22,21.5333333333333,0.129226384137857,0.533333333333333
"25-30%",48,5,0.28125,23,22,0.186426824683396,0.533333333333333
"25-30%",48,5,0.28125,24,23.1333333333333,0.245809882538364,0.666666666666667
"25-30%",48,5,0.28125,25,24.4666666666667,0.303178222459207,0.466666666666667
"25-30%",48,5,0.28125,26,25.6,0.386311428671569,0.6
"25-30%",48,5,0.28125,27,26.6,0.465521764269824,0.6
"25-30%",48,5,0.28125,28,27.5333333333333,0.558493717301128,0.6
"25-30%",48,5,0.28125,29,28.7333333333333,0.652185318109211,0.866666666666667
"25-30%",48,5,0.28125,30,29.6666666666667,0.761515430108487,0.933333333333333
"25-30%",48,5,0.28125,31,31,0.876296654704291,1.4
"25-30%",48,5,0.28125,32,32,1,2
"25-30%",51,6,0.25,1,30.8666666666667,0.873489575081659,0.8
"25-30%",51,6,0.25,2,29.9333333333333,0.754720940712754,0.4
"25-30%",51,6,0.25,3,29,0.648139664166405,0.4
"25-30%",51,6,0.25,4,28,0.543598990241164,0.2
"25-30%",51,6,0.25,5,27,0.456664907166527,0
"25-30%",51,6,0.25,6,25.9333333333333,0.368961745300775,0
"25-30%",51,6,0.25,7,25,0.300915526929695,0
"25-30%",51,6,0.25,8,22.9333333333333,0.240703449946142,0
"25-30%",51,6,0.25,9,23,0.177670288175608,0
"25-30%",51,6,0.25,10,21.1333333333333,0.123344014463562,0
"25-30%",51,6,0.25,11,19.7333333333333,0.0881963981172396,0.0666666666666667
"25-30%",51,6,0.25,12,19.6,0.0525238530362235,0
"25-30%",51,6,0.25,13,18.2,0.027786225806968,0
"25-30%",51,6,0.25,14,17.3333333333333,0.00887627642674834,0
"25-30%",51,6,0.25,15,16.3333333333333,-0.00452025187374295,0
"25-30%",51,6,0.25,16,16.2666666666667,-0.00457678235322039,0
"25-30%",51,6,0.25,17,16.6666666666667,-0.000202951766423903,0
"25-30%",51,6,0.25,18,16.7333333333333,0.00778685185351856,0
"25-30%",51,6,0.25,19,17.8666666666667,0.0277626732601355,0
"25-30%",51,6,0.25,20,18.0666666666667,0.0557280205721205,0
"25-30%",51,6,0.25,21,20.2,0.0908251574416705,0.0666666666666667
"25-30%",51,6,0.25,22,19.7333333333333,0.126182157862881,0
"25-30%",51,6,0.25,23,22.5333333333333,0.180319148252699,0
"25-30%",51,6,0.25,24,24,0.24016967314264,0.0666666666666667
"25-30%",51,6,0.25,25,25,0.301654744877399,0
"25-30%",51,6,0.25,26,25.9333333333333,0.378125387315041,0.133333333333333
"25-30%",51,6,0.25,27,26.8666666666667,0.466269748933896,0.2
"25-30%",51,6,0.25,28,27.9333333333333,0.546889290422277,0.2
"25-30%",51,6,0.25,29,28.9333333333333,0.648668010291047,0.266666666666667
"25-30%",51,6,0.25,30,29.8666666666667,0.75875881485218,0.666666666666667
"25-30%",51,6,0.25,31,30.8666666666667,0.873489575081659,0.733333333333333
"25-30%",51,6,0.25,32,32,1,2
"25-30%",58,7,0.28125,1,30.9333333333333,0.876448217631844,1.73333333333333
"25-30%",58,7,0.28125,2,29.9333333333333,0.760033597617142,1.33333333333333
"25-30%",58,7,0.28125,3,28.9333333333333,0.654435505429632,1.2
"25-30%",58,7,0.28125,4,27.6666666666667,0.558765599492097,1
"25-30%",58,7,0.28125,5,26.7333333333333,0.464209535174502,0.933333333333333
"25-30%",58,7,0.28125,6,25.6666666666667,0.385267690982562,0.866666666666667
"25-30%",58,7,0.28125,7,24.6,0.309958983428617,0.666666666666667
"25-30%",58,7,0.28125,8,23.1333333333333,0.240720324550283,0.6
"25-30%",58,7,0.28125,9,22.0666666666667,0.1872154989048,0.4
"25-30%",58,7,0.28125,10,20.5333333333333,0.131183902770184,0.4
"25-30%",58,7,0.28125,11,20.0666666666667,0.0893406575425812,0.533333333333333
"25-30%",58,7,0.28125,12,18.4,0.0568859001956093,0.4
"25-30%",58,7,0.28125,13,17.2666666666667,0.029944527970301,0.4
"25-30%",58,7,0.28125,14,15.9333333333333,0.0123142180125623,0.4
"25-30%",58,7,0.28125,15,16,-0.00070900789065508,0.266666666666667
"25-30%",58,7,0.28125,16,15.6666666666667,-0.00320636307832263,0.333333333333333
"25-30%",58,7,0.28125,17,15.8666666666667,0.0015411742904796,0.2
"25-30%",58,7,0.28125,18,17.4666666666667,0.0106884771410523,0.466666666666667
"25-30%",58,7,0.28125,19,17.0666666666667,0.0279182172781379,0.2
"25-30%",58,7,0.28125,20,18.3333333333333,0.0540892165324356,0.533333333333333
"25-30%",58,7,0.28125,21,19,0.090950754402217,0.466666666666667
"25-30%",58,7,0.28125,22,21.2666666666667,0.135045368615949,0.666666666666667
"25-30%",58,7,0.28125,23,22.6,0.178177461404708,0.6
"25-30%",58,7,0.28125,24,22,0.24510762081209,0.6
"25-30%",58,7,0.28125,25,23.8666666666667,0.306810956238337,0.666666666666667
"25-30%",58,7,0.28125,26,25.6666666666667,0.383302152159399,0.8
"25-30%",58,7,0.28125,27,26.6666666666667,0.466749966399172,0.733333333333333
"25-30%",58,7,0.28125,28,27.8,0.552514649584252,1.06666666666667
"25-30%",58,7,0.28125,29,28.6666666666667,0.651695604576705,1.06666666666667
"25-30%",58,7,0.28125,30,30,0.759961972696334,1.66666666666667
"25-30%",58,7,0.28125,31,31,0.876145091776738,1.8
"25-30%",58,7,0.28125,32,32,1,2
"25-30%",73,8,0.28125,1,31,0.876296654704291,1.4
"25-30%",73,8,0.28125,2,30,0.760949861023897,1
"25-30%",73,8,0.28125,3,28.8666666666667,0.65077514129558,0.866666666666667
"25-30%",73,8,0.28125,4,27.7333333333333,0.55579482479294,0.733333333333333
"25-30%",73,8,0.28125,5,26.6,0.466528866947223,0.6
"25-30%",73,8,0.28125,6,25.8,0.378499022772724,0.8
"25-30%",73,8,0.28125,7,24,0.30881597421173,0.533333333333333
"25-30%",73,8,0.28125,8,23.8,0.239180644337877,0.8
"25-30%",73,8,0.28125,9,22.2,0.179791773118203,0.6
"25-30%",73,8,0.28125,10,20.3333333333333,0.133889293366499,0.533333333333333
"25-30%",73,8,0.28125,11,19.6,0.089518373024088,0.4
"25-30%",73,8,0.28125,12,17.5333333333333,0.0552819139070287,0.333333333333333
"25-30%",73,8,0.28125,13,16.2,0.0276804040260842,0.266666666666667
"25-30%",73,8,0.28125,14,16.1333333333333,0.0057593983331475,0.333333333333333
"25-30%",73,8,0.28125,15,15.3333333333333,-0.000493430096333888,0.266666666666667
"25-30%",73,8,0.28125,16,15.1333333333333,-0.00279455583605755,0.133333333333333
"25-30%",73,8,0.28125,17,15.5333333333333,-0.00363838839113317,0.2
"25-30%",73,8,0.28125,18,15.7333333333333,0.00375051742262738,0.2
"25-30%",73,8,0.28125,19,17.3333333333333,0.028527650364067,0.466666666666667
"25-30%",73,8,0.28125,20,18.6,0.0552864563581372,0.4
"25-30%",73,8,0.28125,21,20,0.091694827193736,0.4
"25-30%",73,8,0.28125,22,21,0.134243925233072,0.4
"25-30%",73,8,0.28125,23,21.3333333333333,0.178365730648669,0.333333333333333
"25-30%",73,8,0.28125,24,23.5333333333333,0.237454744214427,0.533333333333333
"25-30%",73,8,0.28125,25,24.4666666666667,0.307231376808402,0.466666666666667
"25-30%",73,8,0.28125,26,25.6666666666667,0.379566138358099,0.666666666666667
"25-30%",73,8,0.28125,27,26.5333333333333,0.464658180395672,0.533333333333333
"25-30%",73,8,0.28125,28,27.6666666666667,0.551649154159155,0.8
"25-30%",73,8,0.28125,29,28.8666666666667,0.654015500176237,0.866666666666667
"25-30%",73,8,0.28125,30,30,0.759961972696334,1
"25-30%",73,8,0.28125,31,31,0.875690402994078,1.53333333333333
"25-30%",73,8,0.28125,32,32,1,2
"25-30%",80,9,0.28125,1,31,0.876145091776738,1.46666666666667
"25-30%",80,9,0.28125,2,30,0.760420104399711,1.4
"25-30%",80,9,0.28125,3,28.8666666666667,0.652855552376471,1.46666666666667
"25-30%",80,9,0.28125,4,27.8,0.559152218449591,1
"25-30%",80,9,0.28125,5,26.6666666666667,0.466528866947223,0.733333333333333
"25-30%",80,9,0.28125,6,25.6,0.386701776477258,0.666666666666667
"25-30%",80,9,0.28125,7,23.4,0.311955825452677,0.466666666666667
"25-30%",80,9,0.28125,8,23,0.241570422608564,0.533333333333333
"25-30%",80,9,0.28125,9,21.7333333333333,0.178864348041827,0.6
"25-30%",80,9,0.28125,10,19.9333333333333,0.137396127345691,0.466666666666667
"25-30%",80,9,0.28125,11,18,0.0933378222700142,0.333333333333333
"25-30%",80,9,0.28125,12,18.4,0.054473986845558,0.466666666666667
"25-30%",80,9,0.28125,13,16.6666666666667,0.0313605842707049,0.266666666666667
"25-30%",80,9,0.28125,14,15.8666666666667,0.00741212046847302,0.266666666666667
"25-30%",80,9,0.28125,15,15.6666666666667,-0.000710110204375087,0.333333333333333
"25-30%",80,9,0.28125,16,15.4,-0.00279455583605755,0.333333333333333
"25-30%",80,9,0.28125,17,15.5333333333333,0.000726450684778201,0.2
"25-30%",80,9,0.28125,18,16.1333333333333,0.0115002944096792,0.2
"25-30%",80,9,0.28125,19,17,0.0297416573769346,0.2
"25-30%",80,9,0.28125,20,18.6666666666667,0.0572944061774532,0.466666666666667
"25-30%",80,9,0.28125,21,19.1333333333333,0.0881505121424348,0.4
"25-30%",80,9,0.28125,22,20.6,0.136571639050382,0.4
"25-30%",80,9,0.28125,23,22.7333333333333,0.18388192796059,0.733333333333333
"25-30%",80,9,0.28125,24,23.6666666666667,0.243358449605387,0.666666666666667
"25-30%",80,9,0.28125,25,24.0666666666667,0.30550569482749,0.533333333333333
"25-30%",80,9,0.28125,26,25.7333333333333,0.38286903737378,0.8
"25-30%",80,9,0.28125,27,26.6666666666667,0.465197298900087,0.666666666666667
"25-30%",80,9,0.28125,28,27.5333333333333,0.554348046667343,0.866666666666667
"25-30%",80,9,0.28125,29,28.8,0.651025370309445,1.13333333333333
"25-30%",80,9,0.28125,30,29.8666666666667,0.762539130896454,1.13333333333333
"25-30%",80,9,0.28125,31,31,0.876145091776738,1.46666666666667
"25-30%",80,9,0.28125,32,32,1,2
"25-30%",85,10,0.28125,1,30.8666666666667,0.876145091776738,0.8
"25-30%",85,10,0.28125,2,29.9333333333333,0.75992616023593,0.4
"25-30%",85,10,0.28125,3,28.9333333333333,0.65151508384195,0.0666666666666667
"25-30%",85,10,0.28125,4,27.9333333333333,0.55521354209244,0.266666666666667
"25-30%",85,10,0.28125,5,26.8666666666667,0.466749966399172,0
"25-30%",85,10,0.28125,6,25.9333333333333,0.381371182574921,0.0666666666666667
"25-30%",85,10,0.28125,7,24.8666666666667,0.309994101571339,0
"25-30%",85,10,0.28125,8,24,0.239056079089124,0
"25-30%",85,10,0.28125,9,23,0.180220580801422,0
"25-30%",85,10,0.28125,10,20.5333333333333,0.132363022932066,0
"25-30%",85,10,0.28125,11,19.6,0.0968735200991864,0
"25-30%",85,10,0.28125,12,19.0666666666667,0.0564746112816218,0
"25-30%",85,10,0.28125,13,17.6666666666667,0.0303510904628637,0
"25-30%",85,10,0.28125,14,16,0.0139399588840722,0
"25-30%",85,10,0.28125,15,16.6,-0.00274471459118858,0
"25-30%",85,10,0.28125,16,16.0666666666667,-0.00361292008049545,0
"25-30%",85,10,0.28125,17,15.8666666666667,-0.00821990757508574,0
"25-30%",85,10,0.28125,18,16.9333333333333,0.0131260352811892,0
"25-30%",85,10,0.28125,19,17.7333333333333,0.0297444976093449,0
"25-30%",85,10,0.28125,20,18.6,0.0576791764905756,0
"25-30%",85,10,0.28125,21,19.5333333333333,0.0926983272413971,0
"25-30%",85,10,0.28125,22,20.7333333333333,0.130845819874404,0
"25-30%",85,10,0.28125,23,22.6,0.180679074990957,0
"25-30%",85,10,0.28125,24,23.4,0.241161559919991,0.0666666666666667
"25-30%",85,10,0.28125,25,25,0.304895904180431,0
"25-30%",85,10,0.28125,26,25.8666666666667,0.384399848170654,0.0666666666666667
"25-30%",85,10,0.28125,27,27,0.466749966399172,0.133333333333333
"25-30%",85,10,0.28125,28,27.8,0.556660320218037,0.133333333333333
"25-30%",85,10,0.28125,29,28.9333333333333,0.654505213708742,0.266666666666667
"25-30%",85,10,0.28125,30,30,0.761551242568891,0.666666666666667
"25-30%",85,10,0.28125,31,30.9333333333333,0.875993528849184,0.866666666666667
"25-30%",85,10,0.28125,32,32,1,2
"25-30%",89,11,0.28125,1,30.9333333333333,0.875690402994078,1.6
"25-30%",89,11,0.28125,2,29.9333333333333,0.763104699981044,1.4
"25-30%",89,11,0.28125,3,28.8666666666667,0.653834979441481,1.13333333333333
"25-30%",89,11,0.28125,4,27.6666666666667,0.553058413966192,1.13333333333333
"25-30%",89,11,0.28125,5,26.8,0.462091963901917,1
"25-30%",89,11,0.28125,6,25.8,0.377478662980085,1
"25-30%",89,11,0.28125,7,24.6,0.311676665149841,0.666666666666667
"25-30%",89,11,0.28125,8,23.1333333333333,0.244788597416162,0.6
"25-30%",89,11,0.28125,9,20.8666666666667,0.187941349143805,0.333333333333333
"25-30%",89,11,0.28125,10,19.5333333333333,0.131638195880511,0.2
"25-30%",89,11,0.28125,11,19.0666666666667,0.0859826751949157,0.133333333333333
"25-30%",89,11,0.28125,12,18,0.0536807105505917,0.333333333333333
"25-30%",89,11,0.28125,13,16.1333333333333,0.0301473985636673,0.266666666666667
"25-30%",89,11,0.28125,14,17.0666666666667,0.00946864490385584,0.6
"25-30%",89,11,0.28125,15,15.8666666666667,-0.00315097408031927,0.266666666666667
"25-30%",89,11,0.28125,16,15.7333333333333,-0.0060974432968323,0.2
"25-30%",89,11,0.28125,17,15.6,-0.00262053504086642,0.0666666666666667
"25-30%",89,11,0.28125,18,16.0666666666667,0.0131260352811892,0.266666666666667
"25-30%",89,11,0.28125,19,17.4,0.031361405576535,0.333333333333333
"25-30%",89,11,0.28125,20,17.4,0.0576910443249363,0.333333333333333
"25-30%",89,11,0.28125,21,19.4,0.0911367312909045,0.266666666666667
"25-30%",89,11,0.28125,22,21.0666666666667,0.136193962271376,0.333333333333333
"25-30%",89,11,0.28125,23,21.6,0.182223576994514,0.466666666666667
"25-30%",89,11,0.28125,24,23.6,0.240748509180636,0.666666666666667
"25-30%",89,11,0.28125,25,24.1333333333333,0.30566794702145,0.6
"25-30%",89,11,0.28125,26,25.6666666666667,0.384009500364966,0.8
"25-30%",89,11,0.28125,27,26.7333333333333,0.464872833530351,0.866666666666667
"25-30%",89,11,0.28125,28,27.5333333333333,0.555550312197745,0.666666666666667
"25-30%",89,11,0.28125,29,28.7333333333333,0.654196020910992,1.06666666666667
"25-30%",89,11,0.28125,30,29.8,0.762080999193077,1.4
"25-30%",89,11,0.28125,31,31,0.876296654704291,1.6
"25-30%",89,11,0.28125,32,32,1,2
"25-30%",96,12,0.25,1,30.8666666666667,0.873489575081659,1.66666666666667
"25-30%",96,12,0.25,2,30.0666666666667,0.755598551433828,1.66666666666667
"25-30%",96,12,0.25,3,28.8,0.645300974195193,1.4
"25-30%",96,12,0.25,4,28,0.552351798942374,1.4
"25-30%",96,12,0.25,5,27.2666666666667,0.458559623153036,1.4
"25-30%",96,12,0.25,6,26,0.383318958690586,1.4
"25-30%",96,12,0.25,7,25.2,0.304417556613366,1.4
"25-30%",96,12,0.25,8,24.2,0.242625525267891,1.06666666666667
"25-30%",96,12,0.25,9,23.2666666666667,0.180181445447868,0.8
"25-30%",96,12,0.25,10,22.3333333333333,0.130801579790783,0.733333333333333
"25-30%",96,12,0.25,11,22.6,0.0918773101430498,1.33333333333333
"25-30%",96,12,0.25,12,20.1333333333333,0.0546260585698279,0.6
"25-30%",96,12,0.25,13,20.5333333333333,0.0266890545654909,0.666666666666667
"25-30%",96,12,0.25,14,19.4666666666667,0.0110143379753581,0.933333333333333
"25-30%",96,12,0.25,15,18.8666666666667,-0.00236775647994809,0.6
"25-30%",96,12,0.25,16,19,-0.00973756807395895,0.266666666666667
"25-30%",96,12,0.25,17,18.5333333333333,-0.000753384934601941,0.466666666666667
"25-30%",96,12,0.25,18,19.4666666666667,0.00914513509046977,0.8
"25-30%",96,12,0.25,19,19.1333333333333,0.0310066433000025,0.6
"25-30%",96,12,0.25,20,20.6,0.0551896839949307,0.6
"25-30%",96,12,0.25,21,20.9333333333333,0.0902877363139198,0.6
"25-30%",96,12,0.25,22,21.8,0.132383903026785,0.6
"25-30%",96,12,0.25,23,22.4,0.183234510209924,0.666666666666667
"25-30%",96,12,0.25,24,24.2,0.235655441927271,1.06666666666667
"25-30%",96,12,0.25,25,24.8,0.301965417107279,1.13333333333333
"25-30%",96,12,0.25,26,26.0666666666667,0.381528107285692,1.06666666666667
"25-30%",96,12,0.25,27,27.0666666666667,0.461953046702399,1.53333333333333
"25-30%",96,12,0.25,28,28.1333333333333,0.54136280655691,1.66666666666667
"25-30%",96,12,0.25,29,29.0666666666667,0.644271167431638,1.73333333333333
"25-30%",96,12,0.25,30,30,0.757159228728229,1.8
"25-30%",96,12,0.25,31,30.9333333333333,0.873489575081659,1.86666666666667
"25-30%",96,12,0.25,32,32,1,2
"25-30%",97,13,0.25,1,30.8,0.873489575081659,1.66666666666667
"25-30%",97,13,0.25,2,29.8,0.758797723681729,1.8
"25-30%",97,13,0.25,3,28.8,0.650900095616901,1.6
"25-30%",97,13,0.25,4,27.7333333333333,0.550902926081022,1.53333333333333
"25-30%",97,13,0.25,5,26.4666666666667,0.46058891116476,1.06666666666667
"25-30%",97,13,0.25,6,25.7333333333333,0.37799371936045,0.866666666666667
"25-30%",97,13,0.25,7,25.0666666666667,0.304222054170043,1
"25-30%",97,13,0.25,8,23.9333333333333,0.245141221420041,1.13333333333333
"25-30%",97,13,0.25,9,22.6666666666667,0.172147501730058,0.933333333333333
"25-30%",97,13,0.25,10,21.6,0.131860549266121,0.733333333333333
"25-30%",97,13,0.25,11,20.6,0.0908381246477489,0.666666666666667
"25-30%",97,13,0.25,12,19.9333333333333,0.0525252603907586,0.533333333333333
"25-30%",97,13,0.25,13,18.4666666666667,0.0282994826074578,0.266666666666667
"25-30%",97,13,0.25,14,19.5333333333333,0.00364694252902092,0.533333333333333
"25-30%",97,13,0.25,15,17.7333333333333,0.000335172082024812,0.4
"25-30%",97,13,0.25,16,17.8,-0.00511673843545405,0.333333333333333
"25-30%",97,13,0.25,17,18.4666666666667,-0.00294931314302546,0.6
"25-30%",97,13,0.25,18,18.9333333333333,0.00769460050797468,0.266666666666667
"25-30%",97,13,0.25,19,19.6,0.0293962152580356,0.4
"25-30%",97,13,0.25,20,19.7333333333333,0.0578656262081885,0.466666666666667
"25-30%",97,13,0.25,21,20.6666666666667,0.0881801901284799,0.533333333333333
"25-30%",97,13,0.25,22,21.6666666666667,0.131036448400794,0.533333333333333
"25-30%",97,13,0.25,23,22.8,0.181315443792036,1.13333333333333
"25-30%",97,13,0.25,24,24.1333333333333,0.233833895034245,1.13333333333333
"25-30%",97,13,0.25,25,24.8,0.299183801207331,1.06666666666667
"25-30%",97,13,0.25,26,26.1333333333333,0.373883554805197,1.46666666666667
"25-30%",97,13,0.25,27,26.9333333333333,0.44971782991785,1.26666666666667
"25-30%",97,13,0.25,28,27.9333333333333,0.548933548070723,1.53333333333333
"25-30%",97,13,0.25,29,28.8666666666667,0.652008160901172,1.66666666666667
"25-30%",97,13,0.25,30,29.8666666666667,0.756359435666254,1.73333333333333
"25-30%",97,13,0.25,31,31,0.873736656204657,1.93333333333333
"25-30%",97,13,0.25,32,32,1,2
"25-30%",99,14,0.25,1,31,0.872995412835662,0.866666666666667
"25-30%",99,14,0.25,2,30,0.757198137557779,0.6
"25-30%",99,14,0.25,3,28.8666666666667,0.653989515907569,0.533333333333333
"25-30%",99,14,0.25,4,27.8,0.553075134420007,0.2
"25-30%",99,14,0.25,5,26.9333333333333,0.464638668076626,0.0666666666666667
"25-30%",99,14,0.25,6,25.9333333333333,0.378515554306186,0.0666666666666667
"25-30%",99,14,0.25,7,24.8,0.307818340457619,0
"25-30%",99,14,0.25,8,23.4666666666667,0.24237107624617,0
"25-30%",99,14,0.25,9,22.5333333333333,0.180647504145515,0
"25-30%",99,14,0.25,10,20.7333333333333,0.136025469998115,0
"25-30%",99,14,0.25,11,19.6666666666667,0.0897665231749287,0
"25-30%",99,14,0.25,12,19.6666666666667,0.05332054297019,0
"25-30%",99,14,0.25,13,18.6666666666667,0.0288598445016126,0
"25-30%",99,14,0.25,14,16.7333333333333,0.0123726212123093,0
"25-30%",99,14,0.25,15,16.4,-0.000209106426288564,0
"25-30%",99,14,0.25,16,16.2,-0.00567476605394052,0
"25-30%",99,14,0.25,17,16.0666666666667,-0.000202951766423903,0
"25-30%",99,14,0.25,18,16.8,0.00914513509046977,0
"25-30%",99,14,0.25,19,17.8,0.0320800426991974,0
"25-30%",99,14,0.25,20,18.2,0.0519926831181117,0
"25-30%",99,14,0.25,21,20.0666666666667,0.0881931573345583,0
"25-30%",99,14,0.25,22,21.1333333333333,0.131036448400794,0
"25-30%",99,14,0.25,23,22.4666666666667,0.180149356375846,0
"25-30%",99,14,0.25,24,23.9333333333333,0.241593747000533,0.0666666666666667
"25-30%",99,14,0.25,25,25,0.306246864815429,0.0666666666666667
"25-30%",99,14,0.25,26,25.9333333333333,0.380900230473399,0.133333333333333
"25-30%",99,14,0.25,27,27,0.455166199603673,0.0666666666666667
"25-30%",99,14,0.25,28,28,0.550382420932075,0.466666666666667
"25-30%",99,14,0.25,29,28.9333333333333,0.646330780958749,0.266666666666667
"25-30%",99,14,0.25,30,29.8,0.761197102867656,0.733333333333333
"25-30%",99,14,0.25,31,31,0.873489575081659,0.866666666666667
"25-30%",99,14,0.25,32,32,1,2
"25-30%",119,15,0.25,1,31,0.87324249395866,1.33333333333333
"25-30%",119,15,0.25,2,29.8,0.757198137557779,1
"25-30%",119,15,0.25,3,28.8,0.645222715674479,0.866666666666667
"25-30%",119,15,0.25,4,27.7333333333333,0.552148968613688,0.733333333333333
"25-30%",119,15,0.25,5,26.7333333333333,0.454950723096674,0.733333333333333
"25-30%",119,15,0.25,6,25.6666666666667,0.381659775240284,0.666666666666667
"25-30%",119,15,0.25,7,24.7333333333333,0.295580593181027,0.733333333333333
"25-30%",119,15,0.25,8,23.0666666666667,0.236539018736618,0.466666666666667
"25-30%",119,15,0.25,9,21.7333333333333,0.181058132474931,0.6
"25-30%",119,15,0.25,10,20.4666666666667,0.133639723190102,0.466666666666667
"25-30%",119,15,0.25,11,19.9333333333333,0.0897697639576099,0.4
"25-30%",119,15,0.25,12,18.8666666666667,0.0546571067222838,0.533333333333333
"25-30%",119,15,0.25,13,17.0666666666667,0.0240289989666113,0.733333333333333
"25-30%",119,15,0.25,14,16.8,0.00968324647030674,0.4
"25-30%",119,15,0.25,15,15.7333333333333,-0.0029058803283968,0.133333333333333
"25-30%",119,15,0.25,16,15.3333333333333,-0.00567674210713524,0.133333333333333
"25-30%",119,15,0.25,17,16,-0.00452025187374295,0.533333333333333
"25-30%",119,15,0.25,18,16.8,0.00581180175713644,0.466666666666667
"25-30%",119,15,0.25,19,17.0666666666667,0.033153661393842,0.2
"25-30%",119,15,0.25,20,18,0.0573286969855339,0.4
"25-30%",119,15,0.25,21,18.9333333333333,0.0955906381463794,0.333333333333333
"25-30%",119,15,0.25,22,21,0.126968240806177,0.4
"25-30%",119,15,0.25,23,22,0.179240580276762,0.466666666666667
"25-30%",119,15,0.25,24,23.2,0.24016967314264,0.6
"25-30%",119,15,0.25,25,24.5333333333333,0.307394607459852,0.533333333333333
"25-30%",119,15,0.25,26,25.8666666666667,0.373255677992903,0.866666666666667
"25-30%",119,15,0.25,27,26.6,0.456401272037287,0.6
"25-30%",119,15,0.25,28,27.8,0.547815456228596,0.866666666666667
"25-30%",119,15,0.25,29,28.9333333333333,0.646330780958749,1.13333333333333
"25-30%",119,15,0.25,30,29.8666666666667,0.756398344495803,1
"25-30%",119,15,0.25,31,31,0.872501250589666,1.53333333333333
"25-30%",119,15,0.25,32,32,1,2
"25-30%",122,16,0.28125,1,31,0.875841965921631,1.66666666666667
"25-30%",122,16,0.28125,2,29.9333333333333,0.761479617648082,1.33333333333333
"25-30%",122,16,0.28125,3,28.9333333333333,0.652365838843966,1.2
"25-30%",122,16,0.28125,4,27.7333333333333,0.557835216152665,1.06666666666667
"25-30%",122,16,0.28125,5,26.5333333333333,0.463417085631781,1.06666666666667
"25-30%",122,16,0.28125,6,25.6666666666667,0.384506384454748,0.866666666666667
"25-30%",122,16,0.28125,7,24.8666666666667,0.308206183564671,0.933333333333333
"25-30%",122,16,0.28125,8,22.4,0.244878701922733,0.4
"25-30%",122,16,0.28125,9,21.2,0.187417073742172,0.466666666666667
"25-30%",122,16,0.28125,10,21.0666666666667,0.138151480903703,0.666666666666667
"25-30%",122,16,0.28125,11,20,0.0932971227071214,0.266666666666667
"25-30%",122,16,0.28125,12,18.8666666666667,0.0568785748123571,0.533333333333333
"25-30%",122,16,0.28125,13,17.4666666666667,0.0278812556928703,0.4
"25-30%",122,16,0.28125,14,16.1333333333333,0.0110964921096219,0.333333333333333
"25-30%",122,16,0.28125,15,16.7333333333333,-0.00173930929067767,0.266666666666667
"25-30%",122,16,0.28125,16,16,-0.00524439832927899,0.333333333333333
"25-30%",122,16,0.28125,17,16.4666666666667,-0.00151018113288063,0.266666666666667
"25-30%",122,16,0.28125,18,17.6,0.0106905834753085,0.4
"25-30%",122,16,0.28125,19,17.8,0.0248462724986961,0.266666666666667
"25-30%",122,16,0.28125,20,18.6,0.0564746112816218,0.266666666666667
"25-30%",122,16,0.28125,21,19,0.0917194640031976,0.466666666666667
"25-30%",122,16,0.28125,22,20.3333333333333,0.132363022932066,0.4
"25-30%",122,16,0.28125,23,20.8666666666667,0.193197669873863,0.6
"25-30%",122,16,0.28125,24,22.4,0.242733347599607,0.666666666666667
"25-30%",122,16,0.28125,25,24.6666666666667,0.300524195709973,0.666666666666667
"25-30%",122,16,0.28125,26,25.5333333333333,0.383122268469495,0.6
"25-30%",122,16,0.28125,27,26.6,0.464651734078401,0.933333333333333
"25-30%",122,16,0.28125,28,27.8,0.558700711577762,1
"25-30%",122,16,0.28125,29,28.7333333333333,0.655845682243263,1
"25-30%",122,16,0.28125,30,29.9333333333333,0.760949861023897,1.6
"25-30%",122,16,0.28125,31,31,0.876296654704291,1.6
"25-30%",122,16,0.28125,32,32,1,2
"25-30%",124,17,0.28125,1,31,0.876296654704291,1.6
"25-30%",124,17,0.28125,2,29.8666666666667,0.759432216072148,1.33333333333333
"25-30%",124,17,0.28125,3,28.9333333333333,0.652844807881246,1.13333333333333
"25-30%",124,17,0.28125,4,27.6666666666667,0.558493717301128,0.8
"25-30%",124,17,0.28125,5,26.8,0.459772632129197,0.8
"25-30%",124,17,0.28125,6,25.4666666666667,0.38939405258955,0.533333333333333
"25-30%",124,17,0.28125,7,24.2,0.312410421952245,0.666666666666667
"25-30%",124,17,0.28125,8,23.4666666666667,0.243677473001315,0.466666666666667
"25-30%",124,17,0.28125,9,22.3333333333333,0.177738508061014,0.666666666666667
"25-30%",124,17,0.28125,10,19.4666666666667,0.133542143093949,0.2
"25-30%",124,17,0.28125,11,18.8,0.0932724858976598,0.4
"25-30%",124,17,0.28125,12,18.4666666666667,0.0552819139070287,0.2
"25-30%",124,17,0.28125,13,17.3333333333333,0.0307539914171861,0.266666666666667
"25-30%",124,17,0.28125,14,16.6666666666667,0.0115024007439354,0.4
"25-30%",124,17,0.28125,15,15.3333333333333,-0.000505878146089733,0.4
"25-30%",124,17,0.28125,16,15.5333333333333,-0.00524439832927899,0.533333333333333
"25-30%",124,17,0.28125,17,16.2,-0.00336655187464046,0.333333333333333
"25-30%",124,17,0.28125,18,16.4666666666667,0.00944376997429641,0.533333333333333
"25-30%",124,17,0.28125,19,17.4,0.0268689216526188,0.333333333333333
"25-30%",124,17,0.28125,20,16.6666666666667,0.0556904198888726,0.2
"25-30%",124,17,0.28125,21,18.2,0.0940900090566333,0.4
"25-30%",124,17,0.28125,22,21,0.133835721947611,0.8
"25-30%",124,17,0.28125,23,21.6666666666667,0.185297824769649,0.6
"25-30%",124,17,0.28125,24,23.4,0.242272684334839,0.4
"25-30%",124,17,0.28125,25,23.9333333333333,0.308244469603286,0.466666666666667
"25-30%",124,17,0.28125,26,25.5333333333333,0.378678906462629,0.533333333333333
"25-30%",124,17,0.28125,27,26.6,0.468405999816044,0.6
"25-30%",124,17,0.28125,28,27.8,0.556453325941403,0.866666666666667
"25-30%",124,17,0.28125,29,28.8666666666667,0.652365838843966,1.06666666666667
"25-30%",124,17,0.28125,30,29.8666666666667,0.76049172932052,1.26666666666667
"25-30%",124,17,0.28125,31,30.8,0.875993528849184,1.4
"25-30%",124,17,0.28125,32,32,1,2
"25-30%",127,18,0.28125,1,31,0.875690402994078,1.66666666666667
"25-30%",127,18,0.28125,2,29.8,0.762009374272268,1.06666666666667
"25-30%",127,18,0.28125,3,28.7333333333333,0.655355968710758,0.733333333333333
"25-30%",127,18,0.28125,4,27.8666666666667,0.558623493129798,0.866666666666667
"25-30%",127,18,0.28125,5,26.6666666666667,0.464637741215143,0.666666666666667
"25-30%",127,18,0.28125,6,25.6666666666667,0.388506820694079,0.733333333333333
"25-30%",127,18,0.28125,7,23.6,0.302558205869785,0.533333333333333
"25-30%",127,18,0.28125,8,23.6,0.241022480323279,0.666666666666667
"25-30%",127,18,0.28125,9,21.7333333333333,0.188730023365209,0.6
"25-30%",127,18,0.28125,10,20.9333333333333,0.133889293366499,0.4
"25-30%",127,18,0.28125,11,19.4666666666667,0.0901418052992739,0.266666666666667
"25-30%",127,18,0.28125,12,18.4,0.0572825383430925,0.4
"25-30%",127,18,0.28125,13,16.4,0.0287285020308531,0.2
"25-30%",127,18,0.28125,14,16,0.0115024007439354,0.4
"25-30%",127,18,0.28125,15,15.2,-0.00235090315181373,0.133333333333333
"25-30%",127,18,0.28125,16,15.2,-0.004014226842576,0.133333333333333
"25-30%",127,18,0.28125,17,15.6,0.00174430403504495,0.333333333333333
"25-30%",127,18,0.28125,18,15.8666666666667,0.0131260352811892,0.2
"25-30%",127,18,0.28125,19,16.7333333333333,0.0266660510592525,0.333333333333333
"25-30%",127,18,0.28125,20,19.4,0.0544785292966666,0.4
"25-30%",127,18,0.28125,21,19.4,0.0919378790475972,0.466666666666667
"25-30%",127,18,0.28125,22,20.2,0.134266970145505,0.466666666666667
"25-30%",127,18,0.28125,23,21.8666666666667,0.181780304116148,0.4
"25-30%",127,18,0.28125,24,22.2666666666667,0.245580963649007,0.333333333333333
"25-30%",127,18,0.28125,25,23.6,0.311132102734787,0.6
"25-30%",127,18,0.28125,26,25.6,0.383122268469495,0.6
"25-30%",127,18,0.28125,27,26.8,0.465203745217358,0.866666666666667
"25-30%",127,18,0.28125,28,27.8666666666667,0.553831651881179,0.933333333333333
"25-30%",127,18,0.28125,29,28.7333333333333,0.654324692973987,0.8
"25-30%",127,18,0.28125,30,29.8,0.762009374272268,1.06666666666667
"25-30%",127,18,0.28125,31,30.8666666666667,0.876448217631844,1.33333333333333
"25-30%",127,18,0.28125,32,32,1,2
"25-30%",135,19,0.25,1,30.8666666666667,0.873983737327655,0.8
"25-30%",135,19,0.25,2,29.8666666666667,0.757198137557779,0.466666666666667
"25-30%",135,19,0.25,3,28.9333333333333,0.648918740610504,0.333333333333333
"25-30%",135,19,0.25,4,28,0.547676601245179,0.2
"25-30%",135,19,0.25,5,26.9333333333333,0.458559623153036,0.0666666666666667
"25-30%",135,19,0.25,6,25.9333333333333,0.376216130790126,0.0666666666666667
"25-30%",135,19,0.25,7,24.9333333333333,0.304047880142729,0
"25-30%",135,19,0.25,8,23.1333333333333,0.236426050927865,0
"25-30%",135,19,0.25,9,23,0.181133981267079,0
"25-30%",135,19,0.25,10,21.6,0.129015222587496,0
"25-30%",135,19,0.25,11,19.2666666666667,0.094017272306009,0
"25-30%",135,19,0.25,12,19.3333333333333,0.0591934860602669,0
"25-30%",135,19,0.25,13,17.2666666666667,0.0320802619946471,0
"25-30%",135,19,0.25,14,17.1333333333333,0.011566045221145,0
"25-30%",135,19,0.25,15,16.4,-0.00074723027473728,0
"25-30%",135,19,0.25,16,16.2666666666667,-0.00983017289441796,0
"25-30%",135,19,0.25,17,16.2,-0.00236775647994809,0
"25-30%",135,19,0.25,18,17.1333333333333,0.0112967925050294,0
"25-30%",135,19,0.25,19,18.7333333333333,0.0283228158588406,0
"25-30%",135,19,0.25,20,18.2,0.0538264240403888,0
"25-30%",135,19,0.25,21,20.1333333333333,0.0908381246477489,0
"25-30%",135,19,0.25,22,21.6,0.133417116534102,0
"25-30%",135,19,0.25,23,23,0.181632129036748,0
"25-30%",135,19,0.25,24,23.6,0.240236229945918,0
"25-30%",135,19,0.25,25,25,0.307511129097103,0.0666666666666667
"25-30%",135,19,0.25,26,25.8666666666667,0.376942523088142,0.0666666666666667
"25-30%",135,19,0.25,27,27,0.455453914044033,0
"25-30%",135,19,0.25,28,27.9333333333333,0.550966901426292,0.2
"25-30%",135,19,0.25,29,28.8666666666667,0.651150825936358,0.466666666666667
"25-30%",135,19,0.25,30,30,0.753998965309877,0.333333333333333
"25-30%",135,19,0.25,31,31,0.873489575081659,1
"25-30%",135,19,0.25,32,32,1,2
"25-30%",136,20,0.25,1,30.9333333333333,0.873736656204657,0.8
"25-30%",136,20,0.25,2,29.8,0.757997930619754,0.466666666666667
"25-30%",136,20,0.25,3,28.8666666666667,0.650727623818159,0.333333333333333
"25-30%",136,20,0.25,4,27.9333333333333,0.552021017923149,0.266666666666667
"25-30%",136,20,0.25,5,26.9333333333333,0.460693894957664,0.133333333333333
"25-30%",136,20,0.25,6,25.8,0.376704813266993,0
"25-30%",136,20,0.25,7,24.8666666666667,0.304475141506645,0.0666666666666667
"25-30%",136,20,0.25,8,23.2,0.237216813194926,0
"25-30%",136,20,0.25,9,23,0.182736362440255,0.0666666666666667
"25-30%",136,20,0.25,10,21,0.134966500522777,0.0666666666666667
"25-30%",136,20,0.25,11,20.2,0.0850302176650579,0
"25-30%",136,20,0.25,12,19,0.0551910913494658,0.0666666666666667
"25-30%",136,20,0.25,13,17.9333333333333,0.0299332439008075,0
"25-30%",136,20,0.25,14,17.6666666666667,0.00236731477166364,0
"25-30%",136,20,0.25,15,16.6666666666667,0.000329017422160151,0
"25-30%",136,20,0.25,16,16.2666666666667,-0.00567476605394052,0
"25-30%",136,20,0.25,17,16.2666666666667,-0.00236775647994809,0
"25-30%",136,20,0.25,18,16.6,0.00832496323335553,0
"25-30%",136,20,0.25,19,17.4,0.0299332439008075,0
"25-30%",136,20,0.25,20,19.8,0.0559893185243699,0
"25-30%",136,20,0.25,21,21,0.0749839080730416,0
"25-30%",136,20,0.25,22,21.5333333333333,0.129851585406834,0
"25-30%",136,20,0.25,23,22.5333333333333,0.185947548431057,0
"25-30%",136,20,0.25,24,23.5333333333333,0.239392343897002,0.0666666666666667
"25-30%",136,20,0.25,25,24.9333333333333,0.301440438270095,0
"25-30%",136,20,0.25,26,25.8666666666667,0.371901408882593,0.0666666666666667
"25-30%",136,20,0.25,27,27,0.461005688709144,0.133333333333333
"25-30%",136,20,0.25,28,28,0.541693587576134,0.133333333333333
"25-30%",136,20,0.25,29,28.8666666666667,0.651757430581715,0.4
"25-30%",136,20,0.25,30,29.9333333333333,0.757959021790205,0.6
"25-30%",136,20,0.25,31,30.8666666666667,0.873983737327655,0.8
"25-30%",136,20,0.25,32,32,1,2
"30-35%",12,1,0.34375,1,30.9333333333333,0.878492946318405,1.53333333333333
"30-35%",12,1,0.34375,2,30,0.764723407427845,1.2
"30-35%",12,1,0.34375,3,28.6666666666667,0.659456311522228,0.666666666666667
"30-35%",12,1,0.34375,4,27.7333333333333,0.559094032490731,0.866666666666667
"30-35%",12,1,0.34375,5,26.7333333333333,0.470001548719114,1
"30-35%",12,1,0.34375,6,25.6,0.388912038168968,0.6
"30-35%",12,1,0.34375,7,24,0.314611343667414,0.6
"30-35%",12,1,0.34375,8,22.8666666666667,0.246768596577778,0.466666666666667
"30-35%",12,1,0.34375,9,19.2,0.187561816943214,0.266666666666667
"30-35%",12,1,0.34375,10,19.1333333333333,0.138384095244079,0.466666666666667
"30-35%",12,1,0.34375,11,18.2,0.0938371052525663,0.466666666666667
"30-35%",12,1,0.34375,12,16.1333333333333,0.0590434177835027,0.333333333333333
"30-35%",12,1,0.34375,13,17.1333333333333,0.0327901876673497,0.333333333333333
"30-35%",12,1,0.34375,14,15.8,0.0136858746764614,0.333333333333333
"30-35%",12,1,0.34375,15,15.0666666666667,0.00126007696640407,0.0666666666666667
"30-35%",12,1,0.34375,16,15.3333333333333,-0.00306808679468197,0.266666666666667
"30-35%",12,1,0.34375,17,15.4666666666667,0.00188002509663889,0.333333333333333
"30-35%",12,1,0.34375,18,15.4666666666667,0.0130745426778633,0.266666666666667
"30-35%",12,1,0.34375,19,15.8666666666667,0.0312803044975117,0.266666666666667
"30-35%",12,1,0.34375,20,16.4,0.0608420042090151,0.266666666666667
"30-35%",12,1,0.34375,21,18.6,0.0943265062182962,0.4
"30-35%",12,1,0.34375,22,19.2,0.136462622555365,0.6
"30-35%",12,1,0.34375,23,19.8666666666667,0.188630960475683,0.4
"30-35%",12,1,0.34375,24,22.4,0.248728541372699,0.4
"30-35%",12,1,0.34375,25,23.4,0.313437707664221,0.666666666666667
"30-35%",12,1,0.34375,26,25,0.387813165214291,0.6
"30-35%",12,1,0.34375,27,25.4,0.47112593742614,0.733333333333333
"30-35%",12,1,0.34375,28,27.6,0.561014258597304,0.733333333333333
"30-35%",12,1,0.34375,29,28.8666666666667,0.659145852845921,0.933333333333333
"30-35%",12,1,0.34375,30,29.9333333333333,0.764551427014561,1.13333333333333
"30-35%",12,1,0.34375,31,31,0.878361212189201,1.53333333333333
"30-35%",12,1,0.34375,32,32,1,2
"30-35%",29,2,0.3125,1,31,0.87744600432292,0.933333333333333
"30-35%",29,2,0.3125,2,30,0.76372757023469,0.666666666666667
"30-35%",29,2,0.3125,3,28.8666666666667,0.658446916992774,0.4
"30-35%",29,2,0.3125,4,28,0.559092830513465,0.133333333333333
"30-35%",29,2,0.3125,5,26.9333333333333,0.468338906727421,0
"30-35%",29,2,0.3125,6,26,0.387187412980606,0.0666666666666667
"30-35%",29,2,0.3125,7,23.7333333333333,0.315184758798147,0
"30-35%",29,2,0.3125,8,24,0.245507603425054,0
"30-35%",29,2,0.3125,9,22.4,0.184012784483891,0
"30-35%",29,2,0.3125,10,21,0.137842931276454,0
"30-35%",29,2,0.3125,11,17.3333333333333,0.0946084658777812,0
"30-35%",29,2,0.3125,12,17.6,0.0609307221095942,0
"30-35%",29,2,0.3125,13,16.8,0.030544079954568,0
"30-35%",29,2,0.3125,14,16.4666666666667,0.0106057794481079,0
"30-35%",29,2,0.3125,15,16.3333333333333,-0.00135679348647858,0
"30-35%",29,2,0.3125,16,16.2,-0.00356672059863915,0
"30-35%",29,2,0.3125,17,16.2,0.000428065920965863,0
"30-35%",29,2,0.3125,18,17.1333333333333,0.00957179013027802,0
"30-35%",29,2,0.3125,19,17.6,0.0263818061604527,0
"30-35%",29,2,0.3125,20,16.8666666666667,0.0584534361858987,0
"30-35%",29,2,0.3125,21,19.5333333333333,0.0954691028676586,0
"30-35%",29,2,0.3125,22,20,0.138710993457766,0
"30-35%",29,2,0.3125,23,23,0.184877507343809,0
"30-35%",29,2,0.3125,24,22.2666666666667,0.245148861793518,0
"30-35%",29,2,0.3125,25,24.3333333333333,0.310004875170442,0
"30-35%",29,2,0.3125,26,25.4,0.385099314680873,0
"30-35%",29,2,0.3125,27,27,0.468331039007386,0.0666666666666667
"30-35%",29,2,0.3125,28,28,0.557654350097825,0.2
"30-35%",29,2,0.3125,29,29,0.65792036118301,0.4
"30-35%",29,2,0.3125,30,29.8666666666667,0.763654219679979,0.4
"30-35%",29,2,0.3125,31,30.9333333333333,0.877619669531912,0.933333333333333
"30-35%",29,2,0.3125,32,32,1,2
"30-35%",49,3,0.3125,1,30.8666666666667,0.877793334740904,0.8
"30-35%",49,3,0.3125,2,29.7333333333333,0.764251927004343,0.4
"30-35%",49,3,0.3125,3,28.9333333333333,0.657393805373247,0.2
"30-35%",49,3,0.3125,4,28,0.55998120057332,0.333333333333333
"30-35%",49,3,0.3125,5,27,0.469256808245932,0.0666666666666667
"30-35%",49,3,0.3125,6,25.3333333333333,0.383273477795594,0.0666666666666667
"30-35%",49,3,0.3125,7,25,0.310742665296446,0
"30-35%",49,3,0.3125,8,23.4666666666667,0.246481690635261,0
"30-35%",49,3,0.3125,9,23,0.187274783633763,0
"30-35%",49,3,0.3125,10,20.8,0.137855768497774,0
"30-35%",49,3,0.3125,11,19.2,0.092119636399026,0
"30-35%",49,3,0.3125,12,17.9333333333333,0.0606449128273282,0
"30-35%",49,3,0.3125,13,17.4,0.0299018862541749,0
"30-35%",49,3,0.3125,14,16.5333333333333,0.0123832484721511,0
"30-35%",49,3,0.3125,15,16.8666666666667,-0.0010806238635544,0
"30-35%",49,3,0.3125,16,16.0666666666667,-0.00266568220775889,0
"30-35%",49,3,0.3125,17,16.2666666666667,-0.0010806238635544,0
"30-35%",49,3,0.3125,18,17.0666666666667,0.0116397687659379,0
"30-35%",49,3,0.3125,19,17.6666666666667,0.0314280858348112,0
"30-35%",49,3,0.3125,20,19.4,0.0580161611621554,0
"30-35%",49,3,0.3125,21,19.7333333333333,0.0921132049964876,0
"30-35%",49,3,0.3125,22,20.4,0.137493996980018,0
"30-35%",49,3,0.3125,23,20.7333333333333,0.186706503825005,0
"30-35%",49,3,0.3125,24,23.4,0.246683600808138,0
"30-35%",49,3,0.3125,25,24.3333333333333,0.313776338749701,0
"30-35%",49,3,0.3125,26,25.4,0.384920276597589,0
"30-35%",49,3,0.3125,27,26.9333333333333,0.470467116345623,0.0666666666666667
"30-35%",49,3,0.3125,28,27.9333333333333,0.559089169362295,0.266666666666667
"30-35%",49,3,0.3125,29,28.8666666666667,0.655916153112845,0
"30-35%",49,3,0.3125,30,29.9333333333333,0.763989748619517,0.533333333333333
"30-35%",49,3,0.3125,31,30.9333333333333,0.8778801673454,0.933333333333333
"30-35%",49,3,0.3125,32,32,1,2
"30-35%",74,4,0.3125,1,31,0.877532836927416,1.8
"30-35%",74,4,0.3125,2,30.2,0.76197657498229,1.86666666666667
"30-35%",74,4,0.3125,3,28.8666666666667,0.656219570911053,1.53333333333333
"30-35%",74,4,0.3125,4,27.9333333333333,0.559706199428661,1.6
"30-35%",74,4,0.3125,5,26.7333333333333,0.470467116345623,1.26666666666667
"30-35%",74,4,0.3125,6,26,0.388375540717872,1.2
"30-35%",74,4,0.3125,7,24.7333333333333,0.309721875093,1.13333333333333
"30-35%",74,4,0.3125,8,23.5333333333333,0.247869862764219,1.2
"30-35%",74,4,0.3125,9,23.3333333333333,0.186190532175367,1.2
"30-35%",74,4,0.3125,10,22,0.138903567727311,0.866666666666667
"30-35%",74,4,0.3125,11,20.0666666666667,0.0940754236483263,0.333333333333333
"30-35%",74,4,0.3125,12,20.3333333333333,0.0568751132932011,0.866666666666667
"30-35%",74,4,0.3125,13,20.0666666666667,0.0299511570532843,0.533333333333333
"30-35%",74,4,0.3125,14,20.0666666666667,0.0103053722918862,0.8
"30-35%",74,4,0.3125,15,18.1333333333333,0.00250278986396125,0.333333333333333
"30-35%",74,4,0.3125,16,18.6666666666667,-0.00527068001803096,0.466666666666667
"30-35%",74,4,0.3125,17,18,0.00161188256671032,0.2
"30-35%",74,4,0.3125,18,18.2,0.0129741652399896,0.333333333333333
"30-35%",74,4,0.3125,19,19.7333333333333,0.030543881473399,0.466666666666667
"30-35%",74,4,0.3125,20,20.4666666666667,0.0571649294681255,0.666666666666667
"30-35%",74,4,0.3125,21,20.7333333333333,0.0918211074391166,0.666666666666667
"30-35%",74,4,0.3125,22,22.3333333333333,0.134106017621167,1
"30-35%",74,4,0.3125,23,22.1333333333333,0.188393391269573,0.8
"30-35%",74,4,0.3125,24,24.6666666666667,0.246481690635261,1.26666666666667
"30-35%",74,4,0.3125,25,25.0666666666667,0.313664036423786,1
"30-35%",74,4,0.3125,26,26.2666666666667,0.384890041481468,1.33333333333333
"30-35%",74,4,0.3125,27,26.9333333333333,0.468778188186589,1.4
"30-35%",74,4,0.3125,28,28.0666666666667,0.557940630698754,1.6
"30-35%",74,4,0.3125,29,29,0.657100246757698,1.53333333333333
"30-35%",74,4,0.3125,30,30,0.763654219679979,1.8
"30-35%",74,4,0.3125,31,31,0.877532836927416,1.93333333333333
"30-35%",74,4,0.3125,32,32,1,2
"30-35%",92,5,0.3125,1,30.9333333333333,0.877619669531912,0.866666666666667
"30-35%",92,5,0.3125,2,29.8,0.76324534018573,0.266666666666667
"30-35%",92,5,0.3125,3,28.9333333333333,0.656361420627497,0.133333333333333
"30-35%",92,5,0.3125,4,28,0.557379348953165,0.0666666666666667
"30-35%",92,5,0.3125,5,27,0.470474984065658,0.133333333333333
"30-35%",92,5,0.3125,6,24.6666666666667,0.385395268986681,0.0666666666666667
"30-35%",92,5,0.3125,7,25,0.313440227780218,0
"30-35%",92,5,0.3125,8,23.4,0.245831114258313,0.0666666666666667
"30-35%",92,5,0.3125,9,21.9333333333333,0.188265211334602,0
"30-35%",92,5,0.3125,10,19.8666666666667,0.133975735113839,0
"30-35%",92,5,0.3125,11,19.1333333333333,0.0949162191173878,0
"30-35%",92,5,0.3125,12,17.9333333333333,0.0599178216286605,0
"30-35%",92,5,0.3125,13,16.6,0.0323089030296043,0
"30-35%",92,5,0.3125,14,15.8666666666667,0.0126737580837678,0
"30-35%",92,5,0.3125,15,16,-0.000169932027791538,0
"30-35%",92,5,0.3125,16,16.1333333333333,-0.00356672059863915,0
"30-35%",92,5,0.3125,17,16.2666666666667,0.0013159284052742,0
"30-35%",92,5,0.3125,18,16.3333333333333,0.0103011136749081,0
"30-35%",92,5,0.3125,19,18.6666666666667,0.0296630642786059,0
"30-35%",92,5,0.3125,20,18.8666666666667,0.0574456372276782,0
"30-35%",92,5,0.3125,21,18.6,0.092389646871623,0
"30-35%",92,5,0.3125,22,20.9333333333333,0.137640813547123,0
"30-35%",92,5,0.3125,23,21.9333333333333,0.188969873176185,0
"30-35%",92,5,0.3125,24,22.7333333333333,0.24798184836456,0
"30-35%",92,5,0.3125,25,24.4666666666667,0.311920301414119,0
"30-35%",92,5,0.3125,26,24.7333333333333,0.387657922877885,0.0666666666666667
"30-35%",92,5,0.3125,27,26.9333333333333,0.467015721533914,0.0666666666666667
"30-35%",92,5,0.3125,28,27.9333333333333,0.558059637578941,0.2
"30-35%",92,5,0.3125,29,28.9333333333333,0.657100246757698,0.2
"30-35%",92,5,0.3125,30,30,0.763580869125268,0.533333333333333
"30-35%",92,5,0.3125,31,31,0.877532836927416,1
"30-35%",92,5,0.3125,32,32,1,2
"30-35%",113,6,0.3125,1,30.9333333333333,0.877619669531912,1.53333333333333
"30-35%",113,6,0.3125,2,29.8666666666667,0.762123276091712,1.66666666666667
"30-35%",113,6,0.3125,3,28.8666666666667,0.657333243951914,1.26666666666667
"30-35%",113,6,0.3125,4,27.6,0.558951668789966,0.933333333333333
"30-35%",113,6,0.3125,5,26.8666666666667,0.469069208929237,1.2
"30-35%",113,6,0.3125,6,25.6,0.384668929449513,0.733333333333333
"30-35%",113,6,0.3125,7,24.6,0.310518757915767,0.866666666666667
"30-35%",113,6,0.3125,8,22,0.243637789978266,0.466666666666667
"30-35%",113,6,0.3125,9,21.9333333333333,0.184020986581745,0.466666666666667
"30-35%",113,6,0.3125,10,20.2666666666667,0.136328752464471,0.466666666666667
"30-35%",113,6,0.3125,11,19.0666666666667,0.0931792894553973,0.133333333333333
"30-35%",113,6,0.3125,12,18.4666666666667,0.0573160137778388,0.333333333333333
"30-35%",113,6,0.3125,13,17.6666666666667,0.0308387485813157,0.266666666666667
"30-35%",113,6,0.3125,14,16.8666666666667,0.0128263210221425,0.133333333333333
"30-35%",113,6,0.3125,15,16.7333333333333,0.00072097526945939,0.266666666666667
"30-35%",113,6,0.3125,16,15.8666666666667,-0.00192581883681005,0.4
"30-35%",113,6,0.3125,17,16.0666666666667,0.00101997424383809,0.266666666666667
"30-35%",113,6,0.3125,18,16.9333333333333,0.0117876129837849,0.466666666666667
"30-35%",113,6,0.3125,19,17.1333333333333,0.0293685941330272,0.333333333333333
"30-35%",113,6,0.3125,20,17.4666666666667,0.0613628956106242,0.333333333333333
"30-35%",113,6,0.3125,21,19.1333333333333,0.0929226891010779,0.2
"30-35%",113,6,0.3125,22,20.2666666666667,0.137033464018901,0.533333333333333
"30-35%",113,6,0.3125,23,22,0.184597468488357,0.466666666666667
"30-35%",113,6,0.3125,24,22.6,0.245831114258313,0.733333333333333
"30-35%",113,6,0.3125,25,24.0666666666667,0.311354103785014,0.866666666666667
"30-35%",113,6,0.3125,26,24.2666666666667,0.385393319703929,0.6
"30-35%",113,6,0.3125,27,26.7333333333333,0.470467116345623,1
"30-35%",113,6,0.3125,28,27.6666666666667,0.557754783696928,0.866666666666667
"30-35%",113,6,0.3125,29,28.9333333333333,0.658036859780118,1.6
"30-35%",113,6,0.3125,30,29.8666666666667,0.762720983416077,1.46666666666667
"30-35%",113,6,0.3125,31,30.8666666666667,0.87744600432292,1.53333333333333
"30-35%",113,6,0.3125,32,32,1,2
"30-35%",118,7,0.34375,1,31,0.878405123565603,1.6
"30-35%",118,7,0.34375,2,29.7333333333333,0.764834604341368,1
"30-35%",118,7,0.34375,3,28.7333333333333,0.659125522719288,1.13333333333333
"30-35%",118,7,0.34375,4,27.6666666666667,0.560578588363313,0.8
"30-35%",118,7,0.34375,5,26.8,0.469903188086012,0.8
"30-35%",118,7,0.34375,6,24.4666666666667,0.388621253984307,0.733333333333333
"30-35%",118,7,0.34375,7,22.6666666666667,0.314054495967872,0.4
"30-35%",118,7,0.34375,8,22.8,0.247696393694155,0.466666666666667
"30-35%",118,7,0.34375,9,20.4,0.187668049067865,0.4
"30-35%",118,7,0.34375,10,18.9333333333333,0.137336583306073,0.333333333333333
"30-35%",118,7,0.34375,11,17.6,0.0932602502702802,0.4
"30-35%",118,7,0.34375,12,17.6666666666667,0.0594066881401812,0.4
"30-35%",118,7,0.34375,13,16.6666666666667,0.0324870834021856,0.2
"30-35%",118,7,0.34375,14,15.6666666666667,0.0124632106792651,0.266666666666667
"30-35%",118,7,0.34375,15,15.4,0.00239172925119801,0.4
"30-35%",118,7,0.34375,16,15.2666666666667,-0.00366170360616093,0.266666666666667
"30-35%",118,7,0.34375,17,16,0.00094781047771491,0.466666666666667
"30-35%",118,7,0.34375,18,15.8666666666667,0.0122519594271009,0.266666666666667
"30-35%",118,7,0.34375,19,16.2,0.0320923364954544,0.2
"30-35%",118,7,0.34375,20,17.0666666666667,0.0573060066801453,0.266666666666667
"30-35%",118,7,0.34375,21,18.6666666666667,0.0929192508732326,0.4
"30-35%",118,7,0.34375,22,19.0666666666667,0.136390721697614,0.266666666666667
"30-35%",118,7,0.34375,23,21.9333333333333,0.188513190794485,0.466666666666667
"30-35%",118,7,0.34375,24,22.4,0.242714625816779,0.6
"30-35%",118,7,0.34375,25,21.5333333333333,0.314790771779271,0.466666666666667
"30-35%",118,7,0.34375,26,25.5333333333333,0.388268309795898,0.6
"30-35%",118,7,0.34375,27,26.0666666666667,0.470001548719114,0.8
"30-35%",118,7,0.34375,28,27.8666666666667,0.560651158617304,0.866666666666667
"30-35%",118,7,0.34375,29,28.8666666666667,0.659145852845921,1.06666666666667
"30-35%",118,7,0.34375,30,29.7333333333333,0.76492059454801,1.13333333333333
"30-35%",118,7,0.34375,31,31,0.878492946318405,1.46666666666667
"30-35%",118,7,0.34375,32,32,1,2
"30-35%",131,8,0.34375,1,30.9333333333333,0.878580769071208,1.53333333333333
"30-35%",131,8,0.34375,2,29.9333333333333,0.764748614134727,1.4
"30-35%",131,8,0.34375,3,28.8,0.658737037802354,1.26666666666667
"30-35%",131,8,0.34375,4,27.8,0.561522499085287,0.933333333333333
"30-35%",131,8,0.34375,5,26.7333333333333,0.470611695226294,0.8
"30-35%",131,8,0.34375,6,25.5333333333333,0.387304573330208,0.8
"30-35%",131,8,0.34375,7,21.4666666666667,0.314145108798168,0.466666666666667
"30-35%",131,8,0.34375,8,21.7333333333333,0.247703412376911,0.4
"30-35%",131,8,0.34375,9,22.1333333333333,0.187614890769214,0.6
"30-35%",131,8,0.34375,10,18.7333333333333,0.139352905533014,0.6
"30-35%",131,8,0.34375,11,18.8666666666667,0.0956566640941363,0.4
"30-35%",131,8,0.34375,12,17.4,0.0594474416992875,0.133333333333333
"30-35%",131,8,0.34375,13,17.8,0.0329940652114404,0.466666666666667
"30-35%",131,8,0.34375,14,16.2,0.0134746234242972,0.4
"30-35%",131,8,0.34375,15,15.8,0.00115824880678906,0.266666666666667
"30-35%",131,8,0.34375,16,15.7333333333333,-0.00366434540068231,0.333333333333333
"30-35%",131,8,0.34375,17,16.2,0.00197616982776009,0.4
"30-35%",131,8,0.34375,18,16.6666666666667,0.0128628326221501,0.4
"30-35%",131,8,0.34375,19,16.8666666666667,0.0325863101232589,0.333333333333333
"30-35%",131,8,0.34375,20,17.3333333333333,0.0612150351634534,0.133333333333333
"30-35%",131,8,0.34375,21,18.3333333333333,0.095431065899211,0.4
"30-35%",131,8,0.34375,22,19.0666666666667,0.138980539570306,0.266666666666667
"30-35%",131,8,0.34375,23,20.9333333333333,0.188399244994412,0.466666666666667
"30-35%",131,8,0.34375,24,22.6666666666667,0.248182403013431,0.733333333333333
"30-35%",131,8,0.34375,25,23.2,0.313508471526637,0.4
"30-35%",131,8,0.34375,26,25.6666666666667,0.387753208184227,0.733333333333333
"30-35%",131,8,0.34375,27,26.1333333333333,0.47161002107621,0.8
"30-35%",131,8,0.34375,28,27.5333333333333,0.560898300400191,0.666666666666667
"30-35%",131,8,0.34375,29,28.8,0.658835394169613,1
"30-35%",131,8,0.34375,30,29.7333333333333,0.764637417221203,1.33333333333333
"30-35%",131,8,0.34375,31,31,0.878536857694806,1.73333333333333
"30-35%",131,8,0.34375,32,32,1,2
"30-35%",151,9,0.3125,1,30.9333333333333,0.877793334740904,1.6
"30-35%",151,9,0.3125,2,29.9333333333333,0.762909811246193,1.73333333333333
"30-35%",151,9,0.3125,3,28.9333333333333,0.656280132332386,1.53333333333333
"30-35%",151,9,0.3125,4,27.8,0.556792171624154,1.33333333333333
"30-35%",151,9,0.3125,5,26.8,0.469264675965966,1.06666666666667
"30-35%",151,9,0.3125,6,25.5333333333333,0.385455882354961,0.6
"30-35%",151,9,0.3125,7,24.7333333333333,0.314625635193358,0.733333333333333
"30-35%",151,9,0.3125,8,22.4,0.243088701772763,0.666666666666667
"30-35%",151,9,0.3125,9,21.1333333333333,0.184683090148061,0.666666666666667
"30-35%",151,9,0.3125,10,19.6666666666667,0.139037547073097,0.133333333333333
"30-35%",151,9,0.3125,11,19.2,0.0932147866584489,0.533333333333333
"30-35%",151,9,0.3125,12,17.9333333333333,0.0574634726266576,0.0666666666666667
"30-35%",151,9,0.3125,13,17.3333333333333,0.0320110457174064,0.133333333333333
"30-35%",151,9,0.3125,14,17.2,0.0135650820078281,0.2
"30-35%",151,9,0.3125,15,16.8,0.000724020082401977,0.266666666666667
"30-35%",151,9,0.3125,16,16.9333333333333,-0.00386375298319022,0.466666666666667
"30-35%",151,9,0.3125,17,16.9333333333333,0.0013159284052742,0.2
"30-35%",151,9,0.3125,18,17.3333333333333,0.0114971033721682,0.266666666666667
"30-35%",151,9,0.3125,19,17.2666666666667,0.0314312745202614,0.133333333333333
"30-35%",151,9,0.3125,20,18.9333333333333,0.0590239601203758,0.333333333333333
"30-35%",151,9,0.3125,21,19.8666666666667,0.090452782829941,0.533333333333333
"30-35%",151,9,0.3125,22,19.9333333333333,0.134618302544486,0.2
"30-35%",151,9,0.3125,23,20.9333333333333,0.190502426606221,0.4
"30-35%",151,9,0.3125,24,22.6666666666667,0.246269515889387,0.666666666666667
"30-35%",151,9,0.3125,25,23.6,0.31288180144658,0.933333333333333
"30-35%",151,9,0.3125,26,25.1333333333333,0.387479468720909,0.8
"30-35%",151,9,0.3125,27,26.8,0.468607710148497,1.33333333333333
"30-35%",151,9,0.3125,28,27.7333333333333,0.558713734618533,1.33333333333333
"30-35%",151,9,0.3125,29,28.9333333333333,0.657626802567462,1.4
"30-35%",151,9,0.3125,30,29.8,0.763318690740441,1.73333333333333
"30-35%",151,9,0.3125,31,30.8666666666667,0.8778801673454,1.66666666666667
"30-35%",151,9,0.3125,32,32,1,2
"30-35%",160,10,0.3125,1,31,0.877706502136408,1.2
"30-35%",160,10,0.3125,2,29.9333333333333,0.76324534018573,1
"30-35%",160,10,0.3125,3,28.8666666666667,0.658446916992774,0.866666666666667
"30-35%",160,10,0.3125,4,27.8,0.558654433213053,0.8
"30-35%",160,10,0.3125,5,26.9333333333333,0.466462379251693,0.733333333333333
"30-35%",160,10,0.3125,6,24.6,0.3869507945901,0.666666666666667
"30-35%",160,10,0.3125,7,24.1333333333333,0.30984115270612,0.666666666666667
"30-35%",160,10,0.3125,8,22.6666666666667,0.247086771640935,0.6
"30-35%",160,10,0.3125,9,21.6,0.185165748297115,0.533333333333333
"30-35%",160,10,0.3125,10,19.8666666666667,0.138463118025995,0.533333333333333
"30-35%",160,10,0.3125,11,19.4,0.0889982517974005,0.333333333333333
"30-35%",160,10,0.3125,12,17.3333333333333,0.0589085466086213,0.4
"30-35%",160,10,0.3125,13,17.2666666666667,0.0314248971493611,0.266666666666667
"30-35%",160,10,0.3125,14,15.2,0.0137124661221254,0.266666666666667
"30-35%",160,10,0.3125,15,15.9333333333333,0.000129066946587163,0.133333333333333
"30-35%",160,10,0.3125,16,15.6666666666667,-0.0040006973839814,0.266666666666667
"30-35%",160,10,0.3125,17,15.8666666666667,-0.000465886189227652,0.466666666666667
"30-35%",160,10,0.3125,18,16.4666666666667,0.0126737580837678,0.333333333333333
"30-35%",160,10,0.3125,19,17,0.0293683956518581,0.333333333333333
"30-35%",160,10,0.3125,20,18.2666666666667,0.056722171489905,0.466666666666667
"30-35%",160,10,0.3125,21,18.6666666666667,0.0948849077529166,0.133333333333333
"30-35%",160,10,0.3125,22,19.9333333333333,0.13707922172134,0.6
"30-35%",160,10,0.3125,23,22.0666666666667,0.185867935044647,0.466666666666667
"30-35%",160,10,0.3125,24,22.4,0.24603302443119,0.4
"30-35%",160,10,0.3125,25,24,0.313835628920685,0.533333333333333
"30-35%",160,10,0.3125,26,25.8,0.386146579718022,0.733333333333333
"30-35%",160,10,0.3125,27,26.8,0.47000423172635,0.8
"30-35%",160,10,0.3125,28,27.7333333333333,0.557992717868361,0.733333333333333
"30-35%",160,10,0.3125,29,28.8,0.656513129526601,0.8
"30-35%",160,10,0.3125,30,29.9333333333333,0.762909811246193,1.06666666666667
"30-35%",160,10,0.3125,31,30.9333333333333,0.877532836927416,1.4
"30-35%",160,10,0.3125,32,32,1,2
"30-35%",179,11,0.34375,1,31,0.878405123565603,1.73333333333333
"30-35%",179,11,0.34375,2,29.9333333333333,0.764243042980873,1.26666666666667
"30-35%",179,11,0.34375,3,28.8666666666667,0.658368883012054,1.26666666666667
"30-35%",179,11,0.34375,4,27.7333333333333,0.562321269299278,0.866666666666667
"30-35%",179,11,0.34375,5,25.4,0.470363648967421,1.13333333333333
"30-35%",179,11,0.34375,6,25.2,0.389139459437422,0.8
"30-35%",179,11,0.34375,7,22.6,0.312989780186533,0.6
"30-35%",179,11,0.34375,8,23.6,0.249311557532497,0.6
"30-35%",179,11,0.34375,9,20.8,0.189982078884229,0.6
"30-35%",179,11,0.34375,10,20.0666666666667,0.137465812131366,0.466666666666667
"30-35%",179,11,0.34375,11,18.8,0.0961233220836194,0.333333333333333
"30-35%",179,11,0.34375,12,17.2,0.0610227838033207,0.333333333333333
"30-35%",179,11,0.34375,13,16.2,0.0339033780069326,0.2
"30-35%",179,11,0.34375,14,16.7333333333333,0.0130740838743144,0.266666666666667
"30-35%",179,11,0.34375,15,15.8666666666667,0.00208477999721923,0.2
"30-35%",179,11,0.34375,16,16.7333333333333,-0.00347986799696133,0.533333333333333
"30-35%",179,11,0.34375,17,16.2,0.000953493906208722,0.333333333333333
"30-35%",179,11,0.34375,18,15.8,0.0130745426778633,0.2
"30-35%",179,11,0.34375,19,17.4,0.0314852620303834,0.466666666666667
"30-35%",179,11,0.34375,20,17.9333333333333,0.0602359683353378,0.2
"30-35%",179,11,0.34375,21,19.4,0.0966127230493493,0.4
"30-35%",179,11,0.34375,22,19.6666666666667,0.136938953755254,0.533333333333333
"30-35%",179,11,0.34375,23,22.1333333333333,0.188281405831662,0.6
"30-35%",179,11,0.34375,24,22.6,0.24651720010917,0.866666666666667
"30-35%",179,11,0.34375,25,22.2666666666667,0.313796819860348,0.533333333333333
"30-35%",179,11,0.34375,26,25.8666666666667,0.388759188013051,1
"30-35%",179,11,0.34375,27,26.2,0.470240437402772,1
"30-35%",179,11,0.34375,28,27.8,0.55970724789533,1.26666666666667
"30-35%",179,11,0.34375,29,28.7333333333333,0.658412476946226,1.06666666666667
"30-35%",179,11,0.34375,30,29.8666666666667,0.765031791461533,1.53333333333333
"30-35%",179,11,0.34375,31,30.8666666666667,0.878449034942004,1.66666666666667
"30-35%",179,11,0.34375,32,32,1,2
"30-35%",184,12,0.3125,1,30.9333333333333,0.877532836927416,1.73333333333333
"30-35%",184,12,0.3125,2,29.9333333333333,0.763056512355614,1.4
"30-35%",184,12,0.3125,3,28.8666666666667,0.656219570911053,1.2
"30-35%",184,12,0.3125,4,27.6666666666667,0.557308768091416,1
"30-35%",184,12,0.3125,5,26.7333333333333,0.467203320850609,1
"30-35%",184,12,0.3125,6,25.1333333333333,0.383414340495711,0.866666666666667
"30-35%",184,12,0.3125,7,22.6,0.312881900183691,0.4
"30-35%",184,12,0.3125,8,22.4666666666667,0.245002944420812,0.533333333333333
"30-35%",184,12,0.3125,9,21.4666666666667,0.187790755283401,0.4
"30-35%",184,12,0.3125,10,20.6666666666667,0.132046633404745,0.4
"30-35%",184,12,0.3125,11,19.0666666666667,0.0943320240026458,0.266666666666667
"30-35%",184,12,0.3125,12,18.7333333333333,0.0577354534026027,0.333333333333333
"30-35%",184,12,0.3125,13,17.4,0.0317195657761088,0.466666666666667
"30-35%",184,12,0.3125,14,16.2,0.0107531635624053,0.133333333333333
"30-35%",184,12,0.3125,15,16.4666666666667,-0.0035699537145519,0.466666666666667
"30-35%",184,12,0.3125,16,15.4666666666667,-0.00355569232524056,0.4
"30-35%",184,12,0.3125,17,15.2666666666667,0.00220683570252513,0.266666666666667
"30-35%",184,12,0.3125,18,16.8,0.0104579352302609,0.266666666666667
"30-35%",184,12,0.3125,19,17.8,0.0305472686400181,0.0666666666666667
"30-35%",184,12,0.3125,20,19,0.0531002122363607,0.6
"30-35%",184,12,0.3125,21,18.7333333333333,0.093558037101107,0.466666666666667
"30-35%",184,12,0.3125,22,19.6,0.135636730492927,0.333333333333333
"30-35%",184,12,0.3125,23,21.6666666666667,0.187563024587069,0.466666666666667
"30-35%",184,12,0.3125,24,22.2666666666667,0.246829518180844,0.333333333333333
"30-35%",184,12,0.3125,25,24.6666666666667,0.310451795186427,0.733333333333333
"30-35%",184,12,0.3125,26,25.5333333333333,0.384849916815549,0.666666666666667
"30-35%",184,12,0.3125,27,26.6,0.470190445204512,0.733333333333333
"30-35%",184,12,0.3125,28,27.7333333333333,0.557546702262849,1
"30-35%",184,12,0.3125,29,28.4666666666667,0.657510303970354,0.866666666666667
"30-35%",184,12,0.3125,30,29.8666666666667,0.763989748619517,1.26666666666667
"30-35%",184,12,0.3125,31,30.9333333333333,0.87744600432292,1.66666666666667
"30-35%",184,12,0.3125,32,32,1,2
"30-35%",188,13,0.3125,1,31.1333333333333,0.87744600432292,1.86666666666667
"30-35%",188,13,0.3125,2,29.9333333333333,0.763916398064805,1.66666666666667
"30-35%",188,13,0.3125,3,29,0.655693015101289,1.66666666666667
"30-35%",188,13,0.3125,4,27.8,0.557732549264674,1.53333333333333
"30-35%",188,13,0.3125,5,27.2,0.467650267920517,1.8
"30-35%",188,13,0.3125,6,26.0666666666667,0.385749887378016,1.4
"30-35%",188,13,0.3125,7,24.4666666666667,0.311637202599567,1.13333333333333
"30-35%",188,13,0.3125,8,23,0.246470776549308,1
"30-35%",188,13,0.3125,9,22.6666666666667,0.185419633073007,1.13333333333333
"30-35%",188,13,0.3125,10,21.8,0.138094100469757,1.2
"30-35%",188,13,0.3125,11,20.7333333333333,0.0897920802197552,0.4
"30-35%",188,13,0.3125,12,20.8,0.0567276544443822,0.6
"30-35%",188,13,0.3125,13,20.5333333333333,0.0317195657761088,0.8
"30-35%",188,13,0.3125,14,19.2666666666667,0.0116397687659379,0.6
"30-35%",188,13,0.3125,15,18.4666666666667,0.00101997424383809,0.4
"30-35%",188,13,0.3125,16,18.8,-0.00236973685937935,0.533333333333333
"30-35%",188,13,0.3125,17,19.1333333333333,0.000727064895344564,0.6
"30-35%",188,13,0.3125,18,19.4,0.00956189258567296,0.666666666666667
"30-35%",188,13,0.3125,19,18.9333333333333,0.0328982402830998,0.533333333333333
"30-35%",188,13,0.3125,20,21.1333333333333,0.0572981783788594,0.6
"30-35%",188,13,0.3125,21,20.5333333333333,0.0923541496685715,0.6
"30-35%",188,13,0.3125,22,21.6666666666667,0.136651609241344,0.866666666666667
"30-35%",188,13,0.3125,23,23.5333333333333,0.182413993793078,0.866666666666667
"30-35%",188,13,0.3125,24,23.6666666666667,0.247097685726889,0.666666666666667
"30-35%",188,13,0.3125,25,25.0666666666667,0.31174870891722,1.26666666666667
"30-35%",188,13,0.3125,26,25.9333333333333,0.388411182891978,1.46666666666667
"30-35%",188,13,0.3125,27,26.8666666666667,0.47017589349368,1.2
"30-35%",188,13,0.3125,28,28.2,0.55991428086274,1.46666666666667
"30-35%",188,13,0.3125,29,29.0666666666667,0.656690189545042,1.6
"30-35%",188,13,0.3125,30,29.9333333333333,0.76245880503125,1.46666666666667
"30-35%",188,13,0.3125,31,31.2,0.877619669531912,1.93333333333333
"30-35%",188,13,0.3125,32,32,1,2
"30-35%",189,14,0.34375,1,30.9333333333333,0.878536857694806,1.46666666666667
"30-35%",189,14,0.34375,2,29.6666666666667,0.76492059454801,0.866666666666667
"30-35%",189,14,0.34375,3,28.8666666666667,0.658963242291224,0.866666666666667
"30-35%",189,14,0.34375,4,27.8,0.560578588363313,0.8
"30-35%",189,14,0.34375,5,26.4666666666667,0.470113146382778,0.466666666666667
"30-35%",189,14,0.34375,6,25.7333333333333,0.389516627020349,0.733333333333333
"30-35%",189,14,0.34375,7,22.8,0.313288695806136,0.466666666666667
"30-35%",189,14,0.34375,8,23.7333333333333,0.24707342844251,0.733333333333333
"30-35%",189,14,0.34375,9,20.4666666666667,0.19038472234535,0.4
"30-35%",189,14,0.34375,10,18.8,0.137639363318664,0.466666666666667
"30-35%",189,14,0.34375,11,17.2,0.0948516598099613,0.266666666666667
"30-35%",189,14,0.34375,12,17.7333333333333,0.0598204726537259,0.266666666666667
"30-35%",189,14,0.34375,13,15.1333333333333,0.0328986305301202,0.0666666666666667
"30-35%",189,14,0.34375,14,15.4,0.0126589023547678,0.333333333333333
"30-35%",189,14,0.34375,15,15.3333333333333,0.00156702622038286,0.266666666666667
"30-35%",189,14,0.34375,16,15.4,-0.00386627331003992,0.333333333333333
"30-35%",189,14,0.34375,17,15.6,0.00106137168810098,0.4
"30-35%",189,14,0.34375,18,15.2,0.0132784729452456,0.266666666666667
"30-35%",189,14,0.34375,19,17.1333333333333,0.0321877711767746,0.2
"30-35%",189,14,0.34375,20,17.3333333333333,0.0592241973778083,0.4
"30-35%",189,14,0.34375,21,17.5333333333333,0.0957580917034755,0.133333333333333
"30-35%",189,14,0.34375,22,18.8,0.138608173607599,0.266666666666667
"30-35%",189,14,0.34375,23,21.0666666666667,0.18691508305221,0.6
"30-35%",189,14,0.34375,24,21.6666666666667,0.249164186587167,0.4
"30-35%",189,14,0.34375,25,24.6,0.314125259830289,0.6
"30-35%",189,14,0.34375,26,25.0666666666667,0.387777431578745,0.733333333333333
"30-35%",189,14,0.34375,27,26.0666666666667,0.470514562756076,0.666666666666667
"30-35%",189,14,0.34375,28,27.8,0.561090833670687,0.8
"30-35%",189,14,0.34375,29,28.8,0.659804136185896,1
"30-35%",189,14,0.34375,30,30,0.76458700380744,1.33333333333333
"30-35%",189,14,0.34375,31,31,0.878405123565603,1.4
"30-35%",189,14,0.34375,32,32,1,2
"30-35%",193,15,0.34375,1,30.9333333333333,0.878405123565603,1.73333333333333
"30-35%",193,15,0.34375,2,30.0666666666667,0.764551427014561,1.73333333333333
"30-35%",193,15,0.34375,3,29,0.658963242291224,1.8
"30-35%",193,15,0.34375,4,28.1333333333333,0.561264374021904,1.66666666666667
"30-35%",193,15,0.34375,5,26.9333333333333,0.46939017404905,1.4
"30-35%",193,15,0.34375,6,26.4666666666667,0.386942015572767,1.53333333333333
"30-35%",193,15,0.34375,7,24.4666666666667,0.314025621290421,0.866666666666667
"30-35%",193,15,0.34375,8,24.0666666666667,0.248571080453297,1.06666666666667
"30-35%",193,15,0.34375,9,22.8,0.189282271167226,0.866666666666667
"30-35%",193,15,0.34375,10,21.4,0.137403854348554,0.733333333333333
"30-35%",193,15,0.34375,11,21.4,0.094599177529584,0.733333333333333
"30-35%",193,15,0.34375,12,20.2666666666667,0.0598204726537259,0.533333333333333
"30-35%",193,15,0.34375,13,19.9333333333333,0.0317827281395652,0.533333333333333
"30-35%",193,15,0.34375,14,18.5333333333333,0.0138898049438438,0.4
"30-35%",193,15,0.34375,15,18.6666666666667,0.00208477999721923,0.533333333333333
"30-35%",193,15,0.34375,16,18.8,-0.00263885508676598,0.466666666666667
"30-35%",193,15,0.34375,17,19,0.00126612658868132,0.466666666666667
"30-35%",193,15,0.34375,18,19.1333333333333,0.012863291425699,0.466666666666667
"30-35%",193,15,0.34375,19,20.0666666666667,0.0300716794766085,0.466666666666667
"30-35%",193,15,0.34375,20,20.1333333333333,0.0588414058256102,0.533333333333333
"30-35%",193,15,0.34375,21,20.4,0.0934175203794456,0.533333333333333
"30-35%",193,15,0.34375,22,22.4666666666667,0.137112504942552,0.933333333333333
"30-35%",193,15,0.34375,23,22.9333333333333,0.18863363283121,1.13333333333333
"30-35%",193,15,0.34375,24,24.8666666666667,0.247110306243041,1.13333333333333
"30-35%",193,15,0.34375,25,25,0.313288695806136,1.2
"30-35%",193,15,0.34375,26,25.4,0.387966015370208,1.26666666666667
"30-35%",193,15,0.34375,27,26.9333333333333,0.471419791162562,1.53333333333333
"30-35%",193,15,0.34375,28,28.1333333333333,0.561693065794791,1.6
"30-35%",193,15,0.34375,29,29,0.658899318230419,1.6
"30-35%",193,15,0.34375,30,29.8666666666667,0.764243042980873,1.6
"30-35%",193,15,0.34375,31,31.1333333333333,0.878624680447609,1.86666666666667
"30-35%",193,15,0.34375,32,32,1,2
"30-35%",198,16,0.34375,1,30.8,0.878405123565603,1.4
"30-35%",198,16,0.34375,2,29.9333333333333,0.76492059454801,1.46666666666667
"30-35%",198,16,0.34375,3,28.6666666666667,0.658510833313485,0.666666666666667
"30-35%",198,16,0.34375,4,27.6666666666667,0.560727733690687,0.733333333333333
"30-35%",198,16,0.34375,5,26.8666666666667,0.469600132345816,0.866666666666667
"30-35%",198,16,0.34375,6,23.8,0.389328043228885,0.733333333333333
"30-35%",198,16,0.34375,7,23,0.313985273681776,0.6
"30-35%",198,16,0.34375,8,21.6,0.246564167883773,0.266666666666667
"30-35%",198,16,0.34375,9,18.9333333333333,0.19105314185281,0.4
"30-35%",198,16,0.34375,10,20.6666666666667,0.138478944782306,0.6
"30-35%",198,16,0.34375,11,19.0666666666667,0.0925767634693355,0.4
"30-35%",198,16,0.34375,12,17.9333333333333,0.0579030925566009,0.466666666666667
"30-35%",198,16,0.34375,13,15.4666666666667,0.0326947529860294,0.133333333333333
"30-35%",198,16,0.34375,14,15,0.0124549720873854,0.2
"30-35%",198,16,0.34375,15,15.4666666666667,-0.000286036160477481,0.266666666666667
"30-35%",198,16,0.34375,16,15.2666666666667,-0.00513915972267264,0.266666666666667
"30-35%",198,16,0.34375,17,15.2,0.00187397547436164,0.333333333333333
"30-35%",198,16,0.34375,18,15.9333333333333,0.0134819444090791,0.4
"30-35%",198,16,0.34375,19,15.6,0.0334983349697232,0.266666666666667
"30-35%",198,16,0.34375,20,18.3333333333333,0.0584471425075851,0.266666666666667
"30-35%",198,16,0.34375,21,17.2,0.0963261773022979,0.266666666666667
"30-35%",198,16,0.34375,22,19.6,0.137507819585736,0.466666666666667
"30-35%",198,16,0.34375,23,22,0.185765129307458,0.666666666666667
"30-35%",198,16,0.34375,24,22.0666666666667,0.248628138201972,0.2
"30-35%",198,16,0.34375,25,24.0666666666667,0.313419400272662,0.6
"30-35%",198,16,0.34375,26,24.9333333333333,0.388040888527443,0.6
"30-35%",198,16,0.34375,27,25.4666666666667,0.470960558444039,0.666666666666667
"30-35%",198,16,0.34375,28,27.7333333333333,0.560473613446696,0.866666666666667
"30-35%",198,16,0.34375,29,28.6,0.659223879086547,0.8
"30-35%",198,16,0.34375,30,29.9333333333333,0.76531496878834,1.26666666666667
"30-35%",198,16,0.34375,31,30.9333333333333,0.878624680447609,1.26666666666667
"30-35%",198,16,0.34375,32,32,1,2
"30-35%",206,17,0.3125,1,31,0.877359171718424,0.866666666666667
"30-35%",206,17,0.3125,2,30,0.762909811246193,0.4
"30-35%",206,17,0.3125,3,28.8666666666667,0.654777128952648,0.0666666666666667
"30-35%",206,17,0.3125,4,27.8666666666667,0.559022249651715,0.0666666666666667
"30-35%",206,17,0.3125,5,27,0.468046500146241,0
"30-35%",206,17,0.3125,6,25.3333333333333,0.387619747494718,0.0666666666666667
"30-35%",206,17,0.3125,7,23.8666666666667,0.312769499120665,0
"30-35%",206,17,0.3125,8,22.5333333333333,0.245562946712269,0
"30-35%",206,17,0.3125,9,21.8666666666667,0.1868927189229,0
"30-35%",206,17,0.3125,10,20.4,0.138450280804676,0
"30-35%",206,17,0.3125,11,19.0666666666667,0.0926462472259425,0
"30-35%",206,17,0.3125,12,17.8666666666667,0.0580070527467837,0
"30-35%",206,17,0.3125,13,18.1333333333333,0.0302526000132704,0
"30-35%",206,17,0.3125,14,17.0666666666667,0.0125306325864485,0
"30-35%",206,17,0.3125,15,16.2,0.0013159284052742,0
"30-35%",206,17,0.3125,16,16.1333333333333,-0.00370475203560187,0
"30-35%",206,17,0.3125,17,15.8,0.00161492737965291,0
"30-35%",206,17,0.3125,18,16.4666666666667,0.0101627068981165,0
"30-35%",206,17,0.3125,19,17,0.0328950515976497,0
"30-35%",206,17,0.3125,20,18.8,0.0596086939929379,0
"30-35%",206,17,0.3125,21,18.7333333333333,0.0929383447833135,0
"30-35%",206,17,0.3125,22,20.0666666666667,0.137066384500021,0
"30-35%",206,17,0.3125,23,21.8666666666667,0.185393478993447,0
"30-35%",206,17,0.3125,24,24,0.237802487956255,0
"30-35%",206,17,0.3125,25,24.3333333333333,0.308544238975327,0
"30-35%",206,17,0.3125,26,25.4,0.387765092686648,0
"30-35%",206,17,0.3125,27,26.9333333333333,0.469825885968222,0.133333333333333
"30-35%",206,17,0.3125,28,28,0.556725251913574,0.133333333333333
"30-35%",206,17,0.3125,29,28.9333333333333,0.657216745354806,0.266666666666667
"30-35%",206,17,0.3125,30,29.9333333333333,0.763654219679979,0.533333333333333
"30-35%",206,17,0.3125,31,31,0.87744600432292,0.866666666666667
"30-35%",206,17,0.3125,32,32,1,2
"30-35%",210,18,0.3125,1,30.8666666666667,0.877619669531912,1.53333333333333
"30-35%",210,18,0.3125,2,29.8666666666667,0.76324534018573,1.13333333333333
"30-35%",210,18,0.3125,3,28.6,0.657626802567462,0.8
"30-35%",210,18,0.3125,4,27.7333333333333,0.56148660069954,0.8
"30-35%",210,18,0.3125,5,26.7333333333333,0.468144825529224,0.866666666666667
"30-35%",210,18,0.3125,6,25.7333333333333,0.38456429284981,0.733333333333333
"30-35%",210,18,0.3125,7,23.8,0.311584986452898,0.4
"30-35%",210,18,0.3125,8,21.2666666666667,0.246091272915878,0.2
"30-35%",210,18,0.3125,9,21.9333333333333,0.187434844652098,0.466666666666667
"30-35%",210,18,0.3125,10,20.0666666666667,0.136256917242468,0.533333333333333
"30-35%",210,18,0.3125,11,17.5333333333333,0.0929226891010779,0.266666666666667
"30-35%",210,18,0.3125,12,18.4,0.0588907112096419,0.4
"30-35%",210,18,0.3125,13,16.6666666666667,0.0337790574778929,0.2
"30-35%",210,18,0.3125,14,15.1333333333333,0.0104111973934347,0.266666666666667
"30-35%",210,18,0.3125,15,15.3333333333333,-0.000189716566303471,0.4
"30-35%",210,18,0.3125,16,15.1333333333333,-0.00371469327282892,0.0666666666666667
"30-35%",210,18,0.3125,17,15.4666666666667,-0.000488715540682171,0.333333333333333
"30-35%",210,18,0.3125,18,16.7333333333333,0.0116393086623882,0.533333333333333
"30-35%",210,18,0.3125,19,16.7333333333333,0.0267191697342405,0.4
"30-35%",210,18,0.3125,20,17.9333333333333,0.0574456372276782,0.4
"30-35%",210,18,0.3125,21,18.8666666666667,0.0906328756888166,0.466666666666667
"30-35%",210,18,0.3125,22,18.6,0.138136564410665,0.266666666666667
"30-35%",210,18,0.3125,23,21.3333333333333,0.189129934194519,0.333333333333333
"30-35%",210,18,0.3125,24,23,0.243088701772763,0.533333333333333
"30-35%",210,18,0.3125,25,24.5333333333333,0.312538715189893,0.533333333333333
"30-35%",210,18,0.3125,26,24.8666666666667,0.387330224963476,0.466666666666667
"30-35%",210,18,0.3125,27,26.7333333333333,0.46907059476777,0.733333333333333
"30-35%",210,18,0.3125,28,27.8,0.557962865131007,0.8
"30-35%",210,18,0.3125,29,28.8666666666667,0.658036859780118,1.13333333333333
"30-35%",210,18,0.3125,30,30,0.76324534018573,1.13333333333333
"30-35%",210,18,0.3125,31,30.9333333333333,0.8778801673454,1.33333333333333
"30-35%",210,18,0.3125,32,32,1,2
"30-35%",214,19,0.34375,1,31,0.878492946318405,1.86666666666667
"30-35%",214,19,0.34375,2,29.8666666666667,0.764834604341368,1.73333333333333
"30-35%",214,19,0.34375,3,28.8,0.660212951229463,1.33333333333333
"30-35%",214,19,0.34375,4,27.9333333333333,0.561224990898173,1.46666666666667
"30-35%",214,19,0.34375,5,26.0666666666667,0.470724521052842,0.933333333333333
"30-35%",214,19,0.34375,6,23.5333333333333,0.388567500380144,0.6
"30-35%",214,19,0.34375,7,24,0.314322995333704,0.666666666666667
"30-35%",214,19,0.34375,8,22.2666666666667,0.246232548192583,0.533333333333333
"30-35%",214,19,0.34375,9,20.4666666666667,0.188765681906032,0.4
"30-35%",214,19,0.34375,10,20.6,0.136894631393249,0.533333333333333
"30-35%",214,19,0.34375,11,18.6666666666667,0.0941821466017997,0.2
"30-35%",214,19,0.34375,12,18.4666666666667,0.0586491544654775,0.2
"30-35%",214,19,0.34375,13,16.5333333333333,0.034308421044142,0.0666666666666667
"30-35%",214,19,0.34375,14,16.7333333333333,0.0130745426778633,0.133333333333333
"30-35%",214,19,0.34375,15,16.6,0.00300489537158871,0.333333333333333
"30-35%",214,19,0.34375,16,16.7333333333333,-0.002229715679008,0.466666666666667
"30-35%",214,19,0.34375,17,17.0666666666667,0.00116393223528287,0.4
"30-35%",214,19,0.34375,18,17.1333333333333,0.0140932764076772,0.4
"30-35%",214,19,0.34375,19,17.6666666666667,0.033192518653587,0.266666666666667
"30-35%",214,19,0.34375,20,18.0666666666667,0.0600127240138585,0.266666666666667
"30-35%",214,19,0.34375,21,19.1333333333333,0.0944548179130875,0.4
"30-35%",214,19,0.34375,22,20.7333333333333,0.136124635879723,0.4
"30-35%",214,19,0.34375,23,19.9333333333333,0.189868133084156,0.466666666666667
"30-35%",214,19,0.34375,24,21.8666666666667,0.247351612737576,0.733333333333333
"30-35%",214,19,0.34375,25,23.4666666666667,0.314054495967872,0.8
"30-35%",214,19,0.34375,26,25.5333333333333,0.38830093959,0.6
"30-35%",214,19,0.34375,27,25.9333333333333,0.470250823140872,0.933333333333333
"30-35%",214,19,0.34375,28,27.6666666666667,0.560401043192705,0.933333333333333
"30-35%",214,19,0.34375,29,28.8,0.659209776906726,1.53333333333333
"30-35%",214,19,0.34375,30,29.8,0.764834604341368,1.6
"30-35%",214,19,0.34375,31,30.8,0.878580769071208,1.73333333333333
"30-35%",214,19,0.34375,32,32,1,2
"30-35%",218,20,0.3125,1,31,0.877793334740904,1.53333333333333
"30-35%",218,20,0.3125,2,29.8666666666667,0.764251927004343,0.866666666666667
"30-35%",218,20,0.3125,3,28.8666666666667,0.656513129526601,0.866666666666667
"30-35%",218,20,0.3125,4,27.7333333333333,0.559538846118977,0.866666666666667
"30-35%",218,20,0.3125,5,26.7333333333333,0.470548320450004,0.733333333333333
"30-35%",218,20,0.3125,6,25.5333333333333,0.383164942630387,0.533333333333333
"30-35%",218,20,0.3125,7,24,0.312144110057687,0.6
"30-35%",218,20,0.3125,8,22.5333333333333,0.2466039408086,0.533333333333333
"30-35%",218,20,0.3125,9,21.6,0.184055342759159,0.533333333333333
"30-35%",218,20,0.3125,10,20.8,0.133120510153846,0.666666666666667
"30-35%",218,20,0.3125,11,19.3333333333333,0.0934557313305328,0.6
"30-35%",218,20,0.3125,12,16.6666666666667,0.0563045893587239,0.266666666666667
"30-35%",218,20,0.3125,13,16.0666666666667,0.029365008485239,0.133333333333333
"30-35%",218,20,0.3125,14,15.0666666666667,0.0126789369078452,0.266666666666667
"30-35%",218,20,0.3125,15,15.3333333333333,0.00220379088958255,0.133333333333333
"30-35%",218,20,0.3125,16,15.2666666666667,-0.0050486214128799,0.266666666666667
"30-35%",218,20,0.3125,17,15.6,-0.00224465597078692,0.4
"30-35%",218,20,0.3125,18,15.9333333333333,0.0111542169960982,0.4
"30-35%",218,20,0.3125,19,17.2,0.0314248971493611,0.4
"30-35%",218,20,0.3125,20,17.8666666666667,0.0600652804774794,0.2
"30-35%",218,20,0.3125,21,17.2666666666667,0.0946084658777812,0.266666666666667
"30-35%",218,20,0.3125,22,20.2,0.134621999382944,0.533333333333333
"30-35%",218,20,0.3125,23,21,0.186986542680457,0.466666666666667
"30-35%",218,20,0.3125,24,23.6666666666667,0.243032708972592,0.666666666666667
"30-35%",218,20,0.3125,25,24.0666666666667,0.312196326204355,0.666666666666667
"30-35%",218,20,0.3125,26,23.9333333333333,0.385747354168956,0.6
"30-35%",218,20,0.3125,27,26.8,0.467860286668078,0.8
"30-35%",218,20,0.3125,28,27.8,0.558814168217636,0.866666666666667
"30-35%",218,20,0.3125,29,28.8666666666667,0.657100246757698,1
"30-35%",218,20,0.3125,30,29.9333333333333,0.763392041295152,1.13333333333333
"30-35%",218,20,0.3125,31,31,0.877619669531912,1.33333333333333
"30-35%",218,20,0.3125,32,32,1,2
"35-40%",3,1,0.375,1,30.6666666666667,0.878935401929042,1.66666666666667
"35-40%",3,1,0.375,2,29.8666666666667,0.765236724794791,1.4
"35-40%",3,1,0.375,3,28.6666666666667,0.660074944721709,1.33333333333333
"35-40%",3,1,0.375,4,27,0.562430928506935,1.06666666666667
"35-40%",3,1,0.375,5,26.7333333333333,0.472339490233278,1.26666666666667
"35-40%",3,1,0.375,6,24.2666666666667,0.390142008107944,0.733333333333333
"35-40%",3,1,0.375,7,23.5333333333333,0.315155045568385,0.8
"35-40%",3,1,0.375,8,22.4666666666667,0.248373407123954,0.466666666666667
"35-40%",3,1,0.375,9,20.4666666666667,0.19034678918333,0.4
"35-40%",3,1,0.375,10,20,0.13841599340321,0.4
"35-40%",3,1,0.375,11,19.7333333333333,0.0958846206181758,0.6
"35-40%",3,1,0.375,12,18.2666666666667,0.060740323469384,0.333333333333333
"35-40%",3,1,0.375,13,17.7333333333333,0.0335868237696935,0.333333333333333
"35-40%",3,1,0.375,14,18.1333333333333,0.0135146334649698,0.266666666666667
"35-40%",3,1,0.375,15,17.4,0.00210274914809728,0.0666666666666667
"35-40%",3,1,0.375,16,17.2,-0.00131109327052742,0.266666666666667
"35-40%",3,1,0.375,17,16.9333333333333,0.00262524075135431,0.2
"35-40%",3,1,0.375,18,17.4666666666667,0.0137103114955068,0.333333333333333
"35-40%",3,1,0.375,19,17.6666666666667,0.0338239604706588,0.466666666666667
"35-40%",3,1,0.375,20,18.3333333333333,0.0613002537711821,0.4
"35-40%",3,1,0.375,21,18.6666666666667,0.0955049139520888,0.4
"35-40%",3,1,0.375,22,18.6666666666667,0.139159912012161,0.2
"35-40%",3,1,0.375,23,20,0.190382978045434,0.533333333333333
"35-40%",3,1,0.375,24,21.5333333333333,0.247153456584412,0.666666666666667
"35-40%",3,1,0.375,25,24.6666666666667,0.315027623191704,0.866666666666667
"35-40%",3,1,0.375,26,23.7333333333333,0.389035011115123,0.8
"35-40%",3,1,0.375,27,25.9333333333333,0.472412137444668,1.06666666666667
"35-40%",3,1,0.375,28,27.8,0.561336164166646,1.26666666666667
"35-40%",3,1,0.375,29,28.8666666666667,0.659991790525898,1.4
"35-40%",3,1,0.375,30,29.9333333333333,0.765503300130204,1.6
"35-40%",3,1,0.375,31,30.9333333333333,0.878935401929042,1.73333333333333
"35-40%",3,1,0.375,32,32,1,2
"35-40%",4,2,0.375,1,31,0.878883963760896,1.4
"35-40%",4,2,0.375,2,29.8,0.765564196069036,1.06666666666667
"35-40%",4,2,0.375,3,28.7333333333333,0.65983522028912,0.866666666666667
"35-40%",4,2,0.375,4,27.0666666666667,0.562025956505902,0.8
"35-40%",4,2,0.375,5,26.8,0.47196684432756,0.8
"35-40%",4,2,0.375,6,22.8,0.388902360078409,0.6
"35-40%",4,2,0.375,7,22.4666666666667,0.315145265306535,0.4
"35-40%",4,2,0.375,8,18.0666666666667,0.249312388894622,0.266666666666667
"35-40%",4,2,0.375,9,21.4666666666667,0.190014748660029,0.533333333333333
"35-40%",4,2,0.375,10,17.8,0.139415572815587,0.466666666666667
"35-40%",4,2,0.375,11,19.5333333333333,0.0955716860800663,0.466666666666667
"35-40%",4,2,0.375,12,17.8666666666667,0.0604368478527356,0.2
"35-40%",4,2,0.375,13,16.6,0.0316869274717757,0.133333333333333
"35-40%",4,2,0.375,14,14.9333333333333,0.013323145944014,0.0666666666666667
"35-40%",4,2,0.375,15,15.4,0.000909006530292037,0.466666666666667
"35-40%",4,2,0.375,16,15.1333333333333,-0.00150729151772414,0.133333333333333
"35-40%",4,2,0.375,17,15.5333333333333,0.00288694305676463,0.466666666666667
"35-40%",4,2,0.375,18,14.6666666666667,0.0139031958529897,0.133333333333333
"35-40%",4,2,0.375,19,16.7333333333333,0.0330861582729077,0.2
"35-40%",4,2,0.375,20,16.2666666666667,0.0611117237367323,0.4
"35-40%",4,2,0.375,21,18.7333333333333,0.0963732582456888,0.266666666666667
"35-40%",4,2,0.375,22,18.6666666666667,0.13893020807588,0.333333333333333
"35-40%",4,2,0.375,23,22.6666666666667,0.188343488356677,0.666666666666667
"35-40%",4,2,0.375,24,21.1333333333333,0.248507814129284,0.6
"35-40%",4,2,0.375,25,23.4666666666667,0.315037403453554,0.733333333333333
"35-40%",4,2,0.375,26,23.7333333333333,0.389307390905671,0.6
"35-40%",4,2,0.375,27,24.4666666666667,0.47181695984338,0.6
"35-40%",4,2,0.375,28,27.4,0.56190094897735,0.533333333333333
"35-40%",4,2,0.375,29,28.9333333333333,0.659236566042516,1.13333333333333
"35-40%",4,2,0.375,30,29.9333333333333,0.76546193342799,1.26666666666667
"35-40%",4,2,0.375,31,31,0.878901109816945,1.4
"35-40%",4,2,0.375,32,32,1,2
"35-40%",14,3,0.375,1,30.9333333333333,0.878849671648799,0.8
"35-40%",14,3,0.375,2,29.9333333333333,0.765503300130204,0.4
"35-40%",14,3,0.375,3,29,0.659782264379672,0.333333333333333
"35-40%",14,3,0.375,4,26.4666666666667,0.562022253412555,0
"35-40%",14,3,0.375,5,27,0.471391090907454,0
"35-40%",14,3,0.375,6,22.4,0.389895631938763,0
"35-40%",14,3,0.375,7,23.6,0.316195634802153,0
"35-40%",14,3,0.375,8,21.4,0.249621940871288,0
"35-40%",14,3,0.375,9,21.7333333333333,0.189825891277649,0
"35-40%",14,3,0.375,10,19.3333333333333,0.138160332599783,0
"35-40%",14,3,0.375,11,16.5333333333333,0.0964998271343844,0
"35-40%",14,3,0.375,12,18.6666666666667,0.0602799892439633,0
"35-40%",14,3,0.375,13,18.2666666666667,0.0337053823499064,0
"35-40%",14,3,0.375,14,15.8666666666667,0.0142273601780047,0
"35-40%",14,3,0.375,15,16.2666666666667,0.00249484610243096,0
"35-40%",14,3,0.375,16,16,-0.0006528758762968,0
"35-40%",14,3,0.375,17,16.1333333333333,0.00104904006418112,0
"35-40%",14,3,0.375,18,16.1333333333333,0.0144230382085418,0
"35-40%",14,3,0.375,19,15.4666666666667,0.0331889047678499,0
"35-40%",14,3,0.375,20,16.7333333333333,0.0612210095173799,0
"35-40%",14,3,0.375,21,17.5333333333333,0.0966087580958103,0
"35-40%",14,3,0.375,22,19.7333333333333,0.138994300876256,0
"35-40%",14,3,0.375,23,19.4,0.189015316606596,0
"35-40%",14,3,0.375,24,22.0666666666667,0.248210459908089,0
"35-40%",14,3,0.375,25,24.4,0.315037403453554,0
"35-40%",14,3,0.375,26,23.8666666666667,0.389576427589279,0
"35-40%",14,3,0.375,27,25.4666666666667,0.472320295778064,0
"35-40%",14,3,0.375,28,28,0.561208979834172,0
"35-40%",14,3,0.375,29,28.8666666666667,0.660243550604897,0.133333333333333
"35-40%",14,3,0.375,30,29.9333333333333,0.765748038000022,0.533333333333333
"35-40%",14,3,0.375,31,30.8666666666667,0.878883963760896,0.8
"35-40%",14,3,0.375,32,32,1,2
"35-40%",42,4,0.375,1,30.9333333333333,0.878866817704848,1.6
"35-40%",42,4,0.375,2,29.7333333333333,0.765257408145898,1.33333333333333
"35-40%",42,4,0.375,3,28.6,0.660178559049038,1
"35-40%",42,4,0.375,4,27,0.561827635321763,0.866666666666667
"35-40%",42,4,0.375,5,26.7333333333333,0.471613852328991,0.866666666666667
"35-40%",42,4,0.375,6,25.1333333333333,0.388516255155395,0.933333333333333
"35-40%",42,4,0.375,7,22.6666666666667,0.315201983979485,0.6
"35-40%",42,4,0.375,8,20,0.248595091922813,0.466666666666667
"35-40%",42,4,0.375,9,20.4,0.190556086578163,0.4
"35-40%",42,4,0.375,10,19.7333333333333,0.139288097612912,0.4
"35-40%",42,4,0.375,11,19.0666666666667,0.0954274792641008,0.6
"35-40%",42,4,0.375,12,16.6,0.0605332492237467,0.266666666666667
"35-40%",42,4,0.375,13,17.5333333333333,0.031568388258974,0.266666666666667
"35-40%",42,4,0.375,14,15.8,0.0141636447822234,0.333333333333333
"35-40%",42,4,0.375,15,15.8666666666667,0.00197144149161032,0.333333333333333
"35-40%",42,4,0.375,16,15.4,-0.000979553446093544,0.0666666666666667
"35-40%",42,4,0.375,17,15.7333333333333,0.00275563540027766,0.2
"35-40%",42,4,0.375,18,15.9333333333333,0.0144205858690994,0.2
"35-40%",42,4,0.375,19,17.1333333333333,0.0336948410751447,0.2
"35-40%",42,4,0.375,20,17.2,0.0612210095173799,0.266666666666667
"35-40%",42,4,0.375,21,18.4,0.0956806170414921,0.266666666666667
"35-40%",42,4,0.375,22,19.8666666666667,0.139259958078025,0.333333333333333
"35-40%",42,4,0.375,23,22.1333333333333,0.189457661892245,0.666666666666667
"35-40%",42,4,0.375,24,20.9333333333333,0.248439186101732,0.533333333333333
"35-40%",42,4,0.375,25,23.3333333333333,0.314802119223892,0.533333333333333
"35-40%",42,4,0.375,26,23.6,0.390266115980964,0.6
"35-40%",42,4,0.375,27,25.8666666666667,0.472542827473634,0.733333333333333
"35-40%",42,4,0.375,28,27.8666666666667,0.56146334849912,1.2
"35-40%",42,4,0.375,29,28.6,0.659809891080179,1.13333333333333
"35-40%",42,4,0.375,30,30,0.765278091497005,1.46666666666667
"35-40%",42,4,0.375,31,30.8666666666667,0.878866817704848,1.6
"35-40%",42,4,0.375,32,32,1,2
"35-40%",50,5,0.375,1,31,0.878883963760896,1.46666666666667
"35-40%",50,5,0.375,2,30,0.76560556277125,1.13333333333333
"35-40%",50,5,0.375,3,28.8666666666667,0.659764101739719,1.2
"35-40%",50,5,0.375,4,27.0666666666667,0.561905553714144,0.933333333333333
"35-40%",50,5,0.375,5,24.5333333333333,0.472208800204312,0.6
"35-40%",50,5,0.375,6,21.8666666666667,0.390142008107944,0.4
"35-40%",50,5,0.375,7,23.1333333333333,0.315258702652435,0.4
"35-40%",50,5,0.375,8,21.8666666666667,0.247722853145601,0.533333333333333
"35-40%",50,5,0.375,9,20.2666666666667,0.190260234916966,0.4
"35-40%",50,5,0.375,10,17.5333333333333,0.139096529609861,0.333333333333333
"35-40%",50,5,0.375,11,17.8666666666667,0.0944221794181471,0.533333333333333
"35-40%",50,5,0.375,12,16.8666666666667,0.0618513295660627,0.333333333333333
"35-40%",50,5,0.375,13,17,0.0337159431652076,0.133333333333333
"35-40%",50,5,0.375,14,15.4666666666667,0.0145518658366315,0.333333333333333
"35-40%",50,5,0.375,15,15.2666666666667,0.00236353844594399,0.333333333333333
"35-40%",50,5,0.375,16,15.1333333333333,-0.00176825016292418,0.133333333333333
"35-40%",50,5,0.375,17,15,0.00249484610243096,0.2
"35-40%",50,5,0.375,18,15.0666666666667,0.0142928137439249,0
"35-40%",50,5,0.375,19,16,0.0340769286243062,0.266666666666667
"35-40%",50,5,0.375,20,17,0.0607735597015957,0.266666666666667
"35-40%",50,5,0.375,21,18.9333333333333,0.0954451171913706,0.4
"35-40%",50,5,0.375,22,18.8,0.139224004812536,0.266666666666667
"35-40%",50,5,0.375,23,22.1333333333333,0.189580405020713,0.6
"35-40%",50,5,0.375,24,22.5333333333333,0.24877023689415,0.666666666666667
"35-40%",50,5,0.375,25,22.6,0.314909981076873,0.6
"35-40%",50,5,0.375,26,24,0.38957308448234,0.4
"35-40%",50,5,0.375,27,25.9333333333333,0.471947649872346,0.733333333333333
"35-40%",50,5,0.375,28,26.9333333333333,0.561966205931746,0.8
"35-40%",50,5,0.375,29,28.7333333333333,0.659607531502941,0.866666666666667
"35-40%",50,5,0.375,30,29.8,0.765401037489158,1.13333333333333
"35-40%",50,5,0.375,31,30.9333333333333,0.878901109816945,1.33333333333333
"35-40%",50,5,0.375,32,32,1,2
"35-40%",57,6,0.375,1,30.9333333333333,0.87895254798509,1.13333333333333
"35-40%",57,6,0.375,2,29.9333333333333,0.765359670786944,1.13333333333333
"35-40%",57,6,0.375,3,29,0.65971831239926,1.06666666666667
"35-40%",57,6,0.375,4,27,0.56182303058497,0.866666666666667
"35-40%",57,6,0.375,5,27,0.470607180459622,1
"35-40%",57,6,0.375,6,24.4,0.38957308448234,0.666666666666667
"35-40%",57,6,0.375,7,21.2,0.315846913226591,0.533333333333333
"35-40%",57,6,0.375,8,20.8,0.248471268508288,0.533333333333333
"35-40%",57,6,0.375,9,19.0666666666667,0.191047059092035,0.466666666666667
"35-40%",57,6,0.375,10,18.4666666666667,0.138610454472078,0.466666666666667
"35-40%",57,6,0.375,11,17.8666666666667,0.0961024825410275,0.4
"35-40%",57,6,0.375,12,16.9333333333333,0.0612411836273996,0.4
"35-40%",57,6,0.375,13,15.5333333333333,0.032316731904615,0.133333333333333
"35-40%",57,6,0.375,14,16.5333333333333,0.0134509180691884,0.466666666666667
"35-40%",57,6,0.375,15,15.5333333333333,0.00158025754484026,0.4
"35-40%",57,6,0.375,16,15.4,-0.00196931066475803,0.266666666666667
"35-40%",57,6,0.375,17,15.4,0.0023644514535076,0.2
"35-40%",57,6,0.375,18,15.8666666666667,0.0141636447822234,0.333333333333333
"35-40%",57,6,0.375,19,16.2,0.0324247296695269,0.466666666666667
"35-40%",57,6,0.375,20,15.1333333333333,0.0604368478527356,0.266666666666667
"35-40%",57,6,0.375,21,18.4,0.0958846206181758,0.333333333333333
"35-40%",57,6,0.375,22,18.6,0.139402949581052,0.333333333333333
"35-40%",57,6,0.375,23,22.0666666666667,0.188441790649526,0.6
"35-40%",57,6,0.375,24,22.4,0.24761956453115,0.533333333333333
"35-40%",57,6,0.375,25,23.2666666666667,0.315155045568385,0.466666666666667
"35-40%",57,6,0.375,26,23.2,0.389990393083476,0.6
"35-40%",57,6,0.375,27,26.0666666666667,0.471893890014812,0.8
"35-40%",57,6,0.375,28,26.2,0.561767884747608,0.6
"35-40%",57,6,0.375,29,28.8666666666667,0.659814760157601,1
"35-40%",57,6,0.375,30,29.9333333333333,0.76560556277125,1.13333333333333
"35-40%",57,6,0.375,31,30.8666666666667,0.878866817704848,1.26666666666667
"35-40%",57,6,0.375,32,32,1,2
"35-40%",87,7,0.375,1,31.1333333333333,0.878815379536703,1.86666666666667
"35-40%",87,7,0.375,2,30.1333333333333,0.765298774848111,1.86666666666667
"35-40%",87,7,0.375,3,29.0666666666667,0.659347346938834,1.73333333333333
"35-40%",87,7,0.375,4,27.8666666666667,0.561237003574577,1.53333333333333
"35-40%",87,7,0.375,5,25.1333333333333,0.471855578479775,1.13333333333333
"35-40%",87,7,0.375,6,25.5333333333333,0.389155775881203,1.2
"35-40%",87,7,0.375,7,23.3333333333333,0.315258702652435,1
"35-40%",87,7,0.375,8,22.7333333333333,0.248436607921389,0.866666666666667
"35-40%",87,7,0.375,9,21.3333333333333,0.189473410741896,0.8
"35-40%",87,7,0.375,10,20.9333333333333,0.13896834400911,0.733333333333333
"35-40%",87,7,0.375,11,20.4666666666667,0.0960111895068715,0.6
"35-40%",87,7,0.375,12,20.6666666666667,0.0607346636678329,0.666666666666667
"35-40%",87,7,0.375,13,20.2666666666667,0.0320690343883485,0.8
"35-40%",87,7,0.375,14,18.8,0.0146159225660247,0.533333333333333
"35-40%",87,7,0.375,15,18.5333333333333,0.00314773235461133,0.466666666666667
"35-40%",87,7,0.375,16,19.7333333333333,-0.00295468489208208,0.666666666666667
"35-40%",87,7,0.375,17,18.7333333333333,0.00158025754484026,0.133333333333333
"35-40%",87,7,0.375,18,19.4,0.0126662630100864,0.333333333333333
"35-40%",87,7,0.375,19,18.9333333333333,0.0338292311080397,0.466666666666667
"35-40%",87,7,0.375,20,20.1333333333333,0.0609879236476162,0.666666666666667
"35-40%",87,7,0.375,21,19.8,0.0958389580999782,0.4
"35-40%",87,7,0.375,22,22,0.138853492040969,1.06666666666667
"35-40%",87,7,0.375,23,22.6,0.189141370218595,0.866666666666667
"35-40%",87,7,0.375,24,23.8,0.248045898527557,1.06666666666667
"35-40%",87,7,0.375,25,23.3333333333333,0.314821679747591,1
"35-40%",87,7,0.375,26,25,0.38951103054583,1.13333333333333
"35-40%",87,7,0.375,27,27.4,0.471836384024561,1.6
"35-40%",87,7,0.375,28,27.8,0.562149437745029,1.46666666666667
"35-40%",87,7,0.375,29,28.9333333333333,0.659471421397682,1.66666666666667
"35-40%",87,7,0.375,30,30.2,0.76554351271793,1.73333333333333
"35-40%",87,7,0.375,31,31,0.878866817704848,1.73333333333333
"35-40%",87,7,0.375,32,32,1,2
"35-40%",103,8,0.375,1,30.8666666666667,0.878901109816945,1.33333333333333
"35-40%",103,8,0.375,2,29.8,0.765401037489158,0.866666666666667
"35-40%",103,8,0.375,3,28.8666666666667,0.659478587966671,0.933333333333333
"35-40%",103,8,0.375,4,25.5333333333333,0.562110929370562,0.6
"35-40%",103,8,0.375,5,26.5333333333333,0.471671895146568,0.533333333333333
"35-40%",103,8,0.375,6,25.2,0.388909399712023,0.866666666666667
"35-40%",103,8,0.375,7,23.4666666666667,0.313643887875292,0.666666666666667
"35-40%",103,8,0.375,8,20.3333333333333,0.247918532917011,0.4
"35-40%",103,8,0.375,9,20.7333333333333,0.190382978045434,0.333333333333333
"35-40%",103,8,0.375,10,18.3333333333333,0.139224004812536,0.533333333333333
"35-40%",103,8,0.375,11,18.4666666666667,0.0954942513920783,0.533333333333333
"35-40%",103,8,0.375,12,16.2,0.0606253778871853,0.333333333333333
"35-40%",103,8,0.375,13,16.1333333333333,0.033318024163364,0.266666666666667
"35-40%",103,8,0.375,14,15.7333333333333,0.0131185407938877,0.4
"35-40%",103,8,0.375,15,15.5333333333333,0.00275563540027766,0.2
"35-40%",103,8,0.375,16,15.5333333333333,-0.00183396908752088,0.4
"35-40%",103,8,0.375,17,16.0666666666667,0.00210274914809728,0.333333333333333
"35-40%",103,8,0.375,18,15.3333333333333,0.0132576923780937,0.466666666666667
"35-40%",103,8,0.375,19,15.8666666666667,0.0328173780339895,0.333333333333333
"35-40%",103,8,0.375,20,17.3333333333333,0.0611117237367323,0.266666666666667
"35-40%",103,8,0.375,21,18.8666666666667,0.0945487483068428,0.666666666666667
"35-40%",103,8,0.375,22,18.7333333333333,0.13841599340321,0.266666666666667
"35-40%",103,8,0.375,23,18.4,0.190715018568734,0.466666666666667
"35-40%",103,8,0.375,24,20.7333333333333,0.248830859511241,0.533333333333333
"35-40%",103,8,0.375,25,24.6,0.313894527859722,0.6
"35-40%",103,8,0.375,26,24.4,0.389400648520303,0.666666666666667
"35-40%",103,8,0.375,27,26.6666666666667,0.470684188006446,0.666666666666667
"35-40%",103,8,0.375,28,27,0.561595137568387,0.8
"35-40%",103,8,0.375,29,28.7333333333333,0.65983522028912,0.866666666666667
"35-40%",103,8,0.375,30,29.8666666666667,0.765401037489158,1
"35-40%",103,8,0.375,31,30.9333333333333,0.878866817704848,1.6
"35-40%",103,8,0.375,32,32,1,2
"35-40%",116,9,0.375,1,30.9333333333333,0.878901109816945,0.933333333333333
"35-40%",116,9,0.375,2,29.9333333333333,0.765380354138051,0.333333333333333
"35-40%",116,9,0.375,3,28.8666666666667,0.659471421397682,0
"35-40%",116,9,0.375,4,25.8,0.56214355784776,0.0666666666666667
"35-40%",116,9,0.375,5,27,0.471018445001736,0
"35-40%",116,9,0.375,6,24.6,0.389486866501322,0
"35-40%",116,9,0.375,7,22.2666666666667,0.315437268209148,0
"35-40%",116,9,0.375,8,20.7333333333333,0.249062163885227,0
"35-40%",116,9,0.375,9,20.6666666666667,0.188936763986565,0
"35-40%",116,9,0.375,10,18.4666666666667,0.137827955761446,0
"35-40%",116,9,0.375,11,18.8666666666667,0.0964821892071146,0
"35-40%",116,9,0.375,12,16.8,0.0617218696753955,0
"35-40%",116,9,0.375,13,17.5333333333333,0.0330597853723358,0
"35-40%",116,9,0.375,14,16,0.0136448579295866,0
"35-40%",116,9,0.375,15,16.1333333333333,0.0023644514535076,0
"35-40%",116,9,0.375,16,16,-0.00189920874882089,0
"35-40%",116,9,0.375,17,15.4,0.000124812621624694,0
"35-40%",116,9,0.375,18,15.8666666666667,0.0143565291397063,0
"35-40%",116,9,0.375,19,16.6666666666667,0.0335657216796306,0
"35-40%",116,9,0.375,20,16.5333333333333,0.0604814036880495,0
"35-40%",116,9,0.375,21,17.2,0.0966087580958103,0
"35-40%",116,9,0.375,22,19.9333333333333,0.139224004812536,0
"35-40%",116,9,0.375,23,21.6666666666667,0.189666959287078,0
"35-40%",116,9,0.375,24,20.0666666666667,0.249006004482577,0
"35-40%",116,9,0.375,25,25,0.314976480011673,0
"35-40%",116,9,0.375,26,24,0.38963513841885,0
"35-40%",116,9,0.375,27,27,0.471521551210453,0
"35-40%",116,9,0.375,28,28,0.561435324758715,0
"35-40%",116,9,0.375,29,28.8666666666667,0.659471421397682,0
"35-40%",116,9,0.375,30,29.7333333333333,0.76554351271793,0.333333333333333
"35-40%",116,9,0.375,31,30.9333333333333,0.878883963760896,0.866666666666667
"35-40%",116,9,0.375,32,32,1,2
"35-40%",120,10,0.375,1,30.9333333333333,0.878866817704848,1.4
"35-40%",120,10,0.375,2,30,0.765645775358976,1.26666666666667
"35-40%",120,10,0.375,3,28.6666666666667,0.659782264379672,0.733333333333333
"35-40%",120,10,0.375,4,25.3333333333333,0.562270742180234,0.533333333333333
"35-40%",120,10,0.375,5,25.1333333333333,0.471666845633232,0.6
"35-40%",120,10,0.375,6,24.3333333333333,0.389264654376649,0.533333333333333
"35-40%",120,10,0.375,7,22.0666666666667,0.315150840799454,0.466666666666667
"35-40%",120,10,0.375,8,22.4666666666667,0.248872561492924,0.466666666666667
"35-40%",120,10,0.375,9,20.8,0.1898416401273,0.466666666666667
"35-40%",120,10,0.375,10,17.8666666666667,0.140195444690027,0.333333333333333
"35-40%",120,10,0.375,11,17.7333333333333,0.0950232516918352,0.333333333333333
"35-40%",120,10,0.375,12,17.7333333333333,0.059813817504436,0.333333333333333
"35-40%",120,10,0.375,13,16.2666666666667,0.0334524337367985,0.4
"35-40%",120,10,0.375,14,15.9333333333333,0.0140330789839947,0.533333333333333
"35-40%",120,10,0.375,15,15.1333333333333,0.00327812700353468,0
"35-40%",120,10,0.375,16,15.2666666666667,-0.00243180907508862,0.2
"35-40%",120,10,0.375,17,15.6,0.00131855523942994,0.266666666666667
"35-40%",120,10,0.375,18,15.8,0.0140334203176066,0.333333333333333
"35-40%",120,10,0.375,19,16,0.0330597853723358,0.266666666666667
"35-40%",120,10,0.375,20,16.1333333333333,0.0603592334977655,0.133333333333333
"35-40%",120,10,0.375,21,17.8666666666667,0.0961868925962749,0.2
"35-40%",120,10,0.375,22,19.0666666666667,0.139390326346517,0.6
"35-40%",120,10,0.375,23,20.2666666666667,0.190505721173902,0.466666666666667
"35-40%",120,10,0.375,24,22.2,0.248636793904497,0.466666666666667
"35-40%",120,10,0.375,25,23.6,0.315042978946472,0.733333333333333
"35-40%",120,10,0.375,26,23.7333333333333,0.38963513841885,0.6
"35-40%",120,10,0.375,27,25.2,0.472431561625849,0.6
"35-40%",120,10,0.375,28,27.1333333333333,0.561933577454548,0.8
"35-40%",120,10,0.375,29,29,0.659536412953541,1.2
"35-40%",120,10,0.375,30,29.7333333333333,0.765380354138051,1.06666666666667
"35-40%",120,10,0.375,31,31,0.878832525592751,1.6
"35-40%",120,10,0.375,32,32,1,2
"35-40%",139,11,0.375,1,30.9333333333333,0.878866817704848,1.66666666666667
"35-40%",139,11,0.375,2,29.9333333333333,0.765768721351129,1.4
"35-40%",139,11,0.375,3,28.7333333333333,0.659575035725012,1.06666666666667
"35-40%",139,11,0.375,4,26.3333333333333,0.561147052456094,1
"35-40%",139,11,0.375,5,26.8,0.471241206423273,0.8
"35-40%",139,11,0.375,6,23.6666666666667,0.390114500956496,0.6
"35-40%",139,11,0.375,7,23.8,0.31468447710906,0.533333333333333
"35-40%",139,11,0.375,8,22.3333333333333,0.247617950366483,0.666666666666667
"35-40%",139,11,0.375,9,19,0.190260234916966,0.466666666666667
"35-40%",139,11,0.375,10,20.0666666666667,0.138265188169581,0.4
"35-40%",139,11,0.375,11,18.5333333333333,0.095866982690906,0.2
"35-40%",139,11,0.375,12,15,0.0610080977576359,0.0666666666666667
"35-40%",139,11,0.375,13,16.4,0.0338239604706588,0.266666666666667
"35-40%",139,11,0.375,14,15.6666666666667,0.0142277015116165,0.266666666666667
"35-40%",139,11,0.375,15,15.2,0.00223314379702064,0.266666666666667
"35-40%",139,11,0.375,16,15.5333333333333,-0.00203502958935473,0.466666666666667
"35-40%",139,11,0.375,17,15.6,0.00090809352272842,0.466666666666667
"35-40%",139,11,0.375,18,15.5333333333333,0.013709970161895,0.266666666666667
"35-40%",139,11,0.375,19,17.6666666666667,0.0326829684605551,0.466666666666667
"35-40%",139,11,0.375,20,16.1333333333333,0.059982173428866,0.333333333333333
"35-40%",139,11,0.375,21,18.4,0.0946753171955385,0.533333333333333
"35-40%",139,11,0.375,22,18.5333333333333,0.139594517584103,0.4
"35-40%",139,11,0.375,23,21.5333333333333,0.189718896998832,0.533333333333333
"35-40%",139,11,0.375,24,19.8666666666667,0.248471268508288,0.266666666666667
"35-40%",139,11,0.375,25,24.7333333333333,0.314863042665773,0.733333333333333
"35-40%",139,11,0.375,26,24.5333333333333,0.389326708313159,0.8
"35-40%",139,11,0.375,27,25.0666666666667,0.471947649872346,0.533333333333333
"35-40%",139,11,0.375,28,25.3333333333333,0.56182853696521,0.6
"35-40%",139,11,0.375,29,28.7333333333333,0.659989493034331,0.733333333333333
"35-40%",139,11,0.375,30,29.8666666666667,0.765380354138051,1.26666666666667
"35-40%",139,11,0.375,31,30.9333333333333,0.878849671648799,1.8
"35-40%",139,11,0.375,32,32,1,2
"35-40%",150,12,0.375,1,30.8666666666667,0.878849671648799,1.46666666666667
"35-40%",150,12,0.375,2,29.8,0.765482616779097,0.933333333333333
"35-40%",150,12,0.375,3,28.9333333333333,0.659860549498061,0.866666666666667
"35-40%",150,12,0.375,4,27.2,0.56174356410055,0.8
"35-40%",150,12,0.375,5,26.2666666666667,0.471260400878487,0.866666666666667
"35-40%",150,12,0.375,6,23.8,0.389748863551316,0.533333333333333
"35-40%",150,12,0.375,7,23,0.315319626094317,0.466666666666667
"35-40%",150,12,0.375,8,22.0666666666667,0.24817934151721,0.6
"35-40%",150,12,0.375,9,21,0.189334918763777,0.466666666666667
"35-40%",150,12,0.375,10,19.2,0.139068390074974,0.6
"35-40%",150,12,0.375,11,17.8666666666667,0.0960111895068715,0.2
"35-40%",150,12,0.375,12,18.5333333333333,0.0610469937913987,0.333333333333333
"35-40%",150,12,0.375,13,16.2666666666667,0.033953079866173,0.2
"35-40%",150,12,0.375,14,16.6666666666667,0.0140358726570489,0.333333333333333
"35-40%",150,12,0.375,15,15.8,0.00210274914809728,0.333333333333333
"35-40%",150,12,0.375,16,16.0666666666667,-0.00117527242999358,0.4
"35-40%",150,12,0.375,17,16.2,0.0017097391862,0.4
"35-40%",150,12,0.375,18,16.9333333333333,0.0142277015116165,0.333333333333333
"35-40%",150,12,0.375,19,16.4,0.0326882586384754,0.333333333333333
"35-40%",150,12,0.375,20,17,0.0604959179965181,0.2
"35-40%",150,12,0.375,21,17.0666666666667,0.0959935515796017,0.266666666666667
"35-40%",150,12,0.375,22,20.8666666666667,0.139467042381428,0.466666666666667
"35-40%",150,12,0.375,23,20.4666666666667,0.189232615647762,0.4
"35-40%",150,12,0.375,24,20.8666666666667,0.247846676560126,0.333333333333333
"35-40%",150,12,0.375,25,24.3333333333333,0.315497583130748,0.733333333333333
"35-40%",150,12,0.375,26,23.6666666666667,0.390142008107944,0.6
"35-40%",150,12,0.375,27,27,0.471894197116171,0.666666666666667
"35-40%",150,12,0.375,28,25.6666666666667,0.562331394397836,0.666666666666667
"35-40%",150,12,0.375,29,29,0.659764101739719,0.933333333333333
"35-40%",150,12,0.375,30,29.9333333333333,0.765503300130204,1
"35-40%",150,12,0.375,31,30.8666666666667,0.878849671648799,1.4
"35-40%",150,12,0.375,32,32,1,2
"35-40%",165,13,0.375,1,30.9333333333333,0.878901109816945,0.8
"35-40%",165,13,0.375,2,29.9333333333333,0.765748038000022,0.666666666666667
"35-40%",165,13,0.375,3,29,0.65968581662133,0.133333333333333
"35-40%",165,13,0.375,4,27.2666666666667,0.56177836938167,0
"35-40%",165,13,0.375,5,25.4666666666667,0.472300871596883,0
"35-40%",165,13,0.375,6,23.1333333333333,0.389966229038968,0
"35-40%",165,13,0.375,7,22.8666666666667,0.315846913226591,0
"35-40%",165,13,0.375,8,22.8666666666667,0.248052939922341,0
"35-40%",165,13,0.375,9,19.7333333333333,0.189043758265382,0
"35-40%",165,13,0.375,10,19.8,0.139300720847447,0
"35-40%",165,13,0.375,11,19,0.0953676825033826,0
"35-40%",165,13,0.375,12,17.4,0.0614095395518296,0
"35-40%",165,13,0.375,13,16.6666666666667,0.0329464974295037,0
"35-40%",165,13,0.375,14,16.4,0.0139028545193779,0
"35-40%",165,13,0.375,15,15.6,0.00301733770568798,0
"35-40%",165,13,0.375,16,16,-0.00189920874882089,0
"35-40%",165,13,0.375,17,16.6,0.00275563540027766,0
"35-40%",165,13,0.375,18,16.7333333333333,0.0133128219878977,0
"35-40%",165,13,0.375,19,16,0.0337001117125256,0
"35-40%",165,13,0.375,20,16.6,0.0589302374759698,0
"35-40%",165,13,0.375,21,16.9333333333333,0.0955225518793586,0
"35-40%",165,13,0.375,22,18.6,0.137753866562728,0
"35-40%",165,13,0.375,23,21.6666666666667,0.189821890454483,0
"35-40%",165,13,0.375,24,20.9333333333333,0.248959839286453,0
"35-40%",165,13,0.375,25,24.2666666666667,0.315386125029116,0
"35-40%",165,13,0.375,26,24.6666666666667,0.38963513841885,0
"35-40%",165,13,0.375,27,26.2,0.472116958537708,0
"35-40%",165,13,0.375,28,26.4,0.561711837266798,0.0666666666666667
"35-40%",165,13,0.375,29,29,0.660100273930649,0.466666666666667
"35-40%",165,13,0.375,30,29.8666666666667,0.765421720840264,0.4
"35-40%",165,13,0.375,31,30.9333333333333,0.878883963760896,0.933333333333333
"35-40%",165,13,0.375,32,32,1,2
"35-40%",173,14,0.375,1,30.9333333333333,0.878866817704848,1.53333333333333
"35-40%",173,14,0.375,2,29.9333333333333,0.765789404702235,1.13333333333333
"35-40%",173,14,0.375,3,28.8666666666667,0.659796597517649,1
"35-40%",173,14,0.375,4,27.0666666666667,0.561806393122074,1
"35-40%",173,14,0.375,5,25.0666666666667,0.472189605749098,0.6
"35-40%",173,14,0.375,6,23.4666666666667,0.389993736190416,0.466666666666667
"35-40%",173,14,0.375,7,23.3333333333333,0.315084341864654,0.6
"35-40%",173,14,0.375,8,21.3333333333333,0.248305743112079,0.533333333333333
"35-40%",173,14,0.375,9,21.8666666666667,0.189789702415546,0.4
"35-40%",173,14,0.375,10,19.2666666666667,0.139415572815587,0.266666666666667
"35-40%",173,14,0.375,11,18.6666666666667,0.0924068060885933,0.333333333333333
"35-40%",173,14,0.375,12,17,0.0606901078325189,0.2
"35-40%",173,14,0.375,13,16.8666666666667,0.0330703461876369,0.533333333333333
"35-40%",173,14,0.375,14,15.0666666666667,0.013904251355905,0.0666666666666667
"35-40%",173,14,0.375,15,15.6,0.00275654840784128,0.2
"35-40%",173,14,0.375,16,15.1333333333333,-0.00124099135459028,0
"35-40%",173,14,0.375,17,15.1333333333333,0.00249575910999457,0.2
"35-40%",173,14,0.375,18,15,0.0144881504408502,0.266666666666667
"35-40%",173,14,0.375,19,16.1333333333333,0.0334418729214973,0.2
"35-40%",173,14,0.375,20,16.4,0.0606310376887364,0.133333333333333
"35-40%",173,14,0.375,21,18.0666666666667,0.0954451171913706,0.4
"35-40%",173,14,0.375,22,18.4,0.138866115275504,0.266666666666667
"35-40%",173,14,0.375,23,21,0.189371107625881,0.533333333333333
"35-40%",173,14,0.375,24,23.0666666666667,0.248344866913419,0.666666666666667
"35-40%",173,14,0.375,25,23.2666666666667,0.315084341864654,0.466666666666667
"35-40%",173,14,0.375,26,24.3333333333333,0.389872971424336,0.6
"35-40%",173,14,0.375,27,26.6,0.471744542357958,0.666666666666667
"35-40%",173,14,0.375,28,26.8,0.561806393122074,0.6
"35-40%",173,14,0.375,29,28.8666666666667,0.659911207915942,0.933333333333333
"35-40%",173,14,0.375,30,29.8666666666667,0.765482616779097,1.13333333333333
"35-40%",173,14,0.375,31,30.9333333333333,0.878883963760896,1.33333333333333
"35-40%",173,14,0.375,32,32,1,2
"35-40%",177,15,0.375,1,31.0666666666667,0.878935401929042,1.93333333333333
"35-40%",177,15,0.375,2,29.9333333333333,0.765359670786944,1.93333333333333
"35-40%",177,15,0.375,3,28.9333333333333,0.659814760157601,1.46666666666667
"35-40%",177,15,0.375,4,28.1333333333333,0.562270742180234,1.6
"35-40%",177,15,0.375,5,25.0666666666667,0.471482932574057,1.06666666666667
"35-40%",177,15,0.375,6,25.4666666666667,0.388925020592836,1.06666666666667
"35-40%",177,15,0.375,7,24.9333333333333,0.316195634802153,1.13333333333333
"35-40%",177,15,0.375,8,23.9333333333333,0.247950615323567,0.8
"35-40%",177,15,0.375,9,23.2666666666667,0.190382978045434,1.06666666666667
"35-40%",177,15,0.375,10,22.2,0.139403659979128,0.866666666666667
"35-40%",177,15,0.375,11,20.4,0.095399454673173,0.6
"35-40%",177,15,0.375,12,20,0.0610469937913987,0.666666666666667
"35-40%",177,15,0.375,13,19.8,0.0321770516937998,0.533333333333333
"35-40%",177,15,0.375,14,19.2,0.0137740268912882,0.333333333333333
"35-40%",177,15,0.375,15,18.9333333333333,0.00249484610243096,0.6
"35-40%",177,15,0.375,16,19.6,-0.00189920874882089,0.933333333333333
"35-40%",177,15,0.375,17,18.9333333333333,0.00262524075135431,0.733333333333333
"35-40%",177,15,0.375,18,18.9333333333333,0.0139693635882134,0.466666666666667
"35-40%",177,15,0.375,19,19.4666666666667,0.033318024163364,0.466666666666667
"35-40%",177,15,0.375,20,19.2666666666667,0.0619807894567299,0.266666666666667
"35-40%",177,15,0.375,21,20.1333333333333,0.0968618958732017,0.533333333333333
"35-40%",177,15,0.375,22,20.5333333333333,0.140080592721886,0.666666666666667
"35-40%",177,15,0.375,23,23.4,0.188355236383161,1
"35-40%",177,15,0.375,24,23.8666666666667,0.248468690327945,1.4
"35-40%",177,15,0.375,25,23.6,0.315493986882098,1
"35-40%",177,15,0.375,26,26.4,0.389097065051633,1.46666666666667
"35-40%",177,15,0.375,27,26.8666666666667,0.471613622603024,1.46666666666667
"35-40%",177,15,0.375,28,28.2666666666667,0.561555727550473,1.66666666666667
"35-40%",177,15,0.375,29,28.9333333333333,0.659347346938834,1.46666666666667
"35-40%",177,15,0.375,30,30,0.765482616779097,1.73333333333333
"35-40%",177,15,0.375,31,31.1333333333333,0.878883963760896,1.93333333333333
"35-40%",177,15,0.375,32,32,1,2
"35-40%",183,16,0.375,1,30.9333333333333,0.878883963760896,0.8
"35-40%",183,16,0.375,2,29.7333333333333,0.76560556277125,0.333333333333333
"35-40%",183,16,0.375,3,29,0.65989304527599,0.333333333333333
"35-40%",183,16,0.375,4,28,0.561937280547895,0.0666666666666667
"35-40%",183,16,0.375,5,24.8,0.471594198421842,0
"35-40%",183,16,0.375,6,24.6,0.389397305413364,0
"35-40%",183,16,0.375,7,23.0666666666667,0.314980684780604,0
"35-40%",183,16,0.375,8,21.6666666666667,0.249031045494349,0
"35-40%",183,16,0.375,9,20.5333333333333,0.188936763986565,0
"35-40%",183,16,0.375,10,20.8666666666667,0.137903961398281,0
"35-40%",183,16,0.375,11,20.2666666666667,0.0966087580958103,0
"35-40%",183,16,0.375,12,17.9333333333333,0.061344809606496,0
"35-40%",183,16,0.375,13,16.4,0.0337001117125256,0
"35-40%",183,16,0.375,14,16.7333333333333,0.0128052914801712,0
"35-40%",183,16,0.375,15,16.3333333333333,0.00275563540027766,0
"35-40%",183,16,0.375,16,16,-0.00262266580435152,0
"35-40%",183,16,0.375,17,16.4666666666667,0.00130982936202782,0
"35-40%",183,16,0.375,18,15.6666666666667,0.0128040177577654,0
"35-40%",183,16,0.375,19,17.2666666666667,0.0326935292758563,0
"35-40%",183,16,0.375,20,17.5333333333333,0.06078650920353,0
"35-40%",183,16,0.375,21,17.9333333333333,0.0963556203184189,0
"35-40%",183,16,0.375,22,19.9333333333333,0.138546361671702,0
"35-40%",183,16,0.375,23,18.6666666666667,0.190592275440266,0
"35-40%",183,16,0.375,24,20.7333333333333,0.249621940871288,0
"35-40%",183,16,0.375,25,23.7333333333333,0.31567255243881,0
"35-40%",183,16,0.375,26,25.2,0.389328211843239,0
"35-40%",183,16,0.375,27,25.6,0.472654093321419,0
"35-40%",183,16,0.375,28,26.4666666666667,0.561923092820486,0
"35-40%",183,16,0.375,29,28.9333333333333,0.65996416382539,0.333333333333333
"35-40%",183,16,0.375,30,30,0.765707825412296,0.666666666666667
"35-40%",183,16,0.375,31,31,0.878866817704848,0.933333333333333
"35-40%",183,16,0.375,32,32,1,2
"35-40%",190,17,0.375,1,30.9333333333333,0.878866817704848,1.93333333333333
"35-40%",190,17,0.375,2,29.8,0.765319458199218,1.73333333333333
"35-40%",190,17,0.375,3,29,0.660178559049038,1.93333333333333
"35-40%",190,17,0.375,4,27.7333333333333,0.56136418790705,1.2
"35-40%",190,17,0.375,5,26.8,0.471763736813172,1.26666666666667
"35-40%",190,17,0.375,6,24.2666666666667,0.389331554950179,1
"35-40%",190,17,0.375,7,24.3333333333333,0.315913412161391,0.866666666666667
"35-40%",190,17,0.375,8,22.1333333333333,0.248281666115985,0.733333333333333
"35-40%",190,17,0.375,9,23.1333333333333,0.189514290766801,0.866666666666667
"35-40%",190,17,0.375,10,19.8,0.138725306440218,0.533333333333333
"35-40%",190,17,0.375,11,20.3333333333333,0.0962466893569931,0.6
"35-40%",190,17,0.375,12,18.4,0.0607346636678329,0.266666666666667
"35-40%",190,17,0.375,13,19.1333333333333,0.033183634130469,0.6
"35-40%",190,17,0.375,14,18.7333333333333,0.0119569210252879,0.133333333333333
"35-40%",190,17,0.375,15,17.7333333333333,0.00262524075135431,0.266666666666667
"35-40%",190,17,0.375,16,18.1333333333333,-0.0020301673347176,0.133333333333333
"35-40%",190,17,0.375,17,18.3333333333333,0.00327812700353468,0.533333333333333
"35-40%",190,17,0.375,18,18.5333333333333,0.0149404282246515,0.333333333333333
"35-40%",190,17,0.375,19,19.5333333333333,0.0331994655831511,0.333333333333333
"35-40%",190,17,0.375,20,19.4,0.0615389994424968,0.533333333333333
"35-40%",190,17,0.375,21,19.4666666666667,0.0961377583955672,0.533333333333333
"35-40%",190,17,0.375,22,20,0.139800129617841,0.6
"35-40%",190,17,0.375,23,21.6,0.190715018568734,0.8
"35-40%",190,17,0.375,24,20.7333333333333,0.248239964134301,0.8
"35-40%",190,17,0.375,25,23.5333333333333,0.31572927111176,0.933333333333333
"35-40%",190,17,0.375,26,25.2,0.389304047798731,0.933333333333333
"35-40%",190,17,0.375,27,25.9333333333333,0.47174431263199,1
"35-40%",190,17,0.375,28,27.1333333333333,0.561862440602883,1.4
"35-40%",190,17,0.375,29,28.9333333333333,0.65999665960332,1.46666666666667
"35-40%",190,17,0.375,30,29.8666666666667,0.765217195558172,1.6
"35-40%",190,17,0.375,31,31,0.878883963760896,1.86666666666667
"35-40%",190,17,0.375,32,32,1,2
"35-40%",196,18,0.375,1,30.8666666666667,0.878918255872993,1.8
"35-40%",196,18,0.375,2,29.9333333333333,0.765503300130204,1.66666666666667
"35-40%",196,18,0.375,3,28.8666666666667,0.659867716067049,1.4
"35-40%",196,18,0.375,4,27.8666666666667,0.561552024457127,1.4
"35-40%",196,18,0.375,5,26.7333333333333,0.471777804379658,1
"35-40%",196,18,0.375,6,24.7333333333333,0.389780067229438,0.666666666666667
"35-40%",196,18,0.375,7,24.0666666666667,0.314811899485741,1
"35-40%",196,18,0.375,8,20.7333333333333,0.24817934151721,0.266666666666667
"35-40%",196,18,0.375,9,21.7333333333333,0.189473410741896,0.666666666666667
"35-40%",196,18,0.375,10,20.8666666666667,0.137635677360319,0.6
"35-40%",196,18,0.375,11,19.5333333333333,0.0947842481569643,0.4
"35-40%",196,18,0.375,12,19.3333333333333,0.0609620897360454,0.466666666666667
"35-40%",196,18,0.375,13,18,0.0343404380527154,0.333333333333333
"35-40%",196,18,0.375,14,17.2,0.0136448579295866,0.333333333333333
"35-40%",196,18,0.375,15,17.2,0.00117852170554086,0.2
"35-40%",196,18,0.375,16,16.8,-0.000848594860196834,0.266666666666667
"35-40%",196,18,0.375,17,17.2666666666667,0.00301642469812436,0.533333333333333
"35-40%",196,18,0.375,18,17.4,0.0139679667516863,0.133333333333333
"35-40%",196,18,0.375,19,17.8,0.0340821992616871,0.266666666666667
"35-40%",196,18,0.375,20,19.2666666666667,0.0596641835037491,0.533333333333333
"35-40%",196,18,0.375,21,18.7333333333333,0.0962466893569931,0.533333333333333
"35-40%",196,18,0.375,22,18.7333333333333,0.139224004812536,0.266666666666667
"35-40%",196,18,0.375,23,20.2,0.189825891277649,0.4
"35-40%",196,18,0.375,24,22,0.248243506330322,0.666666666666667
"35-40%",196,18,0.375,25,23.4,0.315386125029116,0.866666666666667
"35-40%",196,18,0.375,26,24.5333333333333,0.389514373652769,1
"35-40%",196,18,0.375,27,25.8,0.471821320178814,0.8
"35-40%",196,18,0.375,28,27.1333333333333,0.562331767914865,1.13333333333333
"35-40%",196,18,0.375,29,28.8,0.659807593588612,1.33333333333333
"35-40%",196,18,0.375,30,29.8,0.765626246122357,1.46666666666667
"35-40%",196,18,0.375,31,30.9333333333333,0.878918255872993,1.8
"35-40%",196,18,0.375,32,32,1,2
"35-40%",197,19,0.375,1,30.8,0.878918255872993,1.26666666666667
"35-40%",197,19,0.375,2,29.8,0.765810088053342,0.933333333333333
"35-40%",197,19,0.375,3,28.8666666666667,0.659314851160905,1
"35-40%",197,19,0.375,4,25.5333333333333,0.562154042481822,0.666666666666667
"35-40%",197,19,0.375,5,24.6666666666667,0.471371666726272,0.733333333333333
"35-40%",197,19,0.375,6,24.2666666666667,0.389424812564811,0.6
"35-40%",197,19,0.375,7,24.0666666666667,0.315268482914285,0.733333333333333
"35-40%",197,19,0.375,8,19.6666666666667,0.249385209267184,0.266666666666667
"35-40%",197,19,0.375,9,21.4,0.188573225763963,0.466666666666667
"35-40%",197,19,0.375,10,20.3333333333333,0.137022127019861,0.4
"35-40%",197,19,0.375,11,18.9333333333333,0.0963732582456888,0.4
"35-40%",197,19,0.375,12,16.6,0.0606844480309678,0.4
"35-40%",197,19,0.375,13,15.1333333333333,0.0326935292758563,0.266666666666667
"35-40%",197,19,0.375,14,15.6666666666667,0.0136373276465245,0.466666666666667
"35-40%",197,19,0.375,15,15.4,0.0010481270566175,0.266666666666667
"35-40%",197,19,0.375,16,15.1333333333333,-0.00183444835081757,0.133333333333333
"35-40%",197,19,0.375,17,14.8666666666667,0.00170101330879788,0.0666666666666667
"35-40%",197,19,0.375,18,14.6666666666667,0.0137085733253679,0.0666666666666667
"35-40%",197,19,0.375,19,14.5333333333333,0.0334418729214973,0.333333333333333
"35-40%",197,19,0.375,20,15.9333333333333,0.0607290038662818,0.0666666666666667
"35-40%",197,19,0.375,21,18.4666666666667,0.0962290514297232,0.6
"35-40%",197,19,0.375,22,18.8,0.139696746317709,0.333333333333333
"35-40%",197,19,0.375,23,20.2,0.188600722640097,0.333333333333333
"35-40%",197,19,0.375,24,21.2666666666667,0.248478309903072,0.6
"35-40%",197,19,0.375,25,21.6666666666667,0.315493986882098,0.4
"35-40%",197,19,0.375,26,24.6,0.389171396762017,0.866666666666667
"35-40%",197,19,0.375,27,26,0.47181695984338,0.733333333333333
"35-40%",197,19,0.375,28,27.6666666666667,0.561457468601851,0.733333333333333
"35-40%",197,19,0.375,29,28.8666666666667,0.659971330394379,0.933333333333333
"35-40%",197,19,0.375,30,29.8,0.765401037489158,1.2
"35-40%",197,19,0.375,31,30.9333333333333,0.878935401929042,1.26666666666667
"35-40%",197,19,0.375,32,32,1,2
"35-40%",208,20,0.375,1,31,0.878832525592751,1.8
"35-40%",208,20,0.375,2,29.8666666666667,0.765359670786944,1.6
"35-40%",208,20,0.375,3,28.6,0.660199019180557,1.26666666666667
"35-40%",208,20,0.375,4,27.7333333333333,0.561109819242103,1.2
"35-40%",208,20,0.375,5,26.7333333333333,0.471333048089877,1.13333333333333
"35-40%",208,20,0.375,6,24.8,0.389035011115123,0.733333333333333
"35-40%",208,20,0.375,7,23,0.315447048470997,0.6
"35-40%",208,20,0.375,8,21.0666666666667,0.24873111309281,0.333333333333333
"35-40%",208,20,0.375,9,20.2,0.190260234916966,0.666666666666667
"35-40%",208,20,0.375,10,19.4666666666667,0.139467042381428,0.6
"35-40%",208,20,0.375,11,20.2,0.0957404138022103,0.533333333333333
"35-40%",208,20,0.375,12,19.1333333333333,0.0601505293532961,0.533333333333333
"35-40%",208,20,0.375,13,18.7333333333333,0.0334418729214973,0.4
"35-40%",208,20,0.375,14,18.0666666666667,0.0136448579295866,0.333333333333333
"35-40%",208,20,0.375,15,17.6666666666667,0.00288694305676463,0.2
"35-40%",208,20,0.375,16,17.7333333333333,-0.000979553446093544,0.2
"35-40%",208,20,0.375,17,17.4,0.00275563540027766,0.4
"35-40%",208,20,0.375,18,17.7333333333333,0.0132566368751785,0.266666666666667
"35-40%",208,20,0.375,19,18.6,0.0335709923170114,0.2
"35-40%",208,20,0.375,20,20,0.0601779280714011,0.6
"35-40%",208,20,0.375,21,19.8,0.0936558831070643,0.466666666666667
"35-40%",208,20,0.375,22,19.2,0.13978679598523,0.466666666666667
"35-40%",208,20,0.375,23,22.0666666666667,0.189805451265197,0.866666666666667
"35-40%",208,20,0.375,24,22.0666666666667,0.249140411487907,0.533333333333333
"35-40%",208,20,0.375,25,22.5333333333333,0.315087938113305,0.666666666666667
"35-40%",208,20,0.375,26,25.0666666666667,0.389417772931197,0.8
"35-40%",208,20,0.375,27,25.2666666666667,0.471666845633232,1.13333333333333
"35-40%",208,20,0.375,28,27.5333333333333,0.561717717164067,1
"35-40%",208,20,0.375,29,28.8666666666667,0.659814760157601,1.66666666666667
"35-40%",208,20,0.375,30,29.9333333333333,0.765687142061189,1.73333333333333
"35-40%",208,20,0.375,31,31,0.878832525592751,1.86666666666667
"35-40%",208,20,0.375,32,32,1,2
"40-45%",43,1,0.4375,1,31,0.878984997919695,2
"40-45%",43,1,0.4375,2,25.4666666666667,0.765752414058531,1
"40-45%",43,1,0.4375,3,27.2666666666667,0.660276683710879,1.46666666666667
"40-45%",43,1,0.4375,4,25.2666666666667,0.562456419866825,0.933333333333333
"40-45%",43,1,0.4375,5,23,0.472603218021451,0.866666666666667
"40-45%",43,1,0.4375,6,22.4666666666667,0.390538327614585,0.8
"40-45%",43,1,0.4375,7,22,0.317132161625845,0.6
"40-45%",43,1,0.4375,8,21.8,0.249819785107605,0.6
"40-45%",43,1,0.4375,9,19.6666666666667,0.191184382750954,0.6
"40-45%",43,1,0.4375,10,19.4,0.140505951961704,0.4
"40-45%",43,1,0.4375,11,19.3333333333333,0.0974265372025859,0.6
"40-45%",43,1,0.4375,12,18.8,0.0621296174461798,0.333333333333333
"40-45%",43,1,0.4375,13,17.8666666666667,0.0349751808973161,0.4
"40-45%",43,1,0.4375,14,17.8,0.0151917590592901,0.266666666666667
"40-45%",43,1,0.4375,15,18.1333333333333,0.00361877668713309,0.333333333333333
"40-45%",43,1,0.4375,16,17.5333333333333,-0.00034345246572991,0.4
"40-45%",43,1,0.4375,17,17.6,0.00328981818897766,0.333333333333333
"40-45%",43,1,0.4375,18,17.8666666666667,0.0151594534175122,0.266666666666667
"40-45%",43,1,0.4375,19,18.1333333333333,0.0347079072935463,0.333333333333333
"40-45%",43,1,0.4375,20,18.6666666666667,0.0619646360502813,0.266666666666667
"40-45%",43,1,0.4375,21,19.3333333333333,0.0972926677776585,0.133333333333333
"40-45%",43,1,0.4375,22,19.1333333333333,0.140363865523512,0.4
"40-45%",43,1,0.4375,23,20.5333333333333,0.191312120715974,0.4
"40-45%",43,1,0.4375,24,20.0666666666667,0.249851388221058,0.2
"40-45%",43,1,0.4375,25,22.2666666666667,0.316472261086198,0.666666666666667
"40-45%",43,1,0.4375,26,22.3333333333333,0.390538327614585,0.933333333333333
"40-45%",43,1,0.4375,27,24,0.472997531335898,0.733333333333333
"40-45%",43,1,0.4375,28,22.2666666666667,0.562751604993574,0.6
"40-45%",43,1,0.4375,29,23.7333333333333,0.660169467752088,1
"40-45%",43,1,0.4375,30,26.3333333333333,0.765707610298474,1.26666666666667
"40-45%",43,1,0.4375,31,30.9333333333333,0.878981775848951,1.73333333333333
"40-45%",43,1,0.4375,32,32,1,2
"40-45%",56,2,0.4375,1,31,0.878988219990439,1.53333333333333
"40-45%",56,2,0.4375,2,25.3333333333333,0.76576246150065,0.933333333333333
"40-45%",56,2,0.4375,3,26.0666666666667,0.660163779413369,0.733333333333333
"40-45%",56,2,0.4375,4,23.4666666666667,0.562676646537709,0.666666666666667
"40-45%",56,2,0.4375,5,24.2666666666667,0.472616198484673,0.666666666666667
"40-45%",56,2,0.4375,6,18.8666666666667,0.390680204575528,0.333333333333333
"40-45%",56,2,0.4375,7,20.2666666666667,0.316313495837725,0.333333333333333
"40-45%",56,2,0.4375,8,18.1333333333333,0.249851388221058,0.333333333333333
"40-45%",56,2,0.4375,9,18.3333333333333,0.191184382750954,0.4
"40-45%",56,2,0.4375,10,19,0.140418973950271,0.2
"40-45%",56,2,0.4375,11,17.8666666666667,0.0972063083351435,0.266666666666667
"40-45%",56,2,0.4375,12,16.5333333333333,0.0620627777018888,0.4
"40-45%",56,2,0.4375,13,16.1333333333333,0.0349128875943802,0.333333333333333
"40-45%",56,2,0.4375,14,15.3333333333333,0.0150962544904823,0.266666666666667
"40-45%",56,2,0.4375,15,15.4666666666667,0.00352184696935818,0.333333333333333
"40-45%",56,2,0.4375,16,15.2,-0.00107154677996891,0.2
"40-45%",56,2,0.4375,17,15.1333333333333,0.00339254135844239,0.133333333333333
"40-45%",56,2,0.4375,18,16.2,0.0152125837809409,0.333333333333333
"40-45%",56,2,0.4375,19,15.8666666666667,0.0346832837717992,0.2
"40-45%",56,2,0.4375,20,16.4666666666667,0.062119854426108,0.266666666666667
"40-45%",56,2,0.4375,21,18.0666666666667,0.0974070710584304,0.533333333333333
"40-45%",56,2,0.4375,22,16.4,0.140489349424357,0.333333333333333
"40-45%",56,2,0.4375,23,19.6666666666667,0.191275159171839,0.666666666666667
"40-45%",56,2,0.4375,24,18.1333333333333,0.249837143331035,0.333333333333333
"40-45%",56,2,0.4375,25,22,0.316251421925229,0.6
"40-45%",56,2,0.4375,26,23.6,0.390649519620354,0.866666666666667
"40-45%",56,2,0.4375,27,24.2666666666667,0.47318305688354,0.666666666666667
"40-45%",56,2,0.4375,28,21,0.562523151550262,0.466666666666667
"40-45%",56,2,0.4375,29,27.0666666666667,0.660265307033443,1
"40-45%",56,2,0.4375,30,29.0666666666667,0.765846635570231,1.4
"40-45%",56,2,0.4375,31,31,0.878975331707463,1.26666666666667
"40-45%",56,2,0.4375,32,32,1,2
"40-45%",88,3,0.4375,1,31,0.87896566549523,1
"40-45%",88,3,0.4375,2,26.3333333333333,0.765672853980534,0.133333333333333
"40-45%",88,3,0.4375,3,26.2,0.660152402735933,0
"40-45%",88,3,0.4375,4,24.4666666666667,0.562499749585858,0
"40-45%",88,3,0.4375,5,23.6666666666667,0.472603218021451,0
"40-45%",88,3,0.4375,6,24.4666666666667,0.390639783007975,0
"40-45%",88,3,0.4375,7,18.8666666666667,0.316307490477117,0
"40-45%",88,3,0.4375,8,19,0.249879878001105,0
"40-45%",88,3,0.4375,9,19.6,0.191275159171839,0
"40-45%",88,3,0.4375,10,17.6666666666667,0.140442476371488,0
"40-45%",88,3,0.4375,11,16.6666666666667,0.0973214483100094,0
"40-45%",88,3,0.4375,12,17.2,0.0622733156802784,0
"40-45%",88,3,0.4375,13,16.2666666666667,0.0347390539450143,0
"40-45%",88,3,0.4375,14,16.6666666666667,0.0150764797443189,0
"40-45%",88,3,0.4375,15,15.6666666666667,0.00345738049265323,0
"40-45%",88,3,0.4375,16,16,-0.000688357459129441,0
"40-45%",88,3,0.4375,17,16.3333333333333,0.00310142322157632,0
"40-45%",88,3,0.4375,18,16.2666666666667,0.0151867247774896,0
"40-45%",88,3,0.4375,19,16.6,0.0347702005964822,0
"40-45%",88,3,0.4375,20,17,0.062226001976131,0
"40-45%",88,3,0.4375,21,17.8,0.0973310016699293,0
"40-45%",88,3,0.4375,22,17,0.140418973950271,0
"40-45%",88,3,0.4375,23,20.3333333333333,0.191221767426661,0
"40-45%",88,3,0.4375,24,21.9333333333333,0.249828947065174,0
"40-45%",88,3,0.4375,25,23.4,0.316274115016263,0
"40-45%",88,3,0.4375,26,18.9333333333333,0.39055254891913,0
"40-45%",88,3,0.4375,27,21.2666666666667,0.472589892188907,0
"40-45%",88,3,0.4375,28,23.7333333333333,0.562980058436885,0.0666666666666667
"40-45%",88,3,0.4375,29,27.2,0.660383899669671,0.2
"40-45%",88,3,0.4375,30,30,0.765757028050115,0.266666666666667
"40-45%",88,3,0.4375,31,30.9333333333333,0.878975331707463,0.866666666666667
"40-45%",88,3,0.4375,32,32,1,2
"40-45%",102,4,0.40625,1,30.9333333333333,0.878994932956982,1.6
"40-45%",102,4,0.40625,2,29.8666666666667,0.765629918498009,1.13333333333333
"40-45%",102,4,0.40625,3,26.3333333333333,0.660044645130786,0.733333333333333
"40-45%",102,4,0.40625,4,26.1333333333333,0.562238811836694,0.866666666666667
"40-45%",102,4,0.40625,5,23.7333333333333,0.472807139038365,0.733333333333333
"40-45%",102,4,0.40625,6,21.1333333333333,0.39029166321359,0.466666666666667
"40-45%",102,4,0.40625,7,21.7333333333333,0.315643177751626,0.4
"40-45%",102,4,0.40625,8,21.7333333333333,0.24932099784274,0.6
"40-45%",102,4,0.40625,9,19.7333333333333,0.190608834343809,0.6
"40-45%",102,4,0.40625,10,17.6,0.14026444748522,0.333333333333333
"40-45%",102,4,0.40625,11,17.9333333333333,0.0962867660232135,0.266666666666667
"40-45%",102,4,0.40625,12,16,0.0619769737378261,0.4
"40-45%",102,4,0.40625,13,16.7333333333333,0.0344602964294802,0.333333333333333
"40-45%",102,4,0.40625,14,15.3333333333333,0.0149905981735171,0.333333333333333
"40-45%",102,4,0.40625,15,15.3333333333333,0.00310356112720998,0.333333333333333
"40-45%",102,4,0.40625,16,15.3333333333333,-0.000945084809106551,0.333333333333333
"40-45%",102,4,0.40625,17,15.4,0.00321201375614,0.133333333333333
"40-45%",102,4,0.40625,18,15.8666666666667,0.014843054278703,0.333333333333333
"40-45%",102,4,0.40625,19,16.8,0.0341062156871584,0.533333333333333
"40-45%",102,4,0.40625,20,18.1333333333333,0.0613146751232596,0.533333333333333
"40-45%",102,4,0.40625,21,14.6,0.0970280120964746,0.2
"40-45%",102,4,0.40625,22,19.2,0.139681709736569,0.2
"40-45%",102,4,0.40625,23,20.7333333333333,0.190673427894019,0.333333333333333
"40-45%",102,4,0.40625,24,21.7333333333333,0.249253474326266,0.6
"40-45%",102,4,0.40625,25,23.2,0.315941398949292,0.466666666666667
"40-45%",102,4,0.40625,26,24.2666666666667,0.389946207681286,0.733333333333333
"40-45%",102,4,0.40625,27,20.6,0.472479879687289,0.466666666666667
"40-45%",102,4,0.40625,28,26.0666666666667,0.562390055533091,0.733333333333333
"40-45%",102,4,0.40625,29,25.5333333333333,0.660214136796989,0.866666666666667
"40-45%",102,4,0.40625,30,29.8666666666667,0.765762071583929,1.2
"40-45%",102,4,0.40625,31,30.9333333333333,0.878997456848567,1.4
"40-45%",102,4,0.40625,32,32,1,2
"40-45%",107,5,0.4375,1,31,0.878981775848951,1.4
"40-45%",107,5,0.4375,2,24.4,0.765852069020766,0.866666666666667
"40-45%",107,5,0.4375,3,25.3333333333333,0.660265307033443,0.866666666666667
"40-45%",107,5,0.4375,4,20.4666666666667,0.562766780185551,0.466666666666667
"40-45%",107,5,0.4375,5,25,0.472695808110612,0.533333333333333
"40-45%",107,5,0.4375,6,22,0.391137714193307,0.466666666666667
"40-45%",107,5,0.4375,7,21.6666666666667,0.316511641907659,0.466666666666667
"40-45%",107,5,0.4375,8,19.4,0.250172796168714,0.4
"40-45%",107,5,0.4375,9,20.2666666666667,0.191024357103561,0.466666666666667
"40-45%",107,5,0.4375,10,17.1333333333333,0.140427341113728,0.533333333333333
"40-45%",107,5,0.4375,11,16,0.0973024008497363,0.4
"40-45%",107,5,0.4375,12,16.0666666666667,0.0620550123655885,0.2
"40-45%",107,5,0.4375,13,15.7333333333333,0.0343995322012737,0.133333333333333
"40-45%",107,5,0.4375,14,15.8,0.0150962544904823,0.266666666666667
"40-45%",107,5,0.4375,15,16,0.00339251952146012,0.133333333333333
"40-45%",107,5,0.4375,16,15.7333333333333,-0.000457651772049916,0.266666666666667
"40-45%",107,5,0.4375,17,15.9333333333333,0.00374845495555476,0.333333333333333
"40-45%",107,5,0.4375,18,15.8,0.0151396786713487,0.266666666666667
"40-45%",107,5,0.4375,19,16.3333333333333,0.0348013472479501,0.266666666666667
"40-45%",107,5,0.4375,20,15.2666666666667,0.062226001976131,0.466666666666667
"40-45%",107,5,0.4375,21,15.1333333333333,0.097340734742007,0.533333333333333
"40-45%",107,5,0.4375,22,19.7333333333333,0.140387011157521,0.466666666666667
"40-45%",107,5,0.4375,23,21.4666666666667,0.191110459662685,0.666666666666667
"40-45%",107,5,0.4375,24,17.6,0.249804555418058,0.4
"40-45%",107,5,0.4375,25,19.4,0.316293805426994,0.466666666666667
"40-45%",107,5,0.4375,26,21.9333333333333,0.390522985136998,0.6
"40-45%",107,5,0.4375,27,23.2,0.472616543853994,0.333333333333333
"40-45%",107,5,0.4375,28,26.2,0.562696574292338,0.8
"40-45%",107,5,0.4375,29,25.3333333333333,0.660383899669671,0.8
"40-45%",107,5,0.4375,30,25.3333333333333,0.765707610298474,0.666666666666667
"40-45%",107,5,0.4375,31,31,0.878981775848951,1.46666666666667
"40-45%",107,5,0.4375,32,32,1,2
"40-45%",128,6,0.40625,1,30.8666666666667,0.878989885173814,1.73333333333333
"40-45%",128,6,0.40625,2,29.9333333333333,0.765749618679693,1.46666666666667
"40-45%",128,6,0.40625,3,26.4,0.660243463531241,0.866666666666667
"40-45%",128,6,0.40625,4,27.9333333333333,0.56228922640216,1
"40-45%",128,6,0.40625,5,25,0.472309681189979,0.533333333333333
"40-45%",128,6,0.40625,6,25.0666666666667,0.390276724974691,0.8
"40-45%",128,6,0.40625,7,22.5333333333333,0.315695577953282,0.466666666666667
"40-45%",128,6,0.40625,8,19.7333333333333,0.249766531891957,0.6
"40-45%",128,6,0.40625,9,20.1333333333333,0.190808200049862,0.2
"40-45%",128,6,0.40625,10,17.4,0.139885644837211,0.266666666666667
"40-45%",128,6,0.40625,11,17.9333333333333,0.0971881731252512,0.466666666666667
"40-45%",128,6,0.40625,12,16.8666666666667,0.0617052120956442,0.333333333333333
"40-45%",128,6,0.40625,13,17.0666666666667,0.0340197955364851,0.333333333333333
"40-45%",128,6,0.40625,14,15.4666666666667,0.0147074472121751,0.266666666666667
"40-45%",128,6,0.40625,15,15.3333333333333,0.00235905860437807,0.4
"40-45%",128,6,0.40625,16,15.2,-0.0010936558219199,0.2
"40-45%",128,6,0.40625,17,15.4666666666667,0.00251581709740173,0.4
"40-45%",128,6,0.40625,18,15.3333333333333,0.0141994424604418,0.266666666666667
"40-45%",128,6,0.40625,19,15.2,0.0333943413710883,0.333333333333333
"40-45%",128,6,0.40625,20,17.2,0.0616344207699507,0.466666666666667
"40-45%",128,6,0.40625,21,16.8666666666667,0.0963579889546306,0.2
"40-45%",128,6,0.40625,22,18,0.139791195286864,0.266666666666667
"40-45%",128,6,0.40625,23,17.9333333333333,0.190778695802469,0.4
"40-45%",128,6,0.40625,24,22.9333333333333,0.249216228803069,0.466666666666667
"40-45%",128,6,0.40625,25,21.3333333333333,0.316257949114047,0.4
"40-45%",128,6,0.40625,26,22.5333333333333,0.390061045834874,0.466666666666667
"40-45%",128,6,0.40625,27,25.3333333333333,0.472754838438969,0.933333333333333
"40-45%",128,6,0.40625,28,25.4666666666667,0.56233026046775,0.8
"40-45%",128,6,0.40625,29,28.9333333333333,0.660398707207594,0.933333333333333
"40-45%",128,6,0.40625,30,29.9333333333333,0.765593525557436,1.4
"40-45%",128,6,0.40625,31,30.9333333333333,0.878999980740151,1.4
"40-45%",128,6,0.40625,32,32,1,2
"40-45%",145,7,0.4375,1,31,0.878981775848951,1.86666666666667
"40-45%",145,7,0.4375,2,30,0.765607955336239,1.8
"40-45%",145,7,0.4375,3,25.6666666666667,0.660265307033443,1.13333333333333
"40-45%",145,7,0.4375,4,26.8,0.562547831867543,1.53333333333333
"40-45%",145,7,0.4375,5,25.8666666666667,0.472669501814846,1.33333333333333
"40-45%",145,7,0.4375,6,24.4666666666667,0.39055254891913,1.13333333333333
"40-45%",145,7,0.4375,7,23.2,0.316446565314859,1
"40-45%",145,7,0.4375,8,23.8666666666667,0.250045538742397,1.13333333333333
"40-45%",145,7,0.4375,9,20.2666666666667,0.19119698535338,0.533333333333333
"40-45%",145,7,0.4375,10,20.4,0.140380468060859,0.6
"40-45%",145,7,0.4375,11,20.1333333333333,0.0974076694544707,0.666666666666667
"40-45%",145,7,0.4375,12,21.6666666666667,0.0618820250712744,0.8
"40-45%",145,7,0.4375,13,19.0666666666667,0.0346275135985841,0.133333333333333
"40-45%",145,7,0.4375,14,19.1333333333333,0.0150474055433257,0.533333333333333
"40-45%",145,7,0.4375,15,19.5333333333333,0.00345738049265323,0.6
"40-45%",145,7,0.4375,16,19.4666666666667,-0.0006219044625197,0.533333333333333
"40-45%",145,7,0.4375,17,19.1333333333333,0.00365189789528574,0.866666666666667
"40-45%",145,7,0.4375,18,19.6,0.0152351832401565,0.733333333333333
"40-45%",145,7,0.4375,19,19.2666666666667,0.0348013472479501,0.533333333333333
"40-45%",145,7,0.4375,20,21.9333333333333,0.0618067766271657,1
"40-45%",145,7,0.4375,21,20.6666666666667,0.0975220727352425,0.733333333333333
"40-45%",145,7,0.4375,22,21.0666666666667,0.140365332803099,0.866666666666667
"40-45%",145,7,0.4375,23,21.7333333333333,0.191250377098559,0.733333333333333
"40-45%",145,7,0.4375,24,22,0.249859584486919,0.733333333333333
"40-45%",145,7,0.4375,25,22.6,0.316268109655656,0.933333333333333
"40-45%",145,7,0.4375,26,23.8,0.39055254891913,1.13333333333333
"40-45%",145,7,0.4375,27,22.6666666666667,0.472629524317216,0.733333333333333
"40-45%",145,7,0.4375,28,25.8,0.562514924777835,1.26666666666667
"40-45%",145,7,0.4375,29,29.1333333333333,0.660253930356006,1.8
"40-45%",145,7,0.4375,30,30.0666666666667,0.765797217818589,1.86666666666667
"40-45%",145,7,0.4375,31,31,0.878978553778207,1.8
"40-45%",145,7,0.4375,32,32,1,2
"40-45%",156,8,0.40625,1,31,0.878999980740151,1.93333333333333
"40-45%",156,8,0.40625,2,29.8666666666667,0.765894224669849,1.66666666666667
"40-45%",156,8,0.40625,3,26.1333333333333,0.660362715280885,0.866666666666667
"40-45%",156,8,0.40625,4,27,0.562730495586536,1.26666666666667
"40-45%",156,8,0.40625,5,23.2,0.472477022010705,0.733333333333333
"40-45%",156,8,0.40625,6,22.5333333333333,0.390406501367178,0.666666666666667
"40-45%",156,8,0.40625,7,23.1333333333333,0.315966333952136,0.933333333333333
"40-45%",156,8,0.40625,8,23.4,0.249499237588339,1.06666666666667
"40-45%",156,8,0.40625,9,21.6,0.190318026310351,0.666666666666667
"40-45%",156,8,0.40625,10,20.1333333333333,0.139885644837211,0.6
"40-45%",156,8,0.40625,11,18.8666666666667,0.0969563063884692,0.333333333333333
"40-45%",156,8,0.40625,12,18.2666666666667,0.0619061824121326,0.4
"40-45%",156,8,0.40625,13,18.2,0.0343907520328751,0.333333333333333
"40-45%",156,8,0.40625,14,17.9333333333333,0.0145620439182454,0.333333333333333
"40-45%",156,8,0.40625,15,18.5333333333333,0.00255477086262145,0.266666666666667
"40-45%",156,8,0.40625,16,17.5333333333333,-0.000504107199090076,0.4
"40-45%",156,8,0.40625,17,18,0.00291942437456154,0.4
"40-45%",156,8,0.40625,18,18.4,0.0146313711404619,0.533333333333333
"40-45%",156,8,0.40625,19,18.8666666666667,0.033710230059495,0.2
"40-45%",156,8,0.40625,20,17.8666666666667,0.0617874070819298,0.333333333333333
"40-45%",156,8,0.40625,21,19.4666666666667,0.096429694662636,0.466666666666667
"40-45%",156,8,0.40625,22,19.8,0.140020859751026,0.533333333333333
"40-45%",156,8,0.40625,23,21,0.190639922446152,0.866666666666667
"40-45%",156,8,0.40625,24,21,0.249625537669555,0.6
"40-45%",156,8,0.40625,25,23.4666666666667,0.315907327714723,1
"40-45%",156,8,0.40625,26,24.0666666666667,0.390310489215341,1.2
"40-45%",156,8,0.40625,27,22.4666666666667,0.472477022010705,0.666666666666667
"40-45%",156,8,0.40625,28,26.2,0.562298606902035,1.13333333333333
"40-45%",156,8,0.40625,29,26.4,0.660352356916305,1.26666666666667
"40-45%",156,8,0.40625,30,30,0.765894224669849,1.53333333333333
"40-45%",156,8,0.40625,31,31,0.878994932956982,1.86666666666667
"40-45%",156,8,0.40625,32,32,1,2
"40-45%",157,9,0.4375,1,30.9333333333333,0.878988219990439,0.866666666666667
"40-45%",157,9,0.4375,2,27.2,0.765752414058531,0.133333333333333
"40-45%",157,9,0.4375,3,26.2,0.660265307033443,0.0666666666666667
"40-45%",157,9,0.4375,4,22.8666666666667,0.562691821729686,0.0666666666666667
"40-45%",157,9,0.4375,5,23.5333333333333,0.47260287265213,0
"40-45%",157,9,0.4375,6,22,0.390637540661892,0
"40-45%",157,9,0.4375,7,21.2,0.316293805426994,0
"40-45%",157,9,0.4375,8,19.8666666666667,0.249904288756036,0
"40-45%",157,9,0.4375,9,18,0.19119698535338,0
"40-45%",157,9,0.4375,10,17.2,0.140521087219464,0
"40-45%",157,9,0.4375,11,17.5333333333333,0.0971685314248089,0
"40-45%",157,9,0.4375,12,17.6666666666667,0.061946867131794,0
"40-45%",157,9,0.4375,13,16.6,0.0347021624509766,0
"40-45%",157,9,0.4375,14,15.8666666666667,0.0151867247774896,0
"40-45%",157,9,0.4375,15,16.2,0.00319905458039846,0
"40-45%",157,9,0.4375,16,16,-0.000244559032740083,0
"40-45%",157,9,0.4375,17,15.8,0.0036191275076567,0
"40-45%",157,9,0.4375,18,16.1333333333333,0.015061739279956,0
"40-45%",157,9,0.4375,19,16.2,0.0349128875943802,0
"40-45%",157,9,0.4375,20,17,0.0620450087834015,0
"40-45%",157,9,0.4375,21,19.2666666666667,0.0971685314248089,0
"40-45%",157,9,0.4375,22,16.3333333333333,0.14039560331862,0
"40-45%",157,9,0.4375,23,20.9333333333333,0.191365935592724,0
"40-45%",157,9,0.4375,24,16.6666666666667,0.25010251830249,0
"40-45%",157,9,0.4375,25,22.8,0.316274115016263,0
"40-45%",157,9,0.4375,26,21.4,0.390539448787626,0
"40-45%",157,9,0.4375,27,22.6666666666667,0.472695808110612,0
"40-45%",157,9,0.4375,28,24.5333333333333,0.5624598940766,0
"40-45%",157,9,0.4375,29,26.2666666666667,0.660372522992235,0
"40-45%",157,9,0.4375,30,23.5333333333333,0.765737752624829,0
"40-45%",157,9,0.4375,31,30.9333333333333,0.878978553778207,0.933333333333333
"40-45%",157,9,0.4375,32,32,1,2
"40-45%",159,10,0.4375,1,31,0.878978553778207,1.46666666666667
"40-45%",159,10,0.4375,2,27.1333333333333,0.765777122934352,1
"40-45%",159,10,0.4375,3,25.2,0.660270995372161,0.666666666666667
"40-45%",159,10,0.4375,4,25.3333333333333,0.562739904011371,0.8
"40-45%",159,10,0.4375,5,21.8666666666667,0.472682482278069,0.533333333333333
"40-45%",159,10,0.4375,6,21.2,0.39083181814885,0.466666666666667
"40-45%",159,10,0.4375,7,21.4666666666667,0.316274115016263,0.333333333333333
"40-45%",159,10,0.4375,8,19.6666666666667,0.249822898441012,0.466666666666667
"40-45%",159,10,0.4375,9,18.6,0.191184382750954,0.333333333333333
"40-45%",159,10,0.4375,10,18.4666666666667,0.140380149855141,0.266666666666667
"40-45%",159,10,0.4375,11,17.4,0.0972928474898165,0.4
"40-45%",159,10,0.4375,12,15.5333333333333,0.0619979356413692,0.266666666666667
"40-45%",159,10,0.4375,13,16.2,0.0347636774667614,0.4
"40-45%",159,10,0.4375,14,15.7333333333333,0.0152287366018299,0.333333333333333
"40-45%",159,10,0.4375,15,15.4,0.00309562976988649,0.4
"40-45%",159,10,0.4375,16,15.4,-0.000358638742880143,0.333333333333333
"40-45%",159,10,0.4375,17,15.7333333333333,0.00345735865567096,0.533333333333333
"40-45%",159,10,0.4375,18,14.8666666666667,0.0152610422436078,0.133333333333333
"40-45%",159,10,0.4375,19,15.6,0.0348259707696972,0.133333333333333
"40-45%",159,10,0.4375,20,16.0666666666667,0.0622302530691187,0.466666666666667
"40-45%",159,10,0.4375,21,17,0.097216179705275,0.266666666666667
"40-45%",159,10,0.4375,22,19.6666666666667,0.140474214166596,0.266666666666667
"40-45%",159,10,0.4375,23,19.4,0.191262556569413,0.466666666666667
"40-45%",159,10,0.4375,24,18.4666666666667,0.249879878001105,0.466666666666667
"40-45%",159,10,0.4375,25,23.1333333333333,0.31627111233596,0.6
"40-45%",159,10,0.4375,26,21.9333333333333,0.390679083402486,0.466666666666667
"40-45%",159,10,0.4375,27,25.2,0.47260287265213,0.8
"40-45%",159,10,0.4375,28,21.8666666666667,0.562471595058802,0.466666666666667
"40-45%",159,10,0.4375,29,29,0.660462673934872,1.13333333333333
"40-45%",159,10,0.4375,30,26.2,0.765742366616413,0.8
"40-45%",159,10,0.4375,31,30.8666666666667,0.878972109636718,1.26666666666667
"40-45%",159,10,0.4375,32,32,1,2
"40-45%",169,11,0.4375,1,31,0.878994664131928,2
"40-45%",169,11,0.4375,2,27.2,0.765777122934352,1.53333333333333
"40-45%",169,11,0.4375,3,26.1333333333333,0.660389588008389,1.13333333333333
"40-45%",169,11,0.4375,4,23.3333333333333,0.562491522813431,0.933333333333333
"40-45%",169,11,0.4375,5,25.4666666666667,0.472642504780439,1.33333333333333
"40-45%",169,11,0.4375,6,19.4666666666667,0.391190114719322,0.466666666666667
"40-45%",169,11,0.4375,7,20.2666666666667,0.316352876659186,0.6
"40-45%",169,11,0.4375,8,21.7333333333333,0.24972103656915,0.466666666666667
"40-45%",169,11,0.4375,9,21.1333333333333,0.191085254457832,0.6
"40-45%",169,11,0.4375,10,18.6666666666667,0.140496024310584,0.2
"40-45%",169,11,0.4375,11,19.4,0.0971971322450019,0.266666666666667
"40-45%",169,11,0.4375,12,19.7333333333333,0.0621356256608238,0.466666666666667
"40-45%",169,11,0.4375,13,18.2666666666667,0.0347333091024445,0.2
"40-45%",169,11,0.4375,14,18.6,0.0152969698106602,0.4
"40-45%",169,11,0.4375,15,18.2666666666667,0.00348980005975865,0.266666666666667
"40-45%",169,11,0.4375,16,18.9333333333333,-0.000638304074979663,0.333333333333333
"40-45%",169,11,0.4375,17,18.2,0.00336045077487832,0.4
"40-45%",169,11,0.4375,18,18.5333333333333,0.0153712872767785,0.333333333333333
"40-45%",169,11,0.4375,19,18.9333333333333,0.0347079072935463,0.4
"40-45%",169,11,0.4375,20,20.2666666666667,0.0619542296666921,0.466666666666667
"40-45%",169,11,0.4375,21,20.2666666666667,0.097216179705275,0.4
"40-45%",169,11,0.4375,22,19.7333333333333,0.140303006286751,0.4
"40-45%",169,11,0.4375,23,20.6,0.191544646852343,0.6
"40-45%",169,11,0.4375,24,20.7333333333333,0.249849259687175,0.666666666666667
"40-45%",169,11,0.4375,25,23.2,0.316254424605533,0.866666666666667
"40-45%",169,11,0.4375,26,20.7333333333333,0.390525227483081,0.533333333333333
"40-45%",169,11,0.4375,27,26.6,0.473209363179306,1.26666666666667
"40-45%",169,11,0.4375,28,21,0.562494997023206,0.666666666666667
"40-45%",169,11,0.4375,29,25.2666666666667,0.660253930356006,0.933333333333333
"40-45%",169,11,0.4375,30,25.4,0.765628050220476,1
"40-45%",169,11,0.4375,31,30.9333333333333,0.878972109636718,1.86666666666667
"40-45%",169,11,0.4375,32,32,1,2
"40-45%",200,12,0.4375,1,31,0.878988219990439,1.53333333333333
"40-45%",200,12,0.4375,2,25.4,0.765662806538416,0.733333333333333
"40-45%",200,12,0.4375,3,24.2666666666667,0.660163779413369,0.6
"40-45%",200,12,0.4375,4,22.8,0.563011687173716,0.666666666666667
"40-45%",200,12,0.4375,5,23.6666666666667,0.472762091904007,0.533333333333333
"40-45%",200,12,0.4375,6,22.6666666666667,0.390637540661892,0.6
"40-45%",200,12,0.4375,7,23.9333333333333,0.31646625572559,0.733333333333333
"40-45%",200,12,0.4375,8,20.8666666666667,0.249842226263489,0.733333333333333
"40-45%",200,12,0.4375,9,19.4,0.19119698535338,0.266666666666667
"40-45%",200,12,0.4375,10,19.8,0.140412205855967,0.4
"40-45%",200,12,0.4375,11,16.9333333333333,0.0973121339218141,0.333333333333333
"40-45%",200,12,0.4375,12,17.5333333333333,0.062226001976131,0.466666666666667
"40-45%",200,12,0.4375,13,15.8666666666667,0.0347390539450143,0.133333333333333
"40-45%",200,12,0.4375,14,14.9333333333333,0.0149116919911934,0.0666666666666667
"40-45%",200,12,0.4375,15,15.3333333333333,0.00342531174607143,0.266666666666667
"40-45%",200,12,0.4375,16,15.3333333333333,-0.000359732482009926,0.333333333333333
"40-45%",200,12,0.4375,17,15.2666666666667,0.00368361582134392,0.333333333333333
"40-45%",200,12,0.4375,18,15.6666666666667,0.0153601687376901,0.2
"40-45%",200,12,0.4375,19,15.2,0.0345906221045465,0.333333333333333
"40-45%",200,12,0.4375,20,15.0666666666667,0.0622357649962028,0.0666666666666667
"40-45%",200,12,0.4375,21,17.6,0.0973310016699293,0.333333333333333
"40-45%",200,12,0.4375,22,17.6666666666667,0.140464286515476,0.266666666666667
"40-45%",200,12,0.4375,23,17.8,0.19129569051493,0.4
"40-45%",200,12,0.4375,24,20.0666666666667,0.24976377123922,0.4
"40-45%",200,12,0.4375,25,21.9333333333333,0.316254424605533,0.4
"40-45%",200,12,0.4375,26,21.3333333333333,0.390624440530388,0.533333333333333
"40-45%",200,12,0.4375,27,24.4,0.472682482278069,0.666666666666667
"40-45%",200,12,0.4375,28,25.1333333333333,0.562988285209312,0.8
"40-45%",200,12,0.4375,29,27.0666666666667,0.660265307033443,1.06666666666667
"40-45%",200,12,0.4375,30,27.0666666666667,0.765687515414237,1
"40-45%",200,12,0.4375,31,30.8666666666667,0.878972109636718,1.53333333333333
"40-45%",200,12,0.4375,32,32,1,2
"40-45%",209,13,0.40625,1,30.8666666666667,0.878989885173814,0.8
"40-45%",209,13,0.40625,2,30,0.765677798570682,0.4
"40-45%",209,13,0.40625,3,26.4,0.660042700318151,0
"40-45%",209,13,0.40625,4,26.3333333333333,0.562780910152002,0.0666666666666667
"40-45%",209,13,0.40625,5,24.6,0.472394780438634,0
"40-45%",209,13,0.40625,6,22.3333333333333,0.390195651061753,0
"40-45%",209,13,0.40625,7,23.5333333333333,0.316034476421274,0
"40-45%",209,13,0.40625,8,20.5333333333333,0.249280399184144,0
"40-45%",209,13,0.40625,9,19.5333333333333,0.190743606499653,0
"40-45%",209,13,0.40625,10,19.2666666666667,0.139545382092836,0
"40-45%",209,13,0.40625,11,15.8666666666667,0.0971616305035728,0
"40-45%",209,13,0.40625,12,16.0666666666667,0.0618467947470312,0
"40-45%",209,13,0.40625,13,17,0.0339752802711533,0
"40-45%",209,13,0.40625,14,15.3333333333333,0.0142700035065222,0
"40-45%",209,13,0.40625,15,16.3333333333333,0.00346938331916563,0
"40-45%",209,13,0.40625,16,16,-0.00171909442760625,0
"40-45%",209,13,0.40625,17,16.0666666666667,0.00332314560503146,0
"40-45%",209,13,0.40625,18,16.7333333333333,0.0144859678465322,0
"40-45%",209,13,0.40625,19,16.7333333333333,0.033410302551042,0
"40-45%",209,13,0.40625,20,17.9333333333333,0.0617166157562363,0
"40-45%",209,13,0.40625,21,16.8,0.0969292809902026,0
"40-45%",209,13,0.40625,22,18.8666666666667,0.140102390477966,0
"40-45%",209,13,0.40625,23,18.0666666666667,0.190743606499653,0
"40-45%",209,13,0.40625,24,20.6666666666667,0.249751837750771,0
"40-45%",209,13,0.40625,25,19.8,0.315767023440298,0
"40-45%",209,13,0.40625,26,25.2,0.390833644501261,0
"40-45%",209,13,0.40625,27,24.4666666666667,0.472400985689649,0
"40-45%",209,13,0.40625,28,25.4,0.562412328598931,0
"40-45%",209,13,0.40625,29,25.6666666666667,0.660444226744331,0.133333333333333
"40-45%",209,13,0.40625,30,29.9333333333333,0.765701738607019,0.4
"40-45%",209,13,0.40625,31,31,0.878992409065398,0.866666666666667
"40-45%",209,13,0.40625,32,32,1,2
"40-45%",217,14,0.40625,1,31.1333333333333,0.878987361282229,1.86666666666667
"40-45%",217,14,0.40625,2,30.0666666666667,0.765791755186316,1.6
"40-45%",217,14,0.40625,3,29.0666666666667,0.66016389688043,1.73333333333333
"40-45%",217,14,0.40625,4,26.6,0.562197777771104,1.26666666666667
"40-45%",217,14,0.40625,5,27,0.472754838438969,1.4
"40-45%",217,14,0.40625,6,23.6,0.390559932595808,1.06666666666667
"40-45%",217,14,0.40625,7,22.8666666666667,0.315857514212673,0.933333333333333
"40-45%",217,14,0.40625,8,22,0.24920255500235,0.666666666666667
"40-45%",217,14,0.40625,9,22.2,0.190760189291131,0.866666666666667
"40-45%",217,14,0.40625,10,20.5333333333333,0.139466076825732,0.4
"40-45%",217,14,0.40625,11,20.6666666666667,0.0967956625831044,0.933333333333333
"40-45%",217,14,0.40625,12,19.2666666666667,0.0619883773984182,0.6
"40-45%",217,14,0.40625,13,19.1333333333333,0.0345662027142119,0.333333333333333
"40-45%",217,14,0.40625,14,19.7333333333333,0.0145543882917281,0.533333333333333
"40-45%",217,14,0.40625,15,19.2,0.00251581709740173,0.333333333333333
"40-45%",217,14,0.40625,16,19.1333333333333,-0.00117419735011241,0.466666666666667
"40-45%",217,14,0.40625,17,19.8,0.0022950639395647,0.6
"40-45%",217,14,0.40625,18,18.9333333333333,0.0144838272456477,0.2
"40-45%",217,14,0.40625,19,19.6666666666667,0.0345662027142119,0.666666666666667
"40-45%",217,14,0.40625,20,19.8666666666667,0.0620477650635196,0.6
"40-45%",217,14,0.40625,21,20.4,0.0972240259792539,0.466666666666667
"40-45%",217,14,0.40625,22,20.1333333333333,0.139953252294118,0.533333333333333
"40-45%",217,14,0.40625,23,22.8,0.190846950688243,1.46666666666667
"40-45%",217,14,0.40625,24,22.2,0.249484543447153,0.666666666666667
"40-45%",217,14,0.40625,25,22.8666666666667,0.315978773201739,0.733333333333333
"40-45%",217,14,0.40625,26,23.6,0.390352970053237,0.933333333333333
"40-45%",217,14,0.40625,27,26.2666666666667,0.472512678336548,1.4
"40-45%",217,14,0.40625,28,27.1333333333333,0.562279845902284,1.46666666666667
"40-45%",217,14,0.40625,29,28.7333333333333,0.659985991662282,1.53333333333333
"40-45%",217,14,0.40625,30,30.0666666666667,0.765719935077305,1.8
"40-45%",217,14,0.40625,31,31,0.878999980740151,1.86666666666667
"40-45%",217,14,0.40625,32,32,1,2
"40-45%",219,15,0.40625,1,31,0.878999980740151,0.933333333333333
"40-45%",219,15,0.40625,2,29.8666666666667,0.765762071583929,0.466666666666667
"40-45%",219,15,0.40625,3,29,0.660151593703215,0.2
"40-45%",219,15,0.40625,4,26.4666666666667,0.562440470098557,0
"40-45%",219,15,0.40625,5,25.4666666666667,0.47231302876441,0
"40-45%",219,15,0.40625,6,22.9333333333333,0.390176825060002,0
"40-45%",219,15,0.40625,7,22.0666666666667,0.31574869447321,0
"40-45%",219,15,0.40625,8,21.8666666666667,0.249673993568978,0
"40-45%",219,15,0.40625,9,19.1333333333333,0.190826706561201,0
"40-45%",219,15,0.40625,10,19.2666666666667,0.139268601899861,0
"40-45%",219,15,0.40625,11,18.1333333333333,0.0961261222178486,0
"40-45%",219,15,0.40625,12,20,0.0612761495619171,0
"40-45%",219,15,0.40625,13,17.4666666666667,0.0340489196390804,0
"40-45%",219,15,0.40625,14,16.4,0.0147724932326226,0
"40-45%",219,15,0.40625,15,15.8,0.00314017753239858,0
"40-45%",219,15,0.40625,16,16,-0.000946978980475977,0
"40-45%",219,15,0.40625,17,15.9333333333333,0.00258776727445326,0
"40-45%",219,15,0.40625,18,17.7333333333333,0.0144838272456477,0
"40-45%",219,15,0.40625,19,15.5333333333333,0.0343293610134751,0
"40-45%",219,15,0.40625,20,18.0666666666667,0.0615479112040989,0
"40-45%",219,15,0.40625,21,18.2666666666667,0.0967239568750991,0
"40-45%",219,15,0.40625,22,17.1333333333333,0.13992641020068,0
"40-45%",219,15,0.40625,23,20.4,0.19061809446416,0
"40-45%",219,15,0.40625,24,21.4666666666667,0.249506074488698,0
"40-45%",219,15,0.40625,25,22.1333333333333,0.316152432392462,0
"40-45%",219,15,0.40625,26,22.9333333333333,0.390080812908165,0
"40-45%",219,15,0.40625,27,22.1333333333333,0.472568326510375,0
"40-45%",219,15,0.40625,28,28,0.562412328598931,0
"40-45%",219,15,0.40625,29,26.4,0.659984046849647,0
"40-45%",219,15,0.40625,30,29.9333333333333,0.765743875113642,0.266666666666667
"40-45%",219,15,0.40625,31,30.8666666666667,0.879002504631735,0.866666666666667
"40-45%",219,15,0.40625,32,32,1,2
"40-45%",229,16,0.40625,1,30.8666666666667,0.87900502852332,1.53333333333333
"40-45%",229,16,0.40625,2,29.7333333333333,0.765809951656602,1.26666666666667
"40-45%",229,16,0.40625,3,26.4,0.660274735078128,1.13333333333333
"40-45%",229,16,0.40625,4,25.4,0.56233026046775,0.933333333333333
"40-45%",229,16,0.40625,5,25.4,0.472240736317031,0.933333333333333
"40-45%",229,16,0.40625,6,23.8666666666667,0.390338031814339,0.933333333333333
"40-45%",229,16,0.40625,7,24.3333333333333,0.315841771945192,0.933333333333333
"40-45%",229,16,0.40625,8,22.6666666666667,0.249224086043895,0.733333333333333
"40-45%",229,16,0.40625,9,19.7333333333333,0.190677089229583,0.4
"40-45%",229,16,0.40625,10,19.4,0.139642057103017,0.466666666666667
"40-45%",229,16,0.40625,11,18.9333333333333,0.0967593269525135,0.333333333333333
"40-45%",229,16,0.40625,12,18,0.0618467947470312,0.6
"40-45%",229,16,0.40625,13,16.7333333333333,0.0346025646023385,0.133333333333333
"40-45%",229,16,0.40625,14,17.6666666666667,0.0149905981735171,0.333333333333333
"40-45%",229,16,0.40625,15,17.4666666666667,0.0029572094597657,0.266666666666667
"40-45%",229,16,0.40625,16,16.8666666666667,-0.00132087419155633,0.266666666666667
"40-45%",229,16,0.40625,17,17.1333333333333,0.00280968911230586,0.266666666666667
"40-45%",229,16,0.40625,18,17.3333333333333,0.0149905981735171,0.4
"40-45%",229,16,0.40625,19,17.4,0.0344020847897283,0.333333333333333
"40-45%",229,16,0.40625,20,18.5333333333333,0.0611844961324648,0.2
"40-45%",229,16,0.40625,21,18.0666666666667,0.0964963653894813,0.133333333333333
"40-45%",229,16,0.40625,22,18.4666666666667,0.140020859751026,0.266666666666667
"40-45%",229,16,0.40625,23,21.1333333333333,0.190673427894019,0.733333333333333
"40-45%",229,16,0.40625,24,20.8,0.249421393406545,0.6
"40-45%",229,16,0.40625,25,23.3333333333333,0.315891585447242,0.866666666666667
"40-45%",229,16,0.40625,26,23.0666666666667,0.389950095444139,0.933333333333333
"40-45%",229,16,0.40625,27,22.4,0.47306243678433,0.666666666666667
"40-45%",229,16,0.40625,28,26.9333333333333,0.56263904695548,1.13333333333333
"40-45%",229,16,0.40625,29,28,0.660122266968962,1.46666666666667
"40-45%",229,16,0.40625,30,29.9333333333333,0.765828148126889,1.66666666666667
"40-45%",229,16,0.40625,31,30.9333333333333,0.878997456848567,1.6
"40-45%",229,16,0.40625,32,32,1,2
"40-45%",233,17,0.40625,1,31,0.878987361282229,1.4
"40-45%",233,17,0.40625,2,29.8666666666667,0.765984241249146,1.26666666666667
"40-45%",233,17,0.40625,3,25.5333333333333,0.660245408343876,0.666666666666667
"40-45%",233,17,0.40625,4,27.8666666666667,0.562238811836694,0.866666666666667
"40-45%",233,17,0.40625,5,24.2666666666667,0.47236483946596,0.533333333333333
"40-45%",233,17,0.40625,6,25.6666666666667,0.390310489215341,0.466666666666667
"40-45%",233,17,0.40625,7,20.9333333333333,0.315854211194795,0.4
"40-45%",233,17,0.40625,8,19.8666666666667,0.249332568291822,0.666666666666667
"40-45%",233,17,0.40625,9,19.0666666666667,0.190970385243121,0.466666666666667
"40-45%",233,17,0.40625,10,20.5333333333333,0.13992641020068,0.266666666666667
"40-45%",233,17,0.40625,11,15.2666666666667,0.0969032211451124,0.333333333333333
"40-45%",233,17,0.40625,12,16.5333333333333,0.0606941007162109,0.4
"40-45%",233,17,0.40625,13,16.5333333333333,0.0339389183830267,0.466666666666667
"40-45%",233,17,0.40625,14,16.7333333333333,0.0147724932326226,0.133333333333333
"40-45%",233,17,0.40625,15,15.0666666666667,0.00321329638946567,0.266666666666667
"40-45%",233,17,0.40625,16,15.7333333333333,-0.00065173112621871,0.0666666666666667
"40-45%",233,17,0.40625,17,16,0.00288409060269861,0.266666666666667
"40-45%",233,17,0.40625,18,15.3333333333333,0.0145586694934971,0.333333333333333
"40-45%",233,17,0.40625,19,17.0666666666667,0.0331120698309052,0.266666666666667
"40-45%",233,17,0.40625,20,17.8666666666667,0.0618467947470312,0.4
"40-45%",233,17,0.40625,21,19.9333333333333,0.0968315154371071,0.266666666666667
"40-45%",233,17,0.40625,22,19.3333333333333,0.140129232571404,0.133333333333333
"40-45%",233,17,0.40625,23,19,0.190747267835216,0.2
"40-45%",233,17,0.40625,24,19.7333333333333,0.249484543447153,0.533333333333333
"40-45%",233,17,0.40625,25,20,0.315816836942348,0.4
"40-45%",233,17,0.40625,26,22.7333333333333,0.390195651061753,0.466666666666667
"40-45%",233,17,0.40625,27,22.4,0.472427579087893,0.666666666666667
"40-45%",233,17,0.40625,28,26.2,0.562380675033216,0.733333333333333
"40-45%",233,17,0.40625,29,27.9333333333333,0.660208302359084,0.733333333333333
"40-45%",233,17,0.40625,30,29.9333333333333,0.765809951656602,1.13333333333333
"40-45%",233,17,0.40625,31,30.8666666666667,0.878987361282229,1.46666666666667
"40-45%",233,17,0.40625,32,32,1,2
"40-45%",234,18,0.40625,1,30.9333333333333,0.878997456848567,0.933333333333333
"40-45%",234,18,0.40625,2,29.9333333333333,0.765912421140135,0.666666666666667
"40-45%",234,18,0.40625,3,26.4666666666667,0.660212191984354,0.0666666666666667
"40-45%",234,18,0.40625,4,27.1333333333333,0.562109841206137,0
"40-45%",234,18,0.40625,5,23.2666666666667,0.472411424712187,0
"40-45%",234,18,0.40625,6,24.7333333333333,0.390061045834874,0
"40-45%",234,18,0.40625,7,21.2,0.316155228914344,0
"40-45%",234,18,0.40625,8,21.2,0.249421393406545,0
"40-45%",234,18,0.40625,9,19.8,0.190756527955567,0
"40-45%",234,18,0.40625,10,18.4666666666667,0.139818037380303,0
"40-45%",234,18,0.40625,11,17.7333333333333,0.096769119961426,0
"40-45%",234,18,0.40625,12,17.8666666666667,0.0612053582362236,0
"40-45%",234,18,0.40625,13,16.7333333333333,0.0338775273636267,0
"40-45%",234,18,0.40625,14,16.3333333333333,0.0145599033173609,0
"40-45%",234,18,0.40625,15,15.9333333333333,0.00187181169126169,0
"40-45%",234,18,0.40625,16,16,-0.00184334041545004,0
"40-45%",234,18,0.40625,17,16.0666666666667,0.00303032831683279,0
"40-45%",234,18,0.40625,18,16.6666666666667,0.0149200371274368,0
"40-45%",234,18,0.40625,19,16.2666666666667,0.0341539103321383,0
"40-45%",234,18,0.40625,20,16.0666666666667,0.0619061824121326,0
"40-45%",234,18,0.40625,21,18.8,0.0966969314768325,0
"40-45%",234,18,0.40625,22,19.4666666666667,0.139816924650385,0
"40-45%",234,18,0.40625,23,19.3333333333333,0.19115716935817,0
"40-45%",234,18,0.40625,24,21.0666666666667,0.249703381851348,0
"40-45%",234,18,0.40625,25,21.9333333333333,0.315857514212673,0
"40-45%",234,18,0.40625,26,23.6666666666667,0.39015705798671,0
"40-45%",234,18,0.40625,27,22.2,0.472326325463532,0
"40-45%",234,18,0.40625,28,26.4,0.562311499468,0
"40-45%",234,18,0.40625,29,25.7333333333333,0.660161952067795,0
"40-45%",234,18,0.40625,30,29.8666666666667,0.765611722027722,0.266666666666667
"40-45%",234,18,0.40625,31,30.9333333333333,0.878994932956982,0.866666666666667
"40-45%",234,18,0.40625,32,32,1,2
"40-45%",236,19,0.40625,1,30.9333333333333,0.878989885173814,1.73333333333333
"40-45%",236,19,0.40625,2,29.8666666666667,0.765485312507853,1.2
"40-45%",236,19,0.40625,3,28.0666666666667,0.660231160354026,1.26666666666667
"40-45%",236,19,0.40625,4,27.8666666666667,0.562188397271228,1
"40-45%",236,19,0.40625,5,22.0666666666667,0.472361981789375,0.4
"40-45%",236,19,0.40625,6,24.2666666666667,0.390602413433704,0.666666666666667
"40-45%",236,19,0.40625,7,22.1333333333333,0.316012844436308,0.6
"40-45%",236,19,0.40625,8,20.6,0.249361956574193,0.666666666666667
"40-45%",236,19,0.40625,9,20.2666666666667,0.190608494478899,0.533333333333333
"40-45%",236,19,0.40625,10,17.8,0.139818037380303,0.533333333333333
"40-45%",236,19,0.40625,11,15.8666666666667,0.0968934281362,0.2
"40-45%",236,19,0.40625,12,16.2666666666667,0.0613469408876106,0.4
"40-45%",236,19,0.40625,13,16.2666666666667,0.0342234547287434,0.333333333333333
"40-45%",236,19,0.40625,14,15.8666666666667,0.0146997915856578,0.2
"40-45%",236,19,0.40625,15,15.6,0.00291931042125144,0.266666666666667
"40-45%",236,19,0.40625,16,15.5333333333333,-0.00132087419155633,0.333333333333333
"40-45%",236,19,0.40625,17,15.6666666666667,0.00268954702447079,0.2
"40-45%",236,19,0.40625,18,16.0666666666667,0.0143494540029837,0.0666666666666667
"40-45%",236,19,0.40625,19,15.4666666666667,0.0341507309524901,0.2
"40-45%",236,19,0.40625,20,15.8,0.0620477650635196,0.2
"40-45%",236,19,0.40625,21,15.9333333333333,0.0970992350278918,0.0666666666666667
"40-45%",236,19,0.40625,22,17.6,0.14026444748522,0.266666666666667
"40-45%",236,19,0.40625,23,20.1333333333333,0.190560483720168,0.4
"40-45%",236,19,0.40625,24,21.7333333333333,0.249295093325329,0.533333333333333
"40-45%",236,19,0.40625,25,23.3333333333333,0.315698374475164,0.666666666666667
"40-45%",236,19,0.40625,26,25,0.390195651061753,0.733333333333333
"40-45%",236,19,0.40625,27,23.5333333333333,0.472188435717635,0.533333333333333
"40-45%",236,19,0.40625,28,24.5333333333333,0.562522538229738,0.8
"40-45%",236,19,0.40625,29,28,0.659950830490124,1.06666666666667
"40-45%",236,19,0.40625,30,29.7333333333333,0.765786011620265,1.2
"40-45%",236,19,0.40625,31,31,0.878987361282229,1.66666666666667
"40-45%",236,19,0.40625,32,32,1,2
"40-45%",240,20,0.4375,1,30.8666666666667,0.878978553778207,1.73333333333333
"40-45%",240,20,0.4375,2,27.1333333333333,0.765732319174295,1.2
"40-45%",240,20,0.4375,3,25.2,0.660259618694725,1
"40-45%",240,20,0.4375,4,21.3333333333333,0.562746852430922,0.666666666666667
"40-45%",240,20,0.4375,5,23.0666666666667,0.472603218021451,0.933333333333333
"40-45%",240,20,0.4375,6,21.2666666666667,0.39055254891913,0.8
"40-45%",240,20,0.4375,7,22.2666666666667,0.316274115016263,0.8
"40-45%",240,20,0.4375,8,19.8,0.249801442084651,0.466666666666667
"40-45%",240,20,0.4375,9,20.0666666666667,0.191134818604393,0.6
"40-45%",240,20,0.4375,10,18.8,0.140326601916045,0.4
"40-45%",240,20,0.4375,11,18.5333333333333,0.0974076694544707,0.4
"40-45%",240,20,0.4375,12,17.4666666666667,0.0622910845987657,0.333333333333333
"40-45%",240,20,0.4375,13,17.6,0.0348259707696972,0.133333333333333
"40-45%",240,20,0.4375,14,17.8,0.0152499237045194,0.266666666666667
"40-45%",240,20,0.4375,15,17.5333333333333,0.00342493908856554,0.4
"40-45%",240,20,0.4375,16,17.4,-0.000423878404180155,0.333333333333333
"40-45%",240,20,0.4375,17,17.5333333333333,0.00323075066947438,0.2
"40-45%",240,20,0.4375,18,17.3333333333333,0.0151558314922377,0.2
"40-45%",240,20,0.4375,19,18,0.0346463922777615,0.333333333333333
"40-45%",240,20,0.4375,20,18.2,0.0621296174461798,0.4
"40-45%",240,20,0.4375,21,19.8666666666667,0.0974265372025859,0.466666666666667
"40-45%",240,20,0.4375,22,19.5333333333333,0.140304473566338,0.6
"40-45%",240,20,0.4375,23,20.3333333333333,0.191197408484952,0.533333333333333
"40-45%",240,20,0.4375,24,21.3333333333333,0.249768854171674,0.6
"40-45%",240,20,0.4375,25,22.0666666666667,0.316330183568151,0.733333333333333
"40-45%",240,20,0.4375,26,19.4,0.390577628009096,0.533333333333333
"40-45%",240,20,0.4375,27,24.2,0.472669156445525,0.866666666666667
"40-45%",240,20,0.4375,28,19.8666666666667,0.5625898832337,0.666666666666667
"40-45%",240,20,0.4375,29,27.8666666666667,0.660248242017288,1.26666666666667
"40-45%",240,20,0.4375,30,27.2666666666667,0.765777122934352,1.33333333333333
"40-45%",240,20,0.4375,31,31,0.878981775848951,1.86666666666667
"40-45%",240,20,0.4375,32,32,1,2
"45-50%",40,1,0.46875,1,31,0.878946883819218,1.93333333333333
"45-50%",40,1,0.46875,2,25.4,0.765667501917976,1.13333333333333
"45-50%",40,1,0.46875,3,27.5333333333333,0.660173021317764,1.46666666666667
"45-50%",40,1,0.46875,4,25.9333333333333,0.562707670706932,1.4
"45-50%",40,1,0.46875,5,24,0.472794995825466,1
"45-50%",40,1,0.46875,6,22.0666666666667,0.390754868490222,0.466666666666667
"45-50%",40,1,0.46875,7,22.3333333333333,0.316649462052518,0.933333333333333
"45-50%",40,1,0.46875,8,21.6666666666667,0.250058207602208,0.733333333333333
"45-50%",40,1,0.46875,9,20.8666666666667,0.191594700331949,0.666666666666667
"45-50%",40,1,0.46875,10,20.9333333333333,0.140645474407059,0.466666666666667
"45-50%",40,1,0.46875,11,20.0666666666667,0.0976684165963143,0.866666666666667
"45-50%",40,1,0.46875,12,19.4666666666667,0.0624419507217173,0.4
"45-50%",40,1,0.46875,13,19.9333333333333,0.035083110623015,0.333333333333333
"45-50%",40,1,0.46875,14,19.1333333333333,0.0155182215145333,0.266666666666667
"45-50%",40,1,0.46875,15,18.4666666666667,0.00384238201125966,0.6
"45-50%",40,1,0.46875,16,18.8,-0.000122137810615944,0.4
"45-50%",40,1,0.46875,17,19.3333333333333,0.00381976702807115,0.6
"45-50%",40,1,0.46875,18,18.7333333333333,0.0155017842837116,0.2
"45-50%",40,1,0.46875,19,20.2,0.0350676665625314,0.866666666666667
"45-50%",40,1,0.46875,20,19.8,0.062477281025231,0.533333333333333
"45-50%",40,1,0.46875,21,20.2666666666667,0.0976305175409973,0.733333333333333
"45-50%",40,1,0.46875,22,21.3333333333333,0.140769820994051,0.733333333333333
"45-50%",40,1,0.46875,23,21.6,0.191407505489218,0.533333333333333
"45-50%",40,1,0.46875,24,21.2,0.250054130759433,0.733333333333333
"45-50%",40,1,0.46875,25,23.4,0.316593461365589,0.933333333333333
"45-50%",40,1,0.46875,26,24.1333333333333,0.391303566431964,0.733333333333333
"45-50%",40,1,0.46875,27,23.0666666666667,0.472703272357687,0.933333333333333
"45-50%",40,1,0.46875,28,22.7333333333333,0.562877718873182,0.8
"45-50%",40,1,0.46875,29,25.2,0.660248139831923,1.13333333333333
"45-50%",40,1,0.46875,30,27.3333333333333,0.765736619294827,1.33333333333333
"45-50%",40,1,0.46875,31,31,0.878946883819218,1.73333333333333
"45-50%",40,1,0.46875,32,32,1,2
"45-50%",83,2,0.46875,1,26,0.878943799435587,0.533333333333333
"45-50%",83,2,0.46875,2,28,0.765690541043593,0.133333333333333
"45-50%",83,2,0.46875,3,20.6666666666667,0.660239012868203,0
"45-50%",83,2,0.46875,4,23.4666666666667,0.562552388661602,0
"45-50%",83,2,0.46875,5,20.8666666666667,0.472794551189379,0
"45-50%",83,2,0.46875,6,19.2666666666667,0.390747102604044,0
"45-50%",83,2,0.46875,7,18.0666666666667,0.316420228969024,0
"45-50%",83,2,0.46875,8,21.7333333333333,0.250002824683289,0
"45-50%",83,2,0.46875,9,18,0.191487391679459,0
"45-50%",83,2,0.46875,10,18.8666666666667,0.140749402769376,0
"45-50%",83,2,0.46875,11,15.8666666666667,0.0978427662530964,0
"45-50%",83,2,0.46875,12,15.9333333333333,0.0625985330361573,0
"45-50%",83,2,0.46875,13,15.8,0.0350617683303333,0
"45-50%",83,2,0.46875,14,16.6666666666667,0.0154956994547465,0
"45-50%",83,2,0.46875,15,15.9333333333333,0.00383869731692756,0
"45-50%",83,2,0.46875,16,16,-9.68015717795424e-05,0
"45-50%",83,2,0.46875,17,15.9333333333333,0.00378817118108999,0
"45-50%",83,2,0.46875,18,16.1333333333333,0.0155136947951678,0
"45-50%",83,2,0.46875,19,17,0.0350500514082622,0
"45-50%",83,2,0.46875,20,17.8666666666667,0.062520682801197,0
"45-50%",83,2,0.46875,21,18.6,0.0976523235672404,0
"45-50%",83,2,0.46875,22,18.0666666666667,0.14068389458296,0
"45-50%",83,2,0.46875,23,21,0.191455969060449,0
"45-50%",83,2,0.46875,24,19.4,0.250056169180821,0
"45-50%",83,2,0.46875,25,18,0.316504229999418,0
"45-50%",83,2,0.46875,26,24.3333333333333,0.390963309428006,0
"45-50%",83,2,0.46875,27,20.8,0.4727028277216,0
"45-50%",83,2,0.46875,28,22.5333333333333,0.562537622540681,0
"45-50%",83,2,0.46875,29,21.6,0.660308915974522,0.133333333333333
"45-50%",83,2,0.46875,30,25,0.76571358016921,0.133333333333333
"45-50%",83,2,0.46875,31,22.1333333333333,0.878931461901063,0.2
"45-50%",83,2,0.46875,32,32,1,2
"45-50%",129,3,0.46875,1,31.0666666666667,0.878940715051956,2
"45-50%",129,3,0.46875,2,28.3333333333333,0.765690541043593,1.66666666666667
"45-50%",129,3,0.46875,3,27.6666666666667,0.660171717465804,1.6
"45-50%",129,3,0.46875,4,21.4,0.562581920903442,0.666666666666667
"45-50%",129,3,0.46875,5,24.5333333333333,0.472748911773533,1.06666666666667
"45-50%",129,3,0.46875,6,21.8666666666667,0.390646765078241,0.733333333333333
"45-50%",129,3,0.46875,7,21.5333333333333,0.316644979673378,0.533333333333333
"45-50%",129,3,0.46875,8,20.8666666666667,0.250004863104677,0.6
"45-50%",129,3,0.46875,9,22.9333333333333,0.191612076502002,1.2
"45-50%",129,3,0.46875,10,20.6666666666667,0.140767404720601,0.533333333333333
"45-50%",129,3,0.46875,11,20.8,0.0976225669189902,0.333333333333333
"45-50%",129,3,0.46875,12,20.0666666666667,0.0624440340045255,0.733333333333333
"45-50%",129,3,0.46875,13,19.8666666666667,0.0350833978586044,0.533333333333333
"45-50%",129,3,0.46875,14,18.8666666666667,0.015575423267906,0.466666666666667
"45-50%",129,3,0.46875,15,18.7333333333333,0.00383834426820683,0.733333333333333
"45-50%",129,3,0.46875,16,18.2,-8.87630010344309e-05,0.333333333333333
"45-50%",129,3,0.46875,17,18.6,0.00383591800028247,0.4
"45-50%",129,3,0.46875,18,19.9333333333333,0.0154693680345419,0.466666666666667
"45-50%",129,3,0.46875,19,19.8666666666667,0.0350893523337754,0.8
"45-50%",129,3,0.46875,20,20.2,0.0624394774475973,0.6
"45-50%",129,3,0.46875,21,19.6,0.0976264020994033,0.4
"45-50%",129,3,0.46875,22,20,0.140620223635487,0.533333333333333
"45-50%",129,3,0.46875,23,21.0666666666667,0.191504767849512,0.866666666666667
"45-50%",129,3,0.46875,24,20.8666666666667,0.250105436835577,0.6
"45-50%",129,3,0.46875,25,23.6,0.316470253150433,1
"45-50%",129,3,0.46875,26,22.1333333333333,0.391071827835648,0.733333333333333
"45-50%",129,3,0.46875,27,25.7333333333333,0.472658077577929,1.33333333333333
"45-50%",129,3,0.46875,28,22.8666666666667,0.562522856419761,1
"45-50%",129,3,0.46875,29,27.3333333333333,0.660239012868203,1.4
"45-50%",129,3,0.46875,30,29.1333333333333,0.765690541043593,1.8
"45-50%",129,3,0.46875,31,30.9333333333333,0.878940715051956,1.8
"45-50%",129,3,0.46875,32,32,1,2
"45-50%",137,4,0.46875,1,26,0.878940715051956,0.6
"45-50%",137,4,0.46875,2,25.1333333333333,0.765621423666743,0
"45-50%",137,4,0.46875,3,23.5333333333333,0.660311523678442,0.0666666666666667
"45-50%",137,4,0.46875,4,21.6666666666667,0.562552388661602,0
"45-50%",137,4,0.46875,5,17.7333333333333,0.472750023363751,0
"45-50%",137,4,0.46875,6,21,0.390646765078241,0
"45-50%",137,4,0.46875,7,18,0.316476229655953,0
"45-50%",137,4,0.46875,8,17.9333333333333,0.250105436835577,0
"45-50%",137,4,0.46875,9,18.6,0.191416193574245,0
"45-50%",137,4,0.46875,10,19.3333333333333,0.14064305813361,0
"45-50%",137,4,0.46875,11,18.1333333333333,0.0976520433060594,0
"45-50%",137,4,0.46875,12,15.7333333333333,0.0624562720425943,0
"45-50%",137,4,0.46875,13,15.8,0.0350869502473735,0
"45-50%",137,4,0.46875,14,16.4,0.0155213257096016,0
"45-50%",137,4,0.46875,15,15.6666666666667,0.00384273505998039,0
"45-50%",137,4,0.46875,16,16,-0.000105050477512241,0
"45-50%",137,4,0.46875,17,15.9333333333333,0.00374203583702598,0
"45-50%",137,4,0.46875,18,15.8666666666667,0.0155347823065264,0
"45-50%",137,4,0.46875,19,17,0.03507311847449,0
"45-50%",137,4,0.46875,20,17.9333333333333,0.0624633018736426,0
"45-50%",137,4,0.46875,21,15.0666666666667,0.0977191384872645,0
"45-50%",137,4,0.46875,22,17.2,0.140622639908936,0
"45-50%",137,4,0.46875,23,16.6666666666667,0.191424881659271,0
"45-50%",137,4,0.46875,24,19.3333333333333,0.250424883970264,0
"45-50%",137,4,0.46875,25,19.6,0.316674474143223,0
"45-50%",137,4,0.46875,26,20,0.390654530964418,0
"45-50%",137,4,0.46875,27,20.1333333333333,0.472703716993775,0
"45-50%",137,4,0.46875,28,22.4666666666667,0.562552388661602,0
"45-50%",137,4,0.46875,29,25.2666666666667,0.660311523678442,0.0666666666666667
"45-50%",137,4,0.46875,30,26.0666666666667,0.76571358016921,0.2
"45-50%",137,4,0.46875,31,24.1333333333333,0.878934546284694,0.466666666666667
"45-50%",137,4,0.46875,32,32,1,2
"45-50%",152,5,0.46875,1,22,0.878931461901063,0.666666666666667
"45-50%",152,5,0.46875,2,26.0666666666667,0.765667501917976,0.866666666666667
"45-50%",152,5,0.46875,3,24.2666666666667,0.66058461684392,0.866666666666667
"45-50%",152,5,0.46875,4,21.1333333333333,0.562877718873182,0.466666666666667
"45-50%",152,5,0.46875,5,21.0666666666667,0.472982772041961,0.533333333333333
"45-50%",152,5,0.46875,6,20.3333333333333,0.391280268773432,0.333333333333333
"45-50%",152,5,0.46875,7,20.6666666666667,0.317272514719282,0.666666666666667
"45-50%",152,5,0.46875,8,20.2666666666667,0.250162858175883,0.4
"45-50%",152,5,0.46875,9,16.4,0.19150979099561,0.266666666666667
"45-50%",152,5,0.46875,10,19,0.140617807362038,0.6
"45-50%",152,5,0.46875,11,17.2,0.0976231274413523,0.333333333333333
"45-50%",152,5,0.46875,12,16.7333333333333,0.0624409090803133,0.4
"45-50%",152,5,0.46875,13,17.5333333333333,0.0350635164032314,0.4
"45-50%",152,5,0.46875,14,15.8666666666667,0.015489750211084,0.4
"45-50%",152,5,0.46875,15,15.4,0.00377964503631382,0.333333333333333
"45-50%",152,5,0.46875,16,15.4,-0.00010574516664434,0.333333333333333
"45-50%",152,5,0.46875,17,15.1333333333333,0.0037844864867579,0.333333333333333
"45-50%",152,5,0.46875,18,15.8,0.0155483744887538,0.4
"45-50%",152,5,0.46875,19,15.0666666666667,0.0350945170101446,0.2
"45-50%",152,5,0.46875,20,14.0666666666667,0.0624689000719749,0.2
"45-50%",152,5,0.46875,21,15.5333333333333,0.0976340724602294,0.2
"45-50%",152,5,0.46875,22,18.8666666666667,0.140661060084836,0.2
"45-50%",152,5,0.46875,23,17.0666666666667,0.191424881659271,0.4
"45-50%",152,5,0.46875,24,18.1333333333333,0.250101359992802,0.333333333333333
"45-50%",152,5,0.46875,25,18.0666666666667,0.316446735186109,0.4
"45-50%",152,5,0.46875,26,20,0.390747102604044,0.4
"45-50%",152,5,0.46875,27,21.1333333333333,0.472657855259885,0.533333333333333
"45-50%",152,5,0.46875,28,20.7333333333333,0.562537622540681,0.533333333333333
"45-50%",152,5,0.46875,29,21.6,0.660242924424083,0.466666666666667
"45-50%",152,5,0.46875,30,22.9333333333333,0.765621423666743,0.6
"45-50%",152,5,0.46875,31,23,0.878928377517432,0.733333333333333
"45-50%",152,5,0.46875,32,32,1,2
"45-50%",168,6,0.46875,1,30.9333333333333,0.878928377517432,1.86666666666667
"45-50%",168,6,0.46875,2,26.2666666666667,0.765667501917976,1.4
"45-50%",168,6,0.46875,3,27.8,0.660241620572123,1.66666666666667
"45-50%",168,6,0.46875,4,22.0666666666667,0.562877718873182,0.4
"45-50%",168,6,0.46875,5,23.8666666666667,0.472839968287181,0.866666666666667
"45-50%",168,6,0.46875,6,24,0.390847440129848,1.2
"45-50%",168,6,0.46875,7,21.8666666666667,0.317219502285113,0.666666666666667
"45-50%",168,6,0.46875,8,21.6,0.250371539472733,0.8
"45-50%",168,6,0.46875,9,21.8666666666667,0.191441104463445,0.733333333333333
"45-50%",168,6,0.46875,10,20.6666666666667,0.140686310856409,0.866666666666667
"45-50%",168,6,0.46875,11,20.2666666666667,0.0976833930452744,0.666666666666667
"45-50%",168,6,0.46875,12,20.0666666666667,0.0624562720425943,0.8
"45-50%",168,6,0.46875,13,19.3333333333333,0.0350697018710188,0.333333333333333
"45-50%",168,6,0.46875,14,19.4666666666667,0.0154792622239249,0.4
"45-50%",168,6,0.46875,15,18.9333333333333,0.00381078616427849,0.733333333333333
"45-50%",168,6,0.46875,16,19.5333333333333,-0.000105050477512241,0.866666666666667
"45-50%",168,6,0.46875,17,19.4,0.00374329426343371,0.666666666666667
"45-50%",168,6,0.46875,18,19.5333333333333,0.0155438477693884,0.6
"45-50%",168,6,0.46875,19,20.4666666666667,0.0351476484666602,0.6
"45-50%",168,6,0.46875,20,19.3333333333333,0.0624429923631214,0.333333333333333
"45-50%",168,6,0.46875,21,19,0.0976198527833013,0.4
"45-50%",168,6,0.46875,22,20.4,0.140620223635487,0.533333333333333
"45-50%",168,6,0.46875,23,21.6666666666667,0.19142739323232,0.8
"45-50%",168,6,0.46875,24,21.5333333333333,0.250054130759433,0.8
"45-50%",168,6,0.46875,25,20.4666666666667,0.316393722751939,0.466666666666667
"45-50%",168,6,0.46875,26,23.2,0.390693360395304,0.933333333333333
"45-50%",168,6,0.46875,27,24.2666666666667,0.472839745969138,0.8
"45-50%",168,6,0.46875,28,24.1333333333333,0.562552388661602,0.933333333333333
"45-50%",168,6,0.46875,29,26.8666666666667,0.660171717465804,1.33333333333333
"45-50%",168,6,0.46875,30,25.4666666666667,0.765690541043593,1.2
"45-50%",168,6,0.46875,31,31.0666666666667,0.878937630668325,1.93333333333333
"45-50%",168,6,0.46875,32,32,1,2
"45-50%",216,7,0.46875,1,20,0.878925293133801,0.533333333333333
"45-50%",216,7,0.46875,2,25,0.765667501917976,0.866666666666667
"45-50%",216,7,0.46875,3,18.8666666666667,0.660241620572123,0.333333333333333
"45-50%",216,7,0.46875,4,18.2666666666667,0.562537622540681,0.133333333333333
"45-50%",216,7,0.46875,5,22,0.472885607703027,0.666666666666667
"45-50%",216,7,0.46875,6,22.1333333333333,0.390739336717867,0.8
"45-50%",216,7,0.46875,7,18.6,0.316420228969024,0.266666666666667
"45-50%",216,7,0.46875,8,18.9333333333333,0.249996709419127,0.266666666666667
"45-50%",216,7,0.46875,9,18.3333333333333,0.19142739323232,0.266666666666667
"45-50%",216,7,0.46875,10,19.7333333333333,0.140638225586712,0.6
"45-50%",216,7,0.46875,11,16.7333333333333,0.0976512025225163,0.333333333333333
"45-50%",216,7,0.46875,12,17.3333333333333,0.0624633018736426,0.266666666666667
"45-50%",216,7,0.46875,13,16.2666666666667,0.0350890088552131,0.4
"45-50%",216,7,0.46875,14,15.9333333333333,0.0154355290916081,0.2
"45-50%",216,7,0.46875,15,16.2666666666667,0.00376590924662222,0.4
"45-50%",216,7,0.46875,16,15.2,-0.000146569025332659,0.2
"45-50%",216,7,0.46875,17,15.6666666666667,0.00372669263255189,0.2
"45-50%",216,7,0.46875,18,16,0.0154986800886433,0.266666666666667
"45-50%",216,7,0.46875,19,15.4666666666667,0.0350797502625168,0.466666666666667
"45-50%",216,7,0.46875,20,16.9333333333333,0.0624727244683028,0.266666666666667
"45-50%",216,7,0.46875,21,17.3333333333333,0.0976833930452744,0.4
"45-50%",216,7,0.46875,22,19.9333333333333,0.140640641860161,0.466666666666667
"45-50%",216,7,0.46875,23,21.8,0.191438592890396,0.666666666666667
"45-50%",216,7,0.46875,24,17.8,0.250371539472733,0.466666666666667
"45-50%",216,7,0.46875,25,17.8,0.316398205131079,0.266666666666667
"45-50%",216,7,0.46875,26,19.7333333333333,0.39073157083169,0.333333333333333
"45-50%",216,7,0.46875,27,21.5333333333333,0.472982549723918,0.533333333333333
"45-50%",216,7,0.46875,28,23.5333333333333,0.562567154782522,0.666666666666667
"45-50%",216,7,0.46875,29,25.1333333333333,0.660245532128003,0.933333333333333
"45-50%",216,7,0.46875,30,24,0.765667501917976,0.733333333333333
"45-50%",216,7,0.46875,31,21.2,0.878925293133801,0.6
"45-50%",216,7,0.46875,32,32,1,2
"45-50%",237,8,0.46875,1,24.0666666666667,0.878937630668325,1
"45-50%",237,8,0.46875,2,24.1333333333333,0.76564446279236,0.666666666666667
"45-50%",237,8,0.46875,3,21.5333333333333,0.660310219826482,0.466666666666667
"45-50%",237,8,0.46875,4,25.2666666666667,0.562567154782522,0.666666666666667
"45-50%",237,8,0.46875,5,23.6666666666667,0.472982549723918,0.6
"45-50%",237,8,0.46875,6,20.2666666666667,0.390654530964418,0.466666666666667
"45-50%",237,8,0.46875,7,19.6666666666667,0.316473241403193,0.333333333333333
"45-50%",237,8,0.46875,8,16.5333333333333,0.250367462629958,0.2
"45-50%",237,8,0.46875,9,18.0666666666667,0.191620764587029,0.4
"45-50%",237,8,0.46875,10,16.2666666666667,0.14064305813361,0.333333333333333
"45-50%",237,8,0.46875,11,15.3333333333333,0.0976544771805673,0.266666666666667
"45-50%",237,8,0.46875,12,15.4666666666667,0.0624905607047038,0.4
"45-50%",237,8,0.46875,13,15.0666666666667,0.0350772686337899,0.2
"45-50%",237,8,0.46875,14,17.2,0.0154933126186258,0.133333333333333
"45-50%",237,8,0.46875,15,16.3333333333333,0.00376823790459681,0.533333333333333
"45-50%",237,8,0.46875,16,16,-0.000105050477512241,0.266666666666667
"45-50%",237,8,0.46875,17,15.9333333333333,0.00383188025722964,0.2
"45-50%",237,8,0.46875,18,16.1333333333333,0.0154986800886433,0.4
"45-50%",237,8,0.46875,19,16.2666666666667,0.0350741392659081,0.533333333333333
"45-50%",237,8,0.46875,20,16.8666666666667,0.062453147118382,0.4
"45-50%",237,8,0.46875,21,17.9333333333333,0.0976419390707254,0.266666666666667
"45-50%",237,8,0.46875,22,16.2666666666667,0.140625056182385,0.466666666666667
"45-50%",237,8,0.46875,23,15.7333333333333,0.191513455934538,0.2
"45-50%",237,8,0.46875,24,18.2,0.250052092338046,0.2
"45-50%",237,8,0.46875,25,18.8,0.316451217565249,0.466666666666667
"45-50%",237,8,0.46875,26,20.9333333333333,0.390646765078241,0.4
"45-50%",237,8,0.46875,27,20.8666666666667,0.472794773507423,0.466666666666667
"45-50%",237,8,0.46875,28,22.5333333333333,0.562522856419761,0.4
"45-50%",237,8,0.46875,29,23.4,0.660380122932802,0.666666666666667
"45-50%",237,8,0.46875,30,27.0666666666667,0.765690541043593,0.866666666666667
"45-50%",237,8,0.46875,31,21.2,0.87892220875017,0.466666666666667
"45-50%",237,8,0.46875,32,32,1,2
"45-50%",246,9,0.46875,1,24,0.878937630668325,0.933333333333333
"45-50%",246,9,0.46875,2,27.0666666666667,0.76578269754606,1.06666666666667
"45-50%",246,9,0.46875,3,21.4666666666667,0.660241620572123,0.466666666666667
"45-50%",246,9,0.46875,4,26.2666666666667,0.562581920903442,0.933333333333333
"45-50%",246,9,0.46875,5,22.2,0.472839968287181,0.6
"45-50%",246,9,0.46875,6,20.5333333333333,0.390723804945513,0.6
"45-50%",246,9,0.46875,7,20.0666666666667,0.316443746933349,0.6
"45-50%",246,9,0.46875,8,19.8,0.250008939947452,0.266666666666667
"45-50%",246,9,0.46875,9,17.0666666666667,0.191507279422561,0.333333333333333
"45-50%",246,9,0.46875,10,19.4,0.140645474407059,0.6
"45-50%",246,9,0.46875,11,15.7333333333333,0.0976228471801713,0.333333333333333
"45-50%",246,9,0.46875,12,17,0.0624807959407552,0.133333333333333
"45-50%",246,9,0.46875,13,16.4666666666667,0.0351241596214263,0.266666666666667
"45-50%",246,9,0.46875,14,15,0.0155152408806364,0.2
"45-50%",246,9,0.46875,15,15.8666666666667,0.00376222455229013,0.6
"45-50%",246,9,0.46875,16,15.2,-0.000113194215751147,0.2
"45-50%",246,9,0.46875,17,16,0.00378090346272156,0.333333333333333
"45-50%",246,9,0.46875,18,15.7333333333333,0.015510714161271,0.2
"45-50%",246,9,0.46875,19,15.2666666666667,0.0351200094621263,0.333333333333333
"45-50%",246,9,0.46875,20,15.9333333333333,0.0624597869581184,0.333333333333333
"45-50%",246,9,0.46875,21,16.6666666666667,0.0976162978640693,0.4
"45-50%",246,9,0.46875,22,17.0666666666667,0.140620223635487,0.266666666666667
"45-50%",246,9,0.46875,23,18,0.191387617746116,0.333333333333333
"45-50%",246,9,0.46875,24,18.5333333333333,0.250058207602208,0.466666666666667
"45-50%",246,9,0.46875,25,21,0.316396711004699,0.466666666666667
"45-50%",246,9,0.46875,26,21.5333333333333,0.390862971902203,0.8
"45-50%",246,9,0.46875,27,20.5333333333333,0.472703939311818,0.4
"45-50%",246,9,0.46875,28,25.2,0.562862952752262,1
"45-50%",246,9,0.46875,29,25.2,0.660453937595001,1
"45-50%",246,9,0.46875,30,26.8,0.76564446279236,1
"45-50%",246,9,0.46875,31,24,0.878934546284694,0.733333333333333
"45-50%",246,9,0.46875,32,32,1,2
"45-50%",283,10,0.46875,1,30.9333333333333,0.878934546284694,1.86666666666667
"45-50%",283,10,0.46875,2,24.3333333333333,0.765690541043593,1.13333333333333
"45-50%",283,10,0.46875,3,25.9333333333333,0.660377515228882,1.26666666666667
"45-50%",283,10,0.46875,4,24.1333333333333,0.562567154782522,1
"45-50%",283,10,0.46875,5,24.6666666666667,0.472982549723918,1.2
"45-50%",283,10,0.46875,6,23.5333333333333,0.390654530964418,0.8
"45-50%",283,10,0.46875,7,24.0666666666667,0.316496759367518,0.933333333333333
"45-50%",283,10,0.46875,8,21.2,0.249996709419127,0.466666666666667
"45-50%",283,10,0.46875,9,20.6,0.191421216720343,0.733333333333333
"45-50%",283,10,0.46875,10,19.8666666666667,0.140615391088588,0.533333333333333
"45-50%",283,10,0.46875,11,20.2666666666667,0.0976932170194274,0.666666666666667
"45-50%",283,10,0.46875,12,19.9333333333333,0.062453147118382,0.666666666666667
"45-50%",283,10,0.46875,13,19.2666666666667,0.0350847791535881,0.533333333333333
"45-50%",283,10,0.46875,14,18.8666666666667,0.0155377629404232,0.2
"45-50%",283,10,0.46875,15,19.6,0.00374733200648654,0.466666666666667
"45-50%",283,10,0.46875,16,18.9333333333333,-8.86578335406372e-05,0.6
"45-50%",283,10,0.46875,17,19.3333333333333,0.00381113921299923,0.666666666666667
"45-50%",283,10,0.46875,18,19.2,0.0155529012081192,0.466666666666667
"45-50%",283,10,0.46875,19,18.7333333333333,0.0351200094621263,0.333333333333333
"45-50%",283,10,0.46875,20,20.6666666666667,0.0624874357804916,0.733333333333333
"45-50%",283,10,0.46875,21,21.4,0.0976446532064143,0.866666666666667
"45-50%",283,10,0.46875,22,19.6666666666667,0.140622639908936,0.4
"45-50%",283,10,0.46875,23,20.1333333333333,0.191417346940124,0.4
"45-50%",283,10,0.46875,24,23.2,0.250635603688501,0.733333333333333
"45-50%",283,10,0.46875,25,22.2,0.316593461365589,0.533333333333333
"45-50%",283,10,0.46875,26,23.8666666666667,0.390847440129848,0.8
"45-50%",283,10,0.46875,27,24.4,0.472703716993775,0.933333333333333
"45-50%",283,10,0.46875,28,24.0666666666667,0.562722436827852,0.933333333333333
"45-50%",283,10,0.46875,29,27.4666666666667,0.660310219826482,1.46666666666667
"45-50%",283,10,0.46875,30,25.2666666666667,0.76571358016921,1.2
"45-50%",283,10,0.46875,31,31.2,0.878934546284694,1.93333333333333
"45-50%",283,10,0.46875,32,32,1,2
"45-50%",295,11,0.46875,1,30.9333333333333,0.878925293133801,1.93333333333333
"45-50%",295,11,0.46875,2,26.2,0.765690541043593,1.4
"45-50%",295,11,0.46875,3,25.9333333333333,0.660174325169724,1.2
"45-50%",295,11,0.46875,4,24,0.562692904586011,0.933333333333333
"45-50%",295,11,0.46875,5,25.0666666666667,0.472840635241312,1
"45-50%",295,11,0.46875,6,23.7333333333333,0.390855206016025,0.866666666666667
"45-50%",295,11,0.46875,7,23.1333333333333,0.316652450305278,0.866666666666667
"45-50%",295,11,0.46875,8,22.0666666666667,0.250058207602208,0.8
"45-50%",295,11,0.46875,9,21.6666666666667,0.191396305831142,0.8
"45-50%",295,11,0.46875,10,20.6,0.140620223635487,0.333333333333333
"45-50%",295,11,0.46875,11,19.8666666666667,0.0976231274413523,0.533333333333333
"45-50%",295,11,0.46875,12,20.2666666666667,0.0624409090803133,0.533333333333333
"45-50%",295,11,0.46875,13,19.4,0.035079016706688,0.533333333333333
"45-50%",295,11,0.46875,14,19.2666666666667,0.0154566166029666,0.266666666666667
"45-50%",295,11,0.46875,15,19.6,0.00377641100065224,0.533333333333333
"45-50%",295,11,0.46875,16,19.2666666666667,-0.000163066836798057,0.333333333333333
"45-50%",295,11,0.46875,17,19.4,0.00378978265621846,0.6
"45-50%",295,11,0.46875,18,19.7333333333333,0.0155077335273742,0.533333333333333
"45-50%",295,11,0.46875,19,20.1333333333333,0.035088985555861,1
"45-50%",295,11,0.46875,20,19.2666666666667,0.0624653851564507,0.466666666666667
"45-50%",295,11,0.46875,21,20.6,0.0976550377029294,0.8
"45-50%",295,11,0.46875,22,21.8666666666667,0.140638225586712,0.866666666666667
"45-50%",295,11,0.46875,23,21.9333333333333,0.191507279422561,0.8
"45-50%",295,11,0.46875,24,20.2666666666667,0.250052092338046,0.733333333333333
"45-50%",295,11,0.46875,25,24,0.316900718973957,1.13333333333333
"45-50%",295,11,0.46875,26,23.0666666666667,0.390638999192063,1.13333333333333
"45-50%",295,11,0.46875,27,23.9333333333333,0.472794106553292,0.8
"45-50%",295,11,0.46875,28,25.2666666666667,0.562552388661602,1.26666666666667
"45-50%",295,11,0.46875,29,24.9333333333333,0.660242924424083,1.06666666666667
"45-50%",295,11,0.46875,30,26.4,0.76571358016921,1.46666666666667
"45-50%",295,11,0.46875,31,31,0.878934546284694,1.66666666666667
"45-50%",295,11,0.46875,32,32,1,2
"45-50%",298,12,0.46875,1,31.0666666666667,0.878934546284694,2
"45-50%",298,12,0.46875,2,28.2666666666667,0.765690541043593,1.66666666666667
"45-50%",298,12,0.46875,3,28.4,0.660380122932802,1.66666666666667
"45-50%",298,12,0.46875,4,23.6,0.562751969069692,0.866666666666667
"45-50%",298,12,0.46875,5,23.3333333333333,0.472794773507423,1.13333333333333
"45-50%",298,12,0.46875,6,22.6,0.390754868490222,1
"45-50%",298,12,0.46875,7,23.3333333333333,0.316644979673378,0.8
"45-50%",298,12,0.46875,8,20.5333333333333,0.250050053916658,0.666666666666667
"45-50%",298,12,0.46875,9,21.6,0.191478703594432,0.8
"45-50%",298,12,0.46875,10,20.3333333333333,0.140602221684261,0.533333333333333
"45-50%",298,12,0.46875,11,20.4,0.0976523235672404,0.666666666666667
"45-50%",298,12,0.46875,12,19.7333333333333,0.0624465072786456,0.666666666666667
"45-50%",298,12,0.46875,13,20.0666666666667,0.0350683205760351,0.6
"45-50%",298,12,0.46875,14,19.6,0.0155063110030771,0.4
"45-50%",298,12,0.46875,15,19,0.00375136974953937,0.4
"45-50%",298,12,0.46875,16,18.4666666666667,-8.06192627955257e-05,0.533333333333333
"45-50%",298,12,0.46875,17,19.4,0.00381886165038415,0.6
"45-50%",298,12,0.46875,18,20.2666666666667,0.015480684748222,0.666666666666667
"45-50%",298,12,0.46875,19,20.1333333333333,0.0350465552624661,0.466666666666667
"45-50%",298,12,0.46875,20,20.0666666666667,0.0624440340045255,0.733333333333333
"45-50%",298,12,0.46875,21,19.4666666666667,0.0976234077025333,0.6
"45-50%",298,12,0.46875,22,21.4666666666667,0.140640641860161,0.8
"45-50%",298,12,0.46875,23,20.9333333333333,0.191418705147294,0.8
"45-50%",298,12,0.46875,24,21.4666666666667,0.250002824683289,0.6
"45-50%",298,12,0.46875,25,21.0666666666667,0.316471747276813,0.6
"45-50%",298,12,0.46875,26,23.5333333333333,0.390662296850595,0.8
"45-50%",298,12,0.46875,27,24.8,0.473353550557927,1
"45-50%",298,12,0.46875,28,25.6666666666667,0.562567154782522,1.13333333333333
"45-50%",298,12,0.46875,29,29,0.660242924424083,1.53333333333333
"45-50%",298,12,0.46875,30,23.4666666666667,0.765667501917976,1
"45-50%",298,12,0.46875,31,31.0666666666667,0.878934546284694,1.93333333333333
"45-50%",298,12,0.46875,32,32,1,2
"45-50%",300,13,0.46875,1,31.0666666666667,0.878940715051956,2
"45-50%",300,13,0.46875,2,25.4666666666667,0.765736619294827,1.13333333333333
"45-50%",300,13,0.46875,3,25.6666666666667,0.660169109761884,1.06666666666667
"45-50%",300,13,0.46875,4,23.4666666666667,0.562692904586011,1
"45-50%",300,13,0.46875,5,25.6666666666667,0.47265874453206,1.26666666666667
"45-50%",300,13,0.46875,6,22.4666666666667,0.390855206016025,0.866666666666667
"45-50%",300,13,0.46875,7,20.9333333333333,0.316771176141294,0.666666666666667
"45-50%",300,13,0.46875,8,20.1333333333333,0.250162858175883,0.6
"45-50%",300,13,0.46875,9,21.2666666666667,0.191496079764485,0.533333333333333
"45-50%",300,13,0.46875,10,20.4666666666667,0.141064884744246,0.466666666666667
"45-50%",300,13,0.46875,11,20,0.0976192922609392,0.333333333333333
"45-50%",300,13,0.46875,12,19.1333333333333,0.0624633018736426,0.4
"45-50%",300,13,0.46875,13,20.6666666666667,0.0350483033353642,0.533333333333333
"45-50%",300,13,0.46875,14,19.7333333333333,0.0154925952596782,0.266666666666667
"45-50%",300,13,0.46875,15,19.0666666666667,0.00381608233373906,0.6
"45-50%",300,13,0.46875,16,19.1333333333333,-0.000129586859722751,0.333333333333333
"45-50%",300,13,0.46875,17,19.3333333333333,0.00376994698967505,0.4
"45-50%",300,13,0.46875,18,19.6666666666667,0.0155092916369739,0.733333333333333
"45-50%",300,13,0.46875,19,19.8,0.0350852021744754,0.4
"45-50%",300,13,0.46875,20,19.4666666666667,0.0624541887597861,0.533333333333333
"45-50%",300,13,0.46875,21,20.7333333333333,0.0976302372798163,0.8
"45-50%",300,13,0.46875,22,19.7333333333333,0.140617807362038,0.533333333333333
"45-50%",300,13,0.46875,23,21.6,0.191393794258093,0.6
"45-50%",300,13,0.46875,24,21.8666666666667,0.250369501051345,0.666666666666667
"45-50%",300,13,0.46875,25,22.6,0.316699486233927,0.6
"45-50%",300,13,0.46875,26,22.3333333333333,0.391172165361452,0.6
"45-50%",300,13,0.46875,27,24.2,0.472703272357687,0.866666666666667
"45-50%",300,13,0.46875,28,25.5333333333333,0.562567154782522,1.26666666666667
"45-50%",300,13,0.46875,29,26.6666666666667,0.660175629021684,1.13333333333333
"45-50%",300,13,0.46875,30,27.1333333333333,0.76571358016921,1.26666666666667
"45-50%",300,13,0.46875,31,31,0.878928377517432,1.93333333333333
"45-50%",300,13,0.46875,32,32,1,2
"45-50%",306,14,0.46875,1,22.1333333333333,0.878931461901063,0.4
"45-50%",306,14,0.46875,2,28,0.765690541043593,0.133333333333333
"45-50%",306,14,0.46875,3,23.4,0.660380122932802,0.133333333333333
"45-50%",306,14,0.46875,4,21.4666666666667,0.562692904586011,0.0666666666666667
"45-50%",306,14,0.46875,5,20.0666666666667,0.473028633775851,0.0666666666666667
"45-50%",306,14,0.46875,6,17.5333333333333,0.390685594509127,0
"45-50%",306,14,0.46875,7,16.2666666666667,0.316451217565249,0
"45-50%",306,14,0.46875,8,18.6666666666667,0.250000786261902,0
"45-50%",306,14,0.46875,9,17.9333333333333,0.191439746256275,0
"45-50%",306,14,0.46875,10,16.0666666666667,0.140602221684261,0
"45-50%",306,14,0.46875,11,16.6,0.0976160176028882,0
"45-50%",306,14,0.46875,12,17.9333333333333,0.0624577036753102,0
"45-50%",306,14,0.46875,13,16.6,0.0350796707201918,0
"45-50%",306,14,0.46875,14,15.0666666666667,0.0154927188208496,0
"45-50%",306,14,0.46875,15,16.2,0.00373744576500689,0
"45-50%",306,14,0.46875,16,16,-0.000203785527992583,0
"45-50%",306,14,0.46875,17,16.0666666666667,0.00382784251417681,0
"45-50%",306,14,0.46875,18,16.6666666666667,0.0155604085613815,0
"45-50%",306,14,0.46875,19,16.2666666666667,0.0350893523337754,0
"45-50%",306,14,0.46875,20,15.4666666666667,0.0625939764792291,0
"45-50%",306,14,0.46875,21,17.2666666666667,0.0976869479645064,0
"45-50%",306,14,0.46875,22,15.3333333333333,0.14064305813361,0
"45-50%",306,14,0.46875,23,16.6666666666667,0.191396305831142,0
"45-50%",306,14,0.46875,24,20.1333333333333,0.250268927320445,0
"45-50%",306,14,0.46875,25,20.2666666666667,0.316471747276813,0
"45-50%",306,14,0.46875,26,19.3333333333333,0.390654530964418,0
"45-50%",306,14,0.46875,27,20.8,0.472793439599161,0
"45-50%",306,14,0.46875,28,21.6,0.562552388661602,0
"45-50%",306,14,0.46875,29,20.4,0.660245532128003,0.0666666666666667
"45-50%",306,14,0.46875,30,26.0666666666667,0.76564446279236,0.0666666666666667
"45-50%",306,14,0.46875,31,22.1333333333333,0.878931461901063,0.4
"45-50%",306,14,0.46875,32,32,1,2
"45-50%",309,15,0.46875,1,19,0.87892220875017,0.333333333333333
"45-50%",309,15,0.46875,2,24.2,0.765736619294827,1
"45-50%",309,15,0.46875,3,21.8666666666667,0.660377515228882,0.8
"45-50%",309,15,0.46875,4,22.9333333333333,0.562707670706932,0.666666666666667
"45-50%",309,15,0.46875,5,20.2,0.472703050039644,0.466666666666667
"45-50%",309,15,0.46875,6,23.0666666666667,0.390862971902203,0.733333333333333
"45-50%",309,15,0.46875,7,19,0.316418734842644,0.2
"45-50%",309,15,0.46875,8,19.4,0.250058207602208,0.466666666666667
"45-50%",309,15,0.46875,9,18.0666666666667,0.191441104463445,0.4
"45-50%",309,15,0.46875,10,18.2666666666667,0.140590140317016,0.466666666666667
"45-50%",309,15,0.46875,11,18.4666666666667,0.0977762315942533,0.6
"45-50%",309,15,0.46875,12,17.6666666666667,0.0624807959407552,0.2
"45-50%",309,15,0.46875,13,18.2666666666667,0.0350793834846024,0.266666666666667
"45-50%",309,15,0.46875,14,16.9333333333333,0.0155288330628638,0.133333333333333
"45-50%",309,15,0.46875,15,17.8,0.0037844864867579,0.133333333333333
"45-50%",309,15,0.46875,16,17.1333333333333,-0.000212034433725282,0.333333333333333
"45-50%",309,15,0.46875,17,17.6,0.00375136974953937,0.4
"45-50%",309,15,0.46875,18,17.0666666666667,0.0155422896597886,0.266666666666667
"45-50%",309,15,0.46875,19,17.2,0.0350986671694446,0.4
"45-50%",309,15,0.46875,20,17.8,0.0624856946669718,0.133333333333333
"45-50%",309,15,0.46875,21,18.5333333333333,0.0976520433060594,0.333333333333333
"45-50%",309,15,0.46875,22,19.2,0.140749402769376,0.6
"45-50%",309,15,0.46875,23,17.8666666666667,0.191407505489218,0.333333333333333
"45-50%",309,15,0.46875,24,22.0666666666667,0.250168973440045,0.666666666666667
"45-50%",309,15,0.46875,25,20.4666666666667,0.316499747620278,0.333333333333333
"45-50%",309,15,0.46875,26,24.5333333333333,0.390762634376399,0.733333333333333
"45-50%",309,15,0.46875,27,20.2666666666667,0.472749134091577,0.333333333333333
"45-50%",309,15,0.46875,28,24.6,0.562552388661602,1
"45-50%",309,15,0.46875,29,20.9333333333333,0.660306308270602,0.533333333333333
"45-50%",309,15,0.46875,30,24.1333333333333,0.765667501917976,1.06666666666667
"45-50%",309,15,0.46875,31,23.0666666666667,0.878931461901063,0.866666666666667
"45-50%",309,15,0.46875,32,32,1,2
"45-50%",310,16,0.46875,1,30.8666666666667,0.878928377517432,1.73333333333333
"45-50%",310,16,0.46875,2,28.4666666666667,0.765690541043593,1.66666666666667
"45-50%",310,16,0.46875,3,29,0.660235101312323,1.4
"45-50%",310,16,0.46875,4,25.8666666666667,0.562552388661602,1.2
"45-50%",310,16,0.46875,5,24.3333333333333,0.472703272357687,1
"45-50%",310,16,0.46875,6,22.4666666666667,0.390654530964418,1
"45-50%",310,16,0.46875,7,24.2,0.316499747620278,1.26666666666667
"45-50%",310,16,0.46875,8,19.9333333333333,0.250054130759433,0.333333333333333
"45-50%",310,16,0.46875,9,21.5333333333333,0.191391282685044,0.666666666666667
"45-50%",310,16,0.46875,10,21.4,0.140792655492174,0.733333333333333
"45-50%",310,16,0.46875,11,20.0666666666667,0.0976094682867863,0.533333333333333
"45-50%",310,16,0.46875,12,20.2666666666667,0.062477281025231,0.666666666666667
"45-50%",310,16,0.46875,13,19.8666666666667,0.0350655517117189,0.533333333333333
"45-50%",310,16,0.46875,14,19.8666666666667,0.0155030832468372,0.533333333333333
"45-50%",310,16,0.46875,15,18.9333333333333,0.00379993136152774,0.333333333333333
"45-50%",310,16,0.46875,16,18.6666666666667,-0.00012203264312215,0.2
"45-50%",310,16,0.46875,17,19,0.00377272630632014,0.8
"45-50%",310,16,0.46875,18,19.8,0.0154761580288565,0.466666666666667
"45-50%",310,16,0.46875,19,19.5333333333333,0.035097229631488,0.6
"45-50%",310,16,0.46875,20,18.7333333333333,0.0624653851564507,0.4
"45-50%",310,16,0.46875,21,20.5333333333333,0.0977658470977383,0.733333333333333
"45-50%",310,16,0.46875,22,20.4,0.14064305813361,0.333333333333333
"45-50%",310,16,0.46875,23,21.1333333333333,0.191663386864114,0.733333333333333
"45-50%",310,16,0.46875,24,19.3333333333333,0.250000786261902,0.6
"45-50%",310,16,0.46875,25,21.3333333333333,0.316446735186109,0.666666666666667
"45-50%",310,16,0.46875,26,21.2666666666667,0.390654530964418,0.666666666666667
"45-50%",310,16,0.46875,27,24.8,0.472749801045708,0.933333333333333
"45-50%",310,16,0.46875,28,26.7333333333333,0.562537622540681,1.4
"45-50%",310,16,0.46875,29,27.2666666666667,0.660236405164283,1.53333333333333
"45-50%",310,16,0.46875,30,26.2666666666667,0.76571358016921,1.33333333333333
"45-50%",310,16,0.46875,31,31,0.878925293133801,1.93333333333333
"45-50%",310,16,0.46875,32,32,1,2
"45-50%",313,17,0.46875,1,27,0.878946883819218,0.666666666666667
"45-50%",313,17,0.46875,2,27.1333333333333,0.76571358016921,0.133333333333333
"45-50%",313,17,0.46875,3,18.6,0.660308915974522,0.133333333333333
"45-50%",313,17,0.46875,4,23.4,0.562552388661602,0.0666666666666667
"45-50%",313,17,0.46875,5,22.6666666666667,0.472794106553292,0
"45-50%",313,17,0.46875,6,20.2,0.39073157083169,0
"45-50%",313,17,0.46875,7,18.2,0.317253479134097,0
"45-50%",313,17,0.46875,8,20.3333333333333,0.250320233396589,0
"45-50%",313,17,0.46875,9,22.2666666666667,0.191769953530423,0
"45-50%",313,17,0.46875,10,16.7333333333333,0.140622639908936,0
"45-50%",313,17,0.46875,11,16.1333333333333,0.0976234077025333,0
"45-50%",313,17,0.46875,12,17.8666666666667,0.0624541887597861,0
"45-50%",313,17,0.46875,13,16.2,0.0350734852524044,0
"45-50%",313,17,0.46875,14,15.0666666666667,0.0154867695771871,0
"45-50%",313,17,0.46875,15,15.8,0.00382012007679189,0
"45-50%",313,17,0.46875,16,16,-6.42266188239215e-05,0
"45-50%",313,17,0.46875,17,15.9333333333333,0.00379220892414282,0
"45-50%",313,17,0.46875,18,16.6666666666667,0.0154520898836012,0
"45-50%",313,17,0.46875,19,15.8,0.0350465552624661,0
"45-50%",313,17,0.46875,20,18,0.0624429923631214,0
"45-50%",313,17,0.46875,21,18.6,0.0976479278644653,0
"45-50%",313,17,0.46875,22,16.6,0.140627472455834,0
"45-50%",313,17,0.46875,23,19.4,0.191411170428146,0
"45-50%",313,17,0.46875,24,18.8,0.250535029957601,0
"45-50%",313,17,0.46875,25,19.4666666666667,0.316624449961813,0
"45-50%",313,17,0.46875,26,22.5333333333333,0.390785932034931,0.0666666666666667
"45-50%",313,17,0.46875,27,19.3333333333333,0.473028411457807,0
"45-50%",313,17,0.46875,28,26.1333333333333,0.562751969069692,0.0666666666666667
"45-50%",313,17,0.46875,29,21.6,0.660171717465804,0
"45-50%",313,17,0.46875,30,24.1333333333333,0.765667501917976,0.133333333333333
"45-50%",313,17,0.46875,31,24.1333333333333,0.878937630668325,0.466666666666667
"45-50%",313,17,0.46875,32,32,1,2
"45-50%",315,18,0.46875,1,23.0666666666667,0.878934546284694,0.4
"45-50%",315,18,0.46875,2,27,0.76571358016921,0.133333333333333
"45-50%",315,18,0.46875,3,23.4,0.660242924424083,0
"45-50%",315,18,0.46875,4,25.2666666666667,0.562581920903442,0
"45-50%",315,18,0.46875,5,18.2,0.472703494675731,0
"45-50%",315,18,0.46875,6,20.8666666666667,0.390646765078241,0
"45-50%",315,18,0.46875,7,18.8666666666667,0.316619967582673,0
"45-50%",315,18,0.46875,8,19.5333333333333,0.250056169180821,0
"45-50%",315,18,0.46875,9,17.2,0.191411170428146,0
"45-50%",315,18,0.46875,10,17.4,0.140640641860161,0
"45-50%",315,18,0.46875,11,15.4666666666667,0.0976553179641104,0
"45-50%",315,18,0.46875,12,15.3333333333333,0.0626559139637118,0
"45-50%",315,18,0.46875,13,15.8,0.0350738520303188,0
"45-50%",315,18,0.46875,14,16.6666666666667,0.015425041104449,0
"45-50%",315,18,0.46875,15,15.9333333333333,0.00382289939343698,0
"45-50%",315,18,0.46875,16,16,-7.23703570628267e-05,0
"45-50%",315,18,0.46875,17,15.9333333333333,0.00376778318558032,0
"45-50%",315,18,0.46875,18,17.2,0.0155649352807469,0
"45-50%",315,18,0.46875,19,15.6,0.0351024505508301,0
"45-50%",315,18,0.46875,20,17.3333333333333,0.0624409090803133,0
"45-50%",315,18,0.46875,21,16.8,0.0976863874421444,0
"45-50%",315,18,0.46875,22,16.6666666666667,0.140620223635487,0
"45-50%",315,18,0.46875,23,17.7333333333333,0.191842305001516,0
"45-50%",315,18,0.46875,24,18.8666666666667,0.249996709419127,0
"45-50%",315,18,0.46875,25,18.7333333333333,0.316501241746658,0
"45-50%",315,18,0.46875,26,22.6666666666667,0.390662296850595,0
"45-50%",315,18,0.46875,27,20.8666666666667,0.472840190605225,0
"45-50%",315,18,0.46875,28,23.4,0.562707670706932,0
"45-50%",315,18,0.46875,29,21.3333333333333,0.660311523678442,0.0666666666666667
"45-50%",315,18,0.46875,30,27,0.76571358016921,0.266666666666667
"45-50%",315,18,0.46875,31,24,0.878937630668325,0.533333333333333
"45-50%",315,18,0.46875,32,32,1,2
"45-50%",319,19,0.46875,1,24.0666666666667,0.878937630668325,0.533333333333333
"45-50%",319,19,0.46875,2,25.0666666666667,0.76571358016921,0.266666666666667
"45-50%",319,19,0.46875,3,24.2666666666667,0.660382730636722,0.0666666666666667
"45-50%",319,19,0.46875,4,22.4666666666667,0.562692904586011,0.0666666666666667
"45-50%",319,19,0.46875,5,20,0.472839745969138,0
"45-50%",319,19,0.46875,6,21.8666666666667,0.390754868490222,0
"45-50%",319,19,0.46875,7,16.4666666666667,0.316824188575463,0
"45-50%",319,19,0.46875,8,21.8666666666667,0.250004863104677,0
"45-50%",319,19,0.46875,9,19.4,0.191798529358552,0
"45-50%",319,19,0.46875,10,18.6,0.14064305813361,0
"45-50%",319,19,0.46875,11,15.3333333333333,0.0976165781252503,0
"45-50%",319,19,0.46875,12,16.2,0.0624706411854946,0
"45-50%",319,19,0.46875,13,15.0666666666667,0.035088985555861,0
"45-50%",319,19,0.46875,14,16.4,0.0155874573405337,0
"45-50%",319,19,0.46875,15,16.2,0.00383188025722964,0
"45-50%",319,19,0.46875,16,16,-0.000121337953990052,0
"45-50%",319,19,0.46875,17,15.6666666666667,0.00374607358007881,0
"45-50%",319,19,0.46875,18,16.4,0.0155604085613815,0
"45-50%",319,19,0.46875,19,16.2,0.0350952505659735,0
"45-50%",319,19,0.46875,20,17.3333333333333,0.06250141493208,0
"45-50%",319,19,0.46875,21,17.3333333333333,0.0976484883868274,0
"45-50%",319,19,0.46875,22,17.8666666666667,0.140599805410812,0
"45-50%",319,19,0.46875,23,17.6666666666667,0.191412528635316,0
"45-50%",319,19,0.46875,24,20.3333333333333,0.25016489659727,0
"45-50%",319,19,0.46875,25,22.1333333333333,0.316496759367518,0
"45-50%",319,19,0.46875,26,18.4,0.390654530964418,0
"45-50%",319,19,0.46875,27,19.2,0.472657632941841,0
"45-50%",319,19,0.46875,28,21.4666666666667,0.562692904586011,0.0666666666666667
"45-50%",319,19,0.46875,29,21.4,0.660173021317764,0
"45-50%",319,19,0.46875,30,28,0.765759658420443,0.266666666666667
"45-50%",319,19,0.46875,31,24.1333333333333,0.878937630668325,0.466666666666667
"45-50%",319,19,0.46875,32,32,1,2
"45-50%",326,20,0.46875,1,20.1333333333333,0.878925293133801,0.2
"45-50%",326,20,0.46875,2,28.1333333333333,0.765667501917976,0.133333333333333
"45-50%",326,20,0.46875,3,20.4666666666667,0.660311523678442,0.133333333333333
"45-50%",326,20,0.46875,4,24.2666666666667,0.562537622540681,0.0666666666666667
"45-50%",326,20,0.46875,5,20,0.472703050039644,0
"45-50%",326,20,0.46875,6,21.1333333333333,0.390955543541829,0
"45-50%",326,20,0.46875,7,17.2,0.316423217221784,0
"45-50%",326,20,0.46875,8,19.5333333333333,0.250535649808101,0
"45-50%",326,20,0.46875,9,15.9333333333333,0.191393794258093,0
"45-50%",326,20,0.46875,10,16,0.1407722372675,0
"45-50%",326,20,0.46875,11,14.8666666666667,0.0976206935668444,0
"45-50%",326,20,0.46875,12,17.4,0.0624349208906691,0
"45-50%",326,20,0.46875,13,16.6,0.0351031045643339,0
"45-50%",326,20,0.46875,14,15.6,0.0155408671354915,0
"45-50%",326,20,0.46875,15,16.0666666666667,0.00375011132313164,0
"45-50%",326,20,0.46875,16,16,-8.87630010344309e-05,0
"45-50%",326,20,0.46875,17,15.8,0.00385449524041814,0
"45-50%",326,20,0.46875,18,16.6666666666667,0.0155377629404232,0
"45-50%",326,20,0.46875,19,16.2,0.0351392931469685,0
"45-50%",326,20,0.46875,20,15.7333333333333,0.0624552304011902,0
"45-50%",326,20,0.46875,21,15.9333333333333,0.0976803986484044,0
"45-50%",326,20,0.46875,22,18.5333333333333,0.140746986495927,0
"45-50%",326,20,0.46875,23,18.6666666666667,0.191482368533361,0
"45-50%",326,20,0.46875,24,18.2,0.250054130759433,0
"45-50%",326,20,0.46875,25,19.5333333333333,0.316619967582673,0
"45-50%",326,20,0.46875,26,17.6,0.390670062736772,0
"45-50%",326,20,0.46875,27,19.3333333333333,0.472704161629862,0
"45-50%",326,20,0.46875,28,23.6,0.562567154782522,0.0666666666666667
"45-50%",326,20,0.46875,29,23.5333333333333,0.660378819080842,0.2
"45-50%",326,20,0.46875,30,25.0666666666667,0.765667501917976,0.133333333333333
"45-50%",326,20,0.46875,31,22.0666666666667,0.878931461901063,0.333333333333333
"45-50%",326,20,0.46875,32,32,1,2
"50-55%",44,1,0.5,1,22.4666666666667,0.878912955599277,0.4
"50-55%",44,1,0.5,2,24.0666666666667,0.765674854506423,0.133333333333333
"50-55%",44,1,0.5,3,22.2666666666667,0.66024194783051,0.133333333333333
"50-55%",44,1,0.5,4,22.5333333333333,0.562545784750796,0
"50-55%",44,1,0.5,5,20.0666666666667,0.472887954392877,0
"50-55%",44,1,0.5,6,20.2,0.390758819222927,0
"50-55%",44,1,0.5,7,18.8,0.316485984200489,0.0666666666666667
"50-55%",44,1,0.5,8,19.6666666666667,0.250146870071588,0
"50-55%",44,1,0.5,9,18.8,0.191653638826694,0
"50-55%",44,1,0.5,10,19.5333333333333,0.140688105430221,0
"50-55%",44,1,0.5,11,14.8666666666667,0.0978579306078042,0
"50-55%",44,1,0.5,12,17.3333333333333,0.0626646950203287,0
"50-55%",44,1,0.5,13,17.4,0.0352100636195173,0
"50-55%",44,1,0.5,14,15.6,0.0156337978398843,0
"50-55%",44,1,0.5,15,15.9333333333333,0.00390989092698186,0
"50-55%",44,1,0.5,16,16,0,0
"50-55%",44,1,0.5,17,15.6666666666667,0.00391556595386515,0
"50-55%",44,1,0.5,18,16.1333333333333,0.0156341793794742,0
"50-55%",44,1,0.5,19,15.4,0.0351904501981099,0
"50-55%",44,1,0.5,20,17.3333333333333,0.0625515152406724,0
"50-55%",44,1,0.5,21,18.0666666666667,0.0976729045696212,0
"50-55%",44,1,0.5,22,16.5333333333333,0.140817784585066,0
"50-55%",44,1,0.5,23,16.5333333333333,0.191553472796163,0
"50-55%",44,1,0.5,24,18,0.250216206857773,0
"50-55%",44,1,0.5,25,20.1333333333333,0.316460210805573,0
"50-55%",44,1,0.5,26,22.6666666666667,0.390841766500524,0
"50-55%",44,1,0.5,27,20.8666666666667,0.473039050668788,0
"50-55%",44,1,0.5,28,21.6,0.562614663740826,0
"50-55%",44,1,0.5,29,24.2,0.660188173710252,0
"50-55%",44,1,0.5,30,26,0.765693549946331,0.333333333333333
"50-55%",44,1,0.5,31,20.4,0.878912955599277,0.333333333333333
"50-55%",44,1,0.5,32,32,1,2
"50-55%",82,2,0.53125,1,30.8666666666667,0.878943799435587,1.2
"50-55%",82,2,0.53125,2,29,0.76571358016921,1
"50-55%",82,2,0.53125,3,26.4666666666667,0.660171717465804,0.8
"50-55%",82,2,0.53125,4,23.4,0.562567154782522,0.6
"50-55%",82,2,0.53125,5,25.2666666666667,0.472748911773533,0.666666666666667
"50-55%",82,2,0.53125,6,21.2666666666667,0.390762634376399,0.466666666666667
"50-55%",82,2,0.53125,7,20.9333333333333,0.316523265584603,0.333333333333333
"50-55%",82,2,0.53125,8,18.5333333333333,0.250111552099739,0.4
"50-55%",82,2,0.53125,9,19.0666666666667,0.191507279422561,0.333333333333333
"50-55%",82,2,0.53125,10,18.8666666666667,0.140645474407059,0.4
"50-55%",82,2,0.53125,11,19.5333333333333,0.0976902226225574,0.6
"50-55%",82,2,0.53125,12,15.8666666666667,0.0624706411854946,0.133333333333333
"50-55%",82,2,0.53125,13,14.4666666666667,0.0350751770823295,0.2
"50-55%",82,2,0.53125,14,15.6666666666667,0.0155196440388303,0.266666666666667
"50-55%",82,2,0.53125,15,16.5333333333333,0.00376555619790148,0.133333333333333
"50-55%",82,2,0.53125,16,16,-0.000113194215751147,0
"50-55%",82,2,0.53125,17,15.9333333333333,0.00379902598384074,0.133333333333333
"50-55%",82,2,0.53125,18,15,0.0155182215145333,0.133333333333333
"50-55%",82,2,0.53125,19,17.2666666666667,0.0350852021744754,0.333333333333333
"50-55%",82,2,0.53125,20,15.4,0.0624947750923436,0.2
"50-55%",82,2,0.53125,21,18.2,0.0976555982252914,0.266666666666667
"50-55%",82,2,0.53125,22,15.4666666666667,0.14064305813361,0.266666666666667
"50-55%",82,2,0.53125,23,20.4666666666667,0.191396305831142,0.466666666666667
"50-55%",82,2,0.53125,24,18.8,0.250160819754496,0.0666666666666667
"50-55%",82,2,0.53125,25,21.8666666666667,0.316624449961813,0.6
"50-55%",82,2,0.53125,26,21.2,0.390955543541829,0.4
"50-55%",82,2,0.53125,27,21.7333333333333,0.473307021869906,0.333333333333333
"50-55%",82,2,0.53125,28,22.6666666666667,0.562552388661602,0.4
"50-55%",82,2,0.53125,29,27.2,0.660377515228882,0.933333333333333
"50-55%",82,2,0.53125,30,24.0666666666667,0.76564446279236,0.6
"50-55%",82,2,0.53125,31,30.8666666666667,0.878940715051956,1.33333333333333
"50-55%",82,2,0.53125,32,32,1,2
"50-55%",132,3,0.53125,1,21.0666666666667,0.878928377517432,0.266666666666667
"50-55%",132,3,0.53125,2,26.1333333333333,0.765690541043593,0.2
"50-55%",132,3,0.53125,3,20.5333333333333,0.660241620572123,0.0666666666666667
"50-55%",132,3,0.53125,4,25.2666666666667,0.562552388661602,0
"50-55%",132,3,0.53125,5,18.5333333333333,0.472703494675731,0
"50-55%",132,3,0.53125,6,18.5333333333333,0.390847440129848,0
"50-55%",132,3,0.53125,7,18.6,0.316646473799758,0
"50-55%",132,3,0.53125,8,21.6666666666667,0.250218241094802,0
"50-55%",132,3,0.53125,9,18.6,0.19161825301398,0
"50-55%",132,3,0.53125,10,16.6,0.140746986495927,0
"50-55%",132,3,0.53125,11,12.6666666666667,0.0977084737295685,0
"50-55%",132,3,0.53125,12,17.4,0.062469941713379,0
"50-55%",132,3,0.53125,13,15,0.0351066007101301,0
"50-55%",132,3,0.53125,14,16.1333333333333,0.0155724426340091,0
"50-55%",132,3,0.53125,15,16.2,0.00379624666719565,0
"50-55%",132,3,0.53125,16,16,-6.42266188239215e-05,0
"50-55%",132,3,0.53125,17,15.8,0.00379130354645582,0
"50-55%",132,3,0.53125,18,15.8666666666667,0.0155408671354915,0
"50-55%",132,3,0.53125,19,15.8,0.0350741392659081,0
"50-55%",132,3,0.53125,20,16.8,0.0624485905614538,0
"50-55%",132,3,0.53125,21,17.4,0.0976231274413523,0
"50-55%",132,3,0.53125,22,17.8666666666667,0.140769820994051,0
"50-55%",132,3,0.53125,23,18.9333333333333,0.191421216720343,0
"50-55%",132,3,0.53125,24,17.1333333333333,0.250054130759433,0
"50-55%",132,3,0.53125,25,18.9333333333333,0.316449723438869,0
"50-55%",132,3,0.53125,26,21.7333333333333,0.390747102604044,0
"50-55%",132,3,0.53125,27,22.5333333333333,0.472657188305754,0
"50-55%",132,3,0.53125,28,22.4666666666667,0.562552388661602,0
"50-55%",132,3,0.53125,29,20.5333333333333,0.660240316720163,0.0666666666666667
"50-55%",132,3,0.53125,30,27.1333333333333,0.765667501917976,0.133333333333333
"50-55%",132,3,0.53125,31,22,0.878931461901063,0.4
"50-55%",132,3,0.53125,32,32,1,2
"50-55%",142,4,0.53125,1,30.8666666666667,0.878931461901063,1.66666666666667
"50-55%",142,4,0.53125,2,25.2,0.765667501917976,1.13333333333333
"50-55%",142,4,0.53125,3,27.2666666666667,0.660239012868203,1.2
"50-55%",142,4,0.53125,4,25.2666666666667,0.562722436827852,1.06666666666667
"50-55%",142,4,0.53125,5,23.1333333333333,0.472839968287181,0.666666666666667
"50-55%",142,4,0.53125,6,23.8666666666667,0.390855206016025,0.533333333333333
"50-55%",142,4,0.53125,7,22.9333333333333,0.316499747620278,0.6
"50-55%",142,4,0.53125,8,21,0.250052092338046,0.333333333333333
"50-55%",142,4,0.53125,9,20.0666666666667,0.191598365270877,0.4
"50-55%",142,4,0.53125,10,19.0666666666667,0.140668308905183,0.333333333333333
"50-55%",142,4,0.53125,11,19.8,0.0976332316766863,0.4
"50-55%",142,4,0.53125,12,19.4666666666667,0.0624384358061932,0.2
"50-55%",142,4,0.53125,13,18.8,0.0351023943078572,0.2
"50-55%",142,4,0.53125,14,17.8666666666667,0.0155108377224425,0.2
"50-55%",142,4,0.53125,15,17.8,0.00378726580340299,0.133333333333333
"50-55%",142,4,0.53125,16,17.8,-0.000171210575036963,0.0666666666666667
"50-55%",142,4,0.53125,17,18.1333333333333,0.00377237325759941,0.266666666666667
"50-55%",142,4,0.53125,18,18.8,0.0154421956942182,0.266666666666667
"50-55%",142,4,0.53125,19,17.8666666666667,0.0350893523337754,0.266666666666667
"50-55%",142,4,0.53125,20,18.2666666666667,0.0624409090803133,0.133333333333333
"50-55%",142,4,0.53125,21,18.2666666666667,0.0976130232060183,0.2
"50-55%",142,4,0.53125,22,20.6666666666667,0.14060463795771,0.2
"50-55%",142,4,0.53125,23,20.2666666666667,0.191620764587029,0.266666666666667
"50-55%",142,4,0.53125,24,20.5333333333333,0.250000786261902,0.333333333333333
"50-55%",142,4,0.53125,25,22.4,0.316477723782333,0.6
"50-55%",142,4,0.53125,26,20.8,0.390670062736772,0.533333333333333
"50-55%",142,4,0.53125,27,24.4666666666667,0.472983438996092,1
"50-55%",142,4,0.53125,28,22,0.562722436827852,0.466666666666667
"50-55%",142,4,0.53125,29,28,0.660310219826482,1.26666666666667
"50-55%",142,4,0.53125,30,26,0.765667501917976,1
"50-55%",142,4,0.53125,31,30.8,0.878937630668325,1.6
"50-55%",142,4,0.53125,32,32,1,2
"50-55%",147,5,0.5,1,23.6,0.878912955599277,0.8
"50-55%",147,5,0.5,2,27.0666666666667,0.76566862269312,1
"50-55%",147,5,0.5,3,24.3333333333333,0.660161286650123,0.666666666666667
"50-55%",147,5,0.5,4,26.0666666666667,0.562610085265746,0.466666666666667
"50-55%",147,5,0.5,5,21.2666666666667,0.472868703894205,0.4
"50-55%",147,5,0.5,6,20.8,0.391055308982616,0.6
"50-55%",147,5,0.5,7,19.8666666666667,0.316434437410656,0.333333333333333
"50-55%",147,5,0.5,8,20.6666666666667,0.250220276613399,0.4
"50-55%",147,5,0.5,9,18.1333333333333,0.191553472796163,0.2
"50-55%",147,5,0.5,10,17.4,0.140849934842541,0.266666666666667
"50-55%",147,5,0.5,11,18.1333333333333,0.0976649498181037,0.2
"50-55%",147,5,0.5,12,16.7333333333333,0.0627381382384462,0.2
"50-55%",147,5,0.5,13,16.4666666666667,0.0351861546322905,0
"50-55%",147,5,0.5,14,17.6666666666667,0.0156624882499865,0.2
"50-55%",147,5,0.5,15,16.2666666666667,0.00391082146647414,0.133333333333333
"50-55%",147,5,0.5,16,16.2666666666667,0,0.333333333333333
"50-55%",147,5,0.5,17,16.2,0.00392149530484584,0.133333333333333
"50-55%",147,5,0.5,18,17.1333333333333,0.0156383857487475,0.266666666666667
"50-55%",147,5,0.5,19,16.9333333333333,0.0351679730661562,0.333333333333333
"50-55%",147,5,0.5,20,17.6,0.0625770113777862,0.266666666666667
"50-55%",147,5,0.5,21,17.7333333333333,0.0977353410472703,0.333333333333333
"50-55%",147,5,0.5,22,18.4,0.140668596445174,0.2
"50-55%",147,5,0.5,23,15.5333333333333,0.191576859765624,0.0666666666666667
"50-55%",147,5,0.5,24,19.8,0.250220276613399,0.466666666666667
"50-55%",147,5,0.5,25,17.8,0.317072581866744,0.266666666666667
"50-55%",147,5,0.5,26,19.4666666666667,0.390765178216093,0.2
"50-55%",147,5,0.5,27,21.8666666666667,0.472736858116967,0.333333333333333
"50-55%",147,5,0.5,28,23.2666666666667,0.562683542730855,0.4
"50-55%",147,5,0.5,29,21.5333333333333,0.660295721950768,0.333333333333333
"50-55%",147,5,0.5,30,23.9333333333333,0.765662390879817,0.666666666666667
"50-55%",147,5,0.5,31,21.5333333333333,0.878912955599277,0.533333333333333
"50-55%",147,5,0.5,32,32,1,2
"50-55%",153,6,0.5,1,24,0.878912955599277,0.866666666666667
"50-55%",153,6,0.5,2,28.0666666666667,0.76566862269312,1.53333333333333
"50-55%",153,6,0.5,3,22.3333333333333,0.660215060770381,0.933333333333333
"50-55%",153,6,0.5,4,23.8,0.562605506790666,1
"50-55%",153,6,0.5,5,24.4666666666667,0.472736858116967,1.13333333333333
"50-55%",153,6,0.5,6,22.3333333333333,0.39075246022976,0.866666666666667
"50-55%",153,6,0.5,7,21.8,0.316447324108114,0.866666666666667
"50-55%",153,6,0.5,8,22.2,0.250250889497856,1.06666666666667
"50-55%",153,6,0.5,9,20.5333333333333,0.191415505986996,0.533333333333333
"50-55%",153,6,0.5,10,19.8666666666667,0.14072939660999,0.8
"50-55%",153,6,0.5,11,19,0.0976961680569283,0.533333333333333
"50-55%",153,6,0.5,12,20.3333333333333,0.0626575505186676,0.6
"50-55%",153,6,0.5,13,19.5333333333333,0.0351720523557673,0.666666666666667
"50-55%",153,6,0.5,14,19.7333333333333,0.015659677297462,0.666666666666667
"50-55%",153,6,0.5,15,19,0.00390848310239853,0.333333333333333
"50-55%",153,6,0.5,16,19.4,0,0.6
"50-55%",153,6,0.5,17,19.0666666666667,0.00390816491233783,0.4
"50-55%",153,6,0.5,18,19.8666666666667,0.0156442528444466,0.666666666666667
"50-55%",153,6,0.5,19,20.0666666666667,0.0352155747644016,0.533333333333333
"50-55%",153,6,0.5,20,20.6666666666667,0.0625351913595371,0.866666666666667
"50-55%",153,6,0.5,21,20.3333333333333,0.0977353410472703,0.666666666666667
"50-55%",153,6,0.5,22,20.8666666666667,0.140668596445174,0.8
"50-55%",153,6,0.5,23,22.5333333333333,0.191569064109137,0.933333333333333
"50-55%",153,6,0.5,24,21.8666666666667,0.250204026084877,0.866666666666667
"50-55%",153,6,0.5,25,23.2,0.316485984200489,0.933333333333333
"50-55%",153,6,0.5,26,20.5333333333333,0.390857663983439,0.466666666666667
"50-55%",153,6,0.5,27,18.9333333333333,0.472756108615639,0.333333333333333
"50-55%",153,6,0.5,28,24,0.562752421720884,0.933333333333333
"50-55%",153,6,0.5,29,22.7333333333333,0.660403270191284,0.933333333333333
"50-55%",153,6,0.5,30,26.5333333333333,0.765649927253211,1.26666666666667
"50-55%",153,6,0.5,31,21.0666666666667,0.878912955599277,0.666666666666667
"50-55%",153,6,0.5,32,32,1,2
"50-55%",155,7,0.53125,1,23,0.878928377517432,0.4
"50-55%",155,7,0.53125,2,27.0666666666667,0.765690541043593,0.2
"50-55%",155,7,0.53125,3,26.1333333333333,0.660311523678442,0.133333333333333
"50-55%",155,7,0.53125,4,23.4,0.562537622540681,0
"50-55%",155,7,0.53125,5,18.5333333333333,0.472794773507423,0
"50-55%",155,7,0.53125,6,22.8,0.390739336717867,0
"50-55%",155,7,0.53125,7,20.4,0.316650956178898,0
"50-55%",155,7,0.53125,8,17.0666666666667,0.250105436835577,0
"50-55%",155,7,0.53125,9,16.5333333333333,0.191413682001196,0
"50-55%",155,7,0.53125,10,16.7333333333333,0.140625056182385,0
"50-55%",155,7,0.53125,11,16.2,0.0976872282256875,0
"50-55%",155,7,0.53125,12,17.4666666666667,0.0624762393838269,0
"50-55%",155,7,0.53125,13,16.7333333333333,0.0350810520151755,0
"50-55%",155,7,0.53125,14,16.1333333333333,0.015489750211084,0
"50-55%",155,7,0.53125,15,15.8,0.00377766942705997,0
"50-55%",155,7,0.53125,16,16,-0.000113194215751147,0
"50-55%",155,7,0.53125,17,16.6,0.00383465957387473,0
"50-55%",155,7,0.53125,18,14.5333333333333,0.0154617371201081,0
"50-55%",155,7,0.53125,19,16.2,0.0350911004066735,0
"50-55%",155,7,0.53125,20,17.8666666666667,0.0624429923631214,0
"50-55%",155,7,0.53125,21,13.7333333333333,0.0976544771805673,0
"50-55%",155,7,0.53125,22,18,0.140627472455834,0
"50-55%",155,7,0.53125,23,18.2666666666667,0.191767441957374,0
"50-55%",155,7,0.53125,24,20.9333333333333,0.249998747840515,0
"50-55%",155,7,0.53125,25,17.0666666666667,0.316426205474544,0
"50-55%",155,7,0.53125,26,19.3333333333333,0.390747102604044,0
"50-55%",155,7,0.53125,27,20.1333333333333,0.472703494675731,0
"50-55%",155,7,0.53125,28,25.3333333333333,0.562678138465091,0
"50-55%",155,7,0.53125,29,22.4666666666667,0.660242924424083,0
"50-55%",155,7,0.53125,30,27.1333333333333,0.765690541043593,0.0666666666666667
"50-55%",155,7,0.53125,31,24,0.878937630668325,0.466666666666667
"50-55%",155,7,0.53125,32,32,1,2
"50-55%",167,8,0.53125,1,30.8666666666667,0.878931461901063,1.66666666666667
"50-55%",167,8,0.53125,2,26.0666666666667,0.765736619294827,1.2
"50-55%",167,8,0.53125,3,28,0.660311523678442,1.13333333333333
"50-55%",167,8,0.53125,4,19.2666666666667,0.562751969069692,0.266666666666667
"50-55%",167,8,0.53125,5,23.7333333333333,0.472982549723918,0.866666666666667
"50-55%",167,8,0.53125,6,20.3333333333333,0.390747102604044,0.2
"50-55%",167,8,0.53125,7,20.5333333333333,0.316596449618349,0.466666666666667
"50-55%",167,8,0.53125,8,20.1333333333333,0.250160819754496,0.2
"50-55%",167,8,0.53125,9,19.2666666666667,0.191424881659271,0.266666666666667
"50-55%",167,8,0.53125,10,19.4666666666667,0.140751819042825,0.266666666666667
"50-55%",167,8,0.53125,11,19.4,0.0976130232060183,0.2
"50-55%",167,8,0.53125,12,19.0666666666667,0.0624440340045255,0.2
"50-55%",167,8,0.53125,13,18.7333333333333,0.0350562368760497,0.4
"50-55%",167,8,0.53125,14,17.6666666666667,0.0155182215145333,0.133333333333333
"50-55%",167,8,0.53125,15,17.7333333333333,0.0037844864867579,0.333333333333333
"50-55%",167,8,0.53125,16,17.7333333333333,-8.86578335406372e-05,0.333333333333333
"50-55%",167,8,0.53125,17,17.0666666666667,0.00384202896253892,0.2
"50-55%",167,8,0.53125,18,17.8666666666667,0.0155347823065264,0.133333333333333
"50-55%",167,8,0.53125,19,17.9333333333333,0.0350814187930899,0.0666666666666667
"50-55%",167,8,0.53125,20,17.8666666666667,0.0624709833547831,0.2
"50-55%",167,8,0.53125,21,18.3333333333333,0.0976198527833013,0.0666666666666667
"50-55%",167,8,0.53125,22,18.8,0.140617807362038,0
"50-55%",167,8,0.53125,23,21.0666666666667,0.191401328977241,0.533333333333333
"50-55%",167,8,0.53125,24,18.4666666666667,0.250103398414189,0.2
"50-55%",167,8,0.53125,25,20.9333333333333,0.316621461709053,0.6
"50-55%",167,8,0.53125,26,22.3333333333333,0.39073157083169,0.533333333333333
"50-55%",167,8,0.53125,27,20.0666666666667,0.472794773507423,0.6
"50-55%",167,8,0.53125,28,22.8666666666667,0.562751969069692,0.6
"50-55%",167,8,0.53125,29,25.8666666666667,0.660244228276043,1
"50-55%",167,8,0.53125,30,24,0.765736619294827,0.8
"50-55%",167,8,0.53125,31,30.9333333333333,0.878928377517432,1.93333333333333
"50-55%",167,8,0.53125,32,32,1,2
"50-55%",203,9,0.53125,1,31,0.878940715051956,1
"50-55%",203,9,0.53125,2,26.1333333333333,0.765667501917976,0.0666666666666667
"50-55%",203,9,0.53125,3,27.2,0.660173021317764,0
"50-55%",203,9,0.53125,4,23.5333333333333,0.562537622540681,0
"50-55%",203,9,0.53125,5,23.6666666666667,0.472749134091577,0
"50-55%",203,9,0.53125,6,22.6,0.390831908357494,0
"50-55%",203,9,0.53125,7,21.8666666666667,0.316521771458222,0
"50-55%",203,9,0.53125,8,18.6,0.250162858175883,0
"50-55%",203,9,0.53125,9,19.4666666666667,0.191393794258093,0
"50-55%",203,9,0.53125,10,16.6,0.14064305813361,0
"50-55%",203,9,0.53125,11,17,0.0976204133056633,0
"50-55%",203,9,0.53125,12,16.4666666666667,0.0624552304011902,0
"50-55%",203,9,0.53125,13,16.6666666666667,0.0350814187930899,0
"50-55%",203,9,0.53125,14,16.1333333333333,0.0155724426340091,0
"50-55%",203,9,0.53125,15,15.8,0.00379220892414282,0
"50-55%",203,9,0.53125,16,16,-0.000105050477512241,0
"50-55%",203,9,0.53125,17,16.0666666666667,0.00382693713648981,0
"50-55%",203,9,0.53125,18,16.4,0.0155333597822293,0
"50-55%",203,9,0.53125,19,17,0.0350838208794918,0
"50-55%",203,9,0.53125,20,16.2666666666667,0.062469941713379,0
"50-55%",203,9,0.53125,21,17.4,0.0976195725221203,0
"50-55%",203,9,0.53125,22,18.6,0.140663476358285,0
"50-55%",203,9,0.53125,23,18.1333333333333,0.19142990480537,0
"50-55%",203,9,0.53125,24,20.4,0.250316156553814,0
"50-55%",203,9,0.53125,25,20.2666666666667,0.316675968269603,0
"50-55%",203,9,0.53125,26,21.9333333333333,0.391272502887255,0.0666666666666667
"50-55%",203,9,0.53125,27,26.0666666666667,0.472704383947905,0
"50-55%",203,9,0.53125,28,23.3333333333333,0.562722436827852,0
"50-55%",203,9,0.53125,29,29,0.660374907524962,0
"50-55%",203,9,0.53125,30,26.0666666666667,0.765667501917976,0.133333333333333
"50-55%",203,9,0.53125,31,30.9333333333333,0.878937630668325,0.933333333333333
"50-55%",203,9,0.53125,32,32,1,2
"50-55%",205,10,0.53125,1,30.8,0.878931461901063,1.53333333333333
"50-55%",205,10,0.53125,2,27,0.765736619294827,1
"50-55%",205,10,0.53125,3,27.2,0.660378819080842,0.666666666666667
"50-55%",205,10,0.53125,4,23.4,0.562678138465091,0.6
"50-55%",205,10,0.53125,5,25.1333333333333,0.472794773507423,0.733333333333333
"50-55%",205,10,0.53125,6,23.4666666666667,0.39067782862295,0.266666666666667
"50-55%",205,10,0.53125,7,21.3333333333333,0.316675968269603,0.4
"50-55%",205,10,0.53125,8,18.8666666666667,0.250058207602208,0.333333333333333
"50-55%",205,10,0.53125,9,17.2,0.191391282685044,0.133333333333333
"50-55%",205,10,0.53125,10,19.0666666666667,0.140668308905183,0.333333333333333
"50-55%",205,10,0.53125,11,18.2666666666667,0.0976550377029294,0.2
"50-55%",205,10,0.53125,12,15.9333333333333,0.0625782235256362,0.0666666666666667
"50-55%",205,10,0.53125,13,17.2,0.0350675870202063,0.2
"50-55%",205,10,0.53125,14,16.5333333333333,0.0154956994547465,0.133333333333333
"50-55%",205,10,0.53125,15,15.8,0.00378817118108999,0.466666666666667
"50-55%",205,10,0.53125,16,16,-9.69067392733361e-05,0.2
"50-55%",205,10,0.53125,17,16.1333333333333,0.00374113045933898,0.133333333333333
"50-55%",205,10,0.53125,18,15.9333333333333,0.0155032068080087,0
"50-55%",205,10,0.53125,19,16.0666666666667,0.0351376013170433,0.4
"50-55%",205,10,0.53125,20,15.5333333333333,0.0624394774475973,0.0666666666666667
"50-55%",205,10,0.53125,21,17.7333333333333,0.0976869479645064,0.333333333333333
"50-55%",205,10,0.53125,22,18.9333333333333,0.140746986495927,0.333333333333333
"50-55%",205,10,0.53125,23,18.4666666666667,0.191501102910584,0.6
"50-55%",205,10,0.53125,24,18.9333333333333,0.250052092338046,0.333333333333333
"50-55%",205,10,0.53125,25,21.4,0.316396711004699,0.4
"50-55%",205,10,0.53125,26,21.1333333333333,0.390855206016025,0.333333333333333
"50-55%",205,10,0.53125,27,19.8666666666667,0.4727028277216,0.266666666666667
"50-55%",205,10,0.53125,28,22.5333333333333,0.562567154782522,0.466666666666667
"50-55%",205,10,0.53125,29,26.0666666666667,0.660241620572123,0.866666666666667
"50-55%",205,10,0.53125,30,24.9333333333333,0.76571358016921,0.533333333333333
"50-55%",205,10,0.53125,31,30.9333333333333,0.878925293133801,1.73333333333333
"50-55%",205,10,0.53125,32,32,1,2
"50-55%",220,11,0.5,1,24.0666666666667,0.878912955599277,1.06666666666667
"50-55%",220,11,0.5,2,24.6,0.765662390879817,1.06666666666667
"50-55%",220,11,0.5,3,21.7333333333333,0.660268834890639,0.666666666666667
"50-55%",220,11,0.5,4,24.3333333333333,0.562623820690985,1
"50-55%",220,11,0.5,5,21.7333333333333,0.472775359114311,0.733333333333333
"50-55%",220,11,0.5,6,22.6666666666667,0.390800292861725,0.733333333333333
"50-55%",220,11,0.5,7,22.2666666666667,0.316600017991739,0.533333333333333
"50-55%",220,11,0.5,8,22.4666666666667,0.250118292064944,0.933333333333333
"50-55%",220,11,0.5,9,20.4,0.191492285048067,0.666666666666667
"50-55%",220,11,0.5,10,21.0666666666667,0.140690394667761,0.533333333333333
"50-55%",220,11,0.5,11,19.5333333333333,0.0978267123689796,0.533333333333333
"50-55%",220,11,0.5,12,20.0666666666667,0.0625117229767407,0.733333333333333
"50-55%",220,11,0.5,13,19,0.0352147527422864,0.533333333333333
"50-55%",220,11,0.5,14,19.7333333333333,0.0156680870603608,0.733333333333333
"50-55%",220,11,0.5,15,19.4666666666667,0.00391322758978953,0.666666666666667
"50-55%",220,11,0.5,16,20.0666666666667,0,0.4
"50-55%",220,11,0.5,17,18.8666666666667,0.00390691618278485,0.533333333333333
"50-55%",220,11,0.5,18,19,0.0156363470444795,0.466666666666667
"50-55%",220,11,0.5,19,19.3333333333333,0.0351749160663136,0.533333333333333
"50-55%",220,11,0.5,20,20.0666666666667,0.0625703755955785,0.4
"50-55%",220,11,0.5,21,19.9333333333333,0.097834667120497,0.4
"50-55%",220,11,0.5,22,19.5333333333333,0.140690394667761,0.533333333333333
"50-55%",220,11,0.5,23,21.6,0.192222253342029,0.533333333333333
"50-55%",220,11,0.5,24,21.0666666666667,0.250283537260127,0.666666666666667
"50-55%",220,11,0.5,25,21.4666666666667,0.316587131294281,0.466666666666667
"50-55%",220,11,0.5,26,22.4666666666667,0.390959643718687,0.866666666666667
"50-55%",220,11,0.5,27,20.3333333333333,0.47290720489155,0.466666666666667
"50-55%",220,11,0.5,28,25.3333333333333,0.562678964255775,1.26666666666667
"50-55%",220,11,0.5,29,21.2666666666667,0.660322609010897,0.6
"50-55%",220,11,0.5,30,25.4666666666667,0.765681086319725,1.2
"50-55%",220,11,0.5,31,24,0.878912955599277,0.866666666666667
"50-55%",220,11,0.5,32,32,1,2
"50-55%",226,12,0.53125,1,30.9333333333333,0.878943799435587,1.33333333333333
"50-55%",226,12,0.53125,2,24.0666666666667,0.765667501917976,0.533333333333333
"50-55%",226,12,0.53125,3,25.1333333333333,0.660314131382363,0.666666666666667
"50-55%",226,12,0.53125,4,24.4,0.562848186631341,0.533333333333333
"50-55%",226,12,0.53125,5,26.1333333333333,0.472703050039644,0.533333333333333
"50-55%",226,12,0.53125,6,21.1333333333333,0.390662296850595,0.266666666666667
"50-55%",226,12,0.53125,7,17.4,0.316523265584603,0.333333333333333
"50-55%",226,12,0.53125,8,18.9333333333333,0.250056169180821,0.266666666666667
"50-55%",226,12,0.53125,9,20.4,0.191594700331949,0.2
"50-55%",226,12,0.53125,10,20.1333333333333,0.140640641860161,0.4
"50-55%",226,12,0.53125,11,17.9333333333333,0.0976836733064554,0.2
"50-55%",226,12,0.53125,12,15.5333333333333,0.062494075620228,0.133333333333333
"50-55%",226,12,0.53125,13,16.0666666666667,0.0350814187930899,0.2
"50-55%",226,12,0.53125,14,15.9333333333333,0.0155288330628638,0.2
"50-55%",226,12,0.53125,15,15.9333333333333,0.00366959086942235,0.266666666666667
"50-55%",226,12,0.53125,16,16.0666666666667,-0.000146674192826453,0.0666666666666667
"50-55%",226,12,0.53125,17,15.9333333333333,0.00383465957387473,0.2
"50-55%",226,12,0.53125,18,16.2,0.0155138183563393,0.333333333333333
"50-55%",226,12,0.53125,19,16.3333333333333,0.0351065444671572,0.333333333333333
"50-55%",226,12,0.53125,20,17.0666666666667,0.062436352523385,0.266666666666667
"50-55%",226,12,0.53125,21,17.6,0.0976544771805673,0.2
"50-55%",226,12,0.53125,22,18.4,0.140764988447152,0.133333333333333
"50-55%",226,12,0.53125,23,18.7333333333333,0.19142739323232,0.4
"50-55%",226,12,0.53125,24,18.5333333333333,0.250052092338046,0.266666666666667
"50-55%",226,12,0.53125,25,19.8666666666667,0.316524759710983,0.533333333333333
"50-55%",226,12,0.53125,26,20.8666666666667,0.390739336717867,0.333333333333333
"50-55%",226,12,0.53125,27,23.5333333333333,0.472703716993775,0.6
"50-55%",226,12,0.53125,28,23.5333333333333,0.562596687024362,0.333333333333333
"50-55%",226,12,0.53125,29,25.2666666666667,0.660308915974522,0.733333333333333
"50-55%",226,12,0.53125,30,25.0666666666667,0.76571358016921,0.8
"50-55%",226,12,0.53125,31,31,0.878934546284694,1.73333333333333
"50-55%",226,12,0.53125,32,32,1,2
"50-55%",228,13,0.5,1,22.6666666666667,0.878912955599277,0.8
"50-55%",228,13,0.5,2,25.8666666666667,0.765681086319725,1.13333333333333
"50-55%",228,13,0.5,3,21.4,0.660215060770381,0.6
"50-55%",228,13,0.5,4,22.6,0.562541206275717,0.533333333333333
"50-55%",228,13,0.5,5,22.1333333333333,0.472736858116967,0.2
"50-55%",228,13,0.5,6,21.2666666666667,0.390755639726343,0.333333333333333
"50-55%",228,13,0.5,7,21.4666666666667,0.316473097503031,0.333333333333333
"50-55%",228,13,0.5,8,18.2666666666667,0.250114222309317,0.266666666666667
"50-55%",228,13,0.5,9,21,0.191462279925919,0.2
"50-55%",228,13,0.5,10,19.3333333333333,0.140859075764835,0.2
"50-55%",228,13,0.5,11,18.5333333333333,0.0977432957987878,0.2
"50-55%",228,13,0.5,12,18.1333333333333,0.0625943455743324,0.266666666666667
"50-55%",228,13,0.5,13,17.8,0.0352574531288054,0.266666666666667
"50-55%",228,13,0.5,14,17.0666666666667,0.0156390216480641,0.133333333333333
"50-55%",228,13,0.5,15,17.1333333333333,0.00390691618278485,0.2
"50-55%",228,13,0.5,16,17.2,0,0.0666666666666667
"50-55%",228,13,0.5,17,17.6,0.00391098056150449,0.133333333333333
"50-55%",228,13,0.5,18,17.4,0.0156382585688841,0.266666666666667
"50-55%",228,13,0.5,19,17.8666666666667,0.0352317187293558,0.266666666666667
"50-55%",228,13,0.5,20,18.8,0.0625362087984437,0.266666666666667
"50-55%",228,13,0.5,21,18.1333333333333,0.0977081001842045,0.533333333333333
"50-55%",228,13,0.5,22,18.9333333333333,0.140689250048991,0.333333333333333
"50-55%",228,13,0.5,23,19.1333333333333,0.19156126845265,0.4
"50-55%",228,13,0.5,24,21.3333333333333,0.250310080388958,0.266666666666667
"50-55%",228,13,0.5,25,18.1333333333333,0.316636731598239,0.2
"50-55%",228,13,0.5,26,21,0.391252953981793,0.466666666666667
"50-55%",228,13,0.5,27,19.6666666666667,0.472964956387566,0.4
"50-55%",228,13,0.5,28,23.5333333333333,0.562610085265746,0.8
"50-55%",228,13,0.5,29,24.2666666666667,0.660215060770381,0.666666666666667
"50-55%",228,13,0.5,30,25,0.765681086319725,1
"50-55%",228,13,0.5,31,23.6666666666667,0.878912955599277,0.866666666666667
"50-55%",228,13,0.5,32,32,1,2
"50-55%",239,14,0.53125,1,31.0666666666667,0.878928377517432,1.93333333333333
"50-55%",239,14,0.53125,2,29,0.765736619294827,1.6
"50-55%",239,14,0.53125,3,25.8,0.660170413613844,1.4
"50-55%",239,14,0.53125,4,24,0.562522856419761,0.866666666666667
"50-55%",239,14,0.53125,5,25.7333333333333,0.472703716993775,1.53333333333333
"50-55%",239,14,0.53125,6,20.4666666666667,0.390831908357494,0.4
"50-55%",239,14,0.53125,7,24.0666666666667,0.316650956178898,1
"50-55%",239,14,0.53125,8,22.2,0.250000786261902,0.933333333333333
"50-55%",239,14,0.53125,9,21.5333333333333,0.191436081317347,1.06666666666667
"50-55%",239,14,0.53125,10,20.1333333333333,0.140594972863914,0.4
"50-55%",239,14,0.53125,11,19.7333333333333,0.0976135837283803,0.4
"50-55%",239,14,0.53125,12,19.4,0.062453147118382,0.533333333333333
"50-55%",239,14,0.53125,13,19.2666666666667,0.0350734852524044,0.466666666666667
"50-55%",239,14,0.53125,14,19.4666666666667,0.0155424132209601,0.6
"50-55%",239,14,0.53125,15,19.6,0.00376187150356939,0.866666666666667
"50-55%",239,14,0.53125,16,18.8,-7.23703570628267e-05,0.333333333333333
"50-55%",239,14,0.53125,17,18.9333333333333,0.00379220892414282,0.333333333333333
"50-55%",239,14,0.53125,18,19.6,0.0155378865015947,0.533333333333333
"50-55%",239,14,0.53125,19,19.1333333333333,0.0350869502473735,0.533333333333333
"50-55%",239,14,0.53125,20,18.8666666666667,0.0624465072786456,0.466666666666667
"50-55%",239,14,0.53125,21,20.6666666666667,0.0976482081256463,0.866666666666667
"50-55%",239,14,0.53125,22,21,0.140627472455834,0.666666666666667
"50-55%",239,14,0.53125,23,22.4,0.191436081317347,0.933333333333333
"50-55%",239,14,0.53125,24,21.2666666666667,0.250314118132427,0.6
"50-55%",239,14,0.53125,25,24.5333333333333,0.316527747963743,1
"50-55%",239,14,0.53125,26,23.8,0.390839674243671,1.13333333333333
"50-55%",239,14,0.53125,27,24.7333333333333,0.472658299895972,0.933333333333333
"50-55%",239,14,0.53125,28,25.2,0.562567154782522,1.26666666666667
"50-55%",239,14,0.53125,29,26.3333333333333,0.660173021317764,1.06666666666667
"50-55%",239,14,0.53125,30,24.4666666666667,0.765667501917976,1.06666666666667
"50-55%",239,14,0.53125,31,30.8666666666667,0.878931461901063,1.73333333333333
"50-55%",239,14,0.53125,32,32,1,2
"50-55%",242,15,0.5,1,23.6,0.878912955599277,0.933333333333333
"50-55%",242,15,0.5,2,23.9333333333333,0.765681086319725,0.866666666666667
"50-55%",242,15,0.5,3,24.2,0.660268834890639,0.6
"50-55%",242,15,0.5,4,24.4,0.562683542730855,0.466666666666667
"50-55%",242,15,0.5,5,22,0.472698357119622,0.333333333333333
"50-55%",242,15,0.5,6,21.6,0.390994802886168,0.466666666666667
"50-55%",242,15,0.5,7,20.2,0.316511757595406,0.266666666666667
"50-55%",242,15,0.5,8,19.4,0.250144835193775,0.266666666666667
"50-55%",242,15,0.5,9,18.9333333333333,0.191584655422111,0.2
"50-55%",242,15,0.5,10,19.2666666666667,0.140653665935206,0.466666666666667
"50-55%",242,15,0.5,11,17.8666666666667,0.097739318423029,0.266666666666667
"50-55%",242,15,0.5,12,18.4,0.0626264846171498,0.266666666666667
"50-55%",242,15,0.5,13,18.3333333333333,0.0351749160663136,0.0666666666666667
"50-55%",242,15,0.5,14,16.9333333333333,0.0156424667190313,0.2
"50-55%",242,15,0.5,15,16.8666666666667,0.00390941364189081,0.0666666666666667
"50-55%",242,15,0.5,16,17.2666666666667,0,0.4
"50-55%",242,15,0.5,17,17.1333333333333,0.00390755256290624,0.0666666666666667
"50-55%",242,15,0.5,18,17.8,0.0156300984091904,0.4
"50-55%",242,15,0.5,19,17.7333333333333,0.035166541210883,0.2
"50-55%",242,15,0.5,20,17.2,0.0625770113777862,0.133333333333333
"50-55%",242,15,0.5,21,18.8,0.0978147802417035,0.0666666666666667
"50-55%",242,15,0.5,22,19.2,0.140688105430221,0.333333333333333
"50-55%",242,15,0.5,23,19.6,0.191515672017528,0.4
"50-55%",242,15,0.5,24,20.0666666666667,0.250150939827214,0.2
"50-55%",242,15,0.5,25,20.2,0.316511757595406,0.266666666666667
"50-55%",242,15,0.5,26,21.2666666666667,0.390742921740011,0.4
"50-55%",242,15,0.5,27,19.6666666666667,0.472736858116967,0.4
"50-55%",242,15,0.5,28,25.3333333333333,0.562610085265746,0.733333333333333
"50-55%",242,15,0.5,29,25.2666666666667,0.660295721950768,0.733333333333333
"50-55%",242,15,0.5,30,30,0.765649927253211,1.33333333333333
"50-55%",242,15,0.5,31,24.6,0.878912955599277,0.933333333333333
"50-55%",242,15,0.5,32,32,1,2
"50-55%",243,16,0.53125,1,31.0666666666667,0.878937630668325,1.8
"50-55%",243,16,0.53125,2,21.6,0.76564446279236,0.6
"50-55%",243,16,0.53125,3,27.4666666666667,0.660376211376922,1.53333333333333
"50-55%",243,16,0.53125,4,22.8666666666667,0.562692904586011,0.733333333333333
"50-55%",243,16,0.53125,5,23.2666666666667,0.472794995825466,0.6
"50-55%",243,16,0.53125,6,20.7333333333333,0.390654530964418,0.533333333333333
"50-55%",243,16,0.53125,7,21.5333333333333,0.316850694792548,0.8
"50-55%",243,16,0.53125,8,21.9333333333333,0.250262812056283,0.933333333333333
"50-55%",243,16,0.53125,9,21.2666666666667,0.191523502226735,0.8
"50-55%",243,16,0.53125,10,20.8,0.140607054231159,1
"50-55%",243,16,0.53125,11,20,0.0976490489091894,0.8
"50-55%",243,16,0.53125,12,19.4,0.062453147118382,0.533333333333333
"50-55%",243,16,0.53125,13,20.3333333333333,0.0350934462501024,0.733333333333333
"50-55%",243,16,0.53125,14,19.5333333333333,0.0154822428578217,0.333333333333333
"50-55%",243,16,0.53125,15,18.6666666666667,0.00381886165038415,0.333333333333333
"50-55%",243,16,0.53125,16,18.8666666666667,-9.69067392733361e-05,0.733333333333333
"50-55%",243,16,0.53125,17,19.0666666666667,0.00377596034198173,0.6
"50-55%",243,16,0.53125,18,18.6,0.0155183450757047,0.2
"50-55%",243,16,0.53125,19,20,0.0350697018710188,0.6
"50-55%",243,16,0.53125,20,19.9333333333333,0.0624485905614538,0.333333333333333
"50-55%",243,16,0.53125,21,20.2666666666667,0.0978299478820735,0.533333333333333
"50-55%",243,16,0.53125,22,21.3333333333333,0.140615391088588,0.666666666666667
"50-55%",243,16,0.53125,23,21,0.191529678738712,0.666666666666667
"50-55%",243,16,0.53125,24,21.1333333333333,0.250105436835577,0.666666666666667
"50-55%",243,16,0.53125,25,23.3333333333333,0.316473241403193,1
"50-55%",243,16,0.53125,26,23.6,0.390739336717867,0.933333333333333
"50-55%",243,16,0.53125,27,23.8,0.472937354944159,0.933333333333333
"50-55%",243,16,0.53125,28,25,0.562692904586011,1.06666666666667
"50-55%",243,16,0.53125,29,26.6,0.660175629021684,1.4
"50-55%",243,16,0.53125,30,26.4,0.765690541043593,1.26666666666667
"50-55%",243,16,0.53125,31,30.9333333333333,0.878937630668325,1.8
"50-55%",243,16,0.53125,32,32,1,2
"50-55%",253,17,0.53125,1,31,0.878943799435587,1.6
"50-55%",253,17,0.53125,2,26.9333333333333,0.765690541043593,0.933333333333333
"50-55%",253,17,0.53125,3,27,0.660167805909924,1
"50-55%",253,17,0.53125,4,24.6666666666667,0.562707670706932,0.4
"50-55%",253,17,0.53125,5,22.6666666666667,0.47288516306694,0.6
"50-55%",253,17,0.53125,6,17.8666666666667,0.390739336717867,0.2
"50-55%",253,17,0.53125,7,21.5333333333333,0.316423217221784,0.533333333333333
"50-55%",253,17,0.53125,8,17.5333333333333,0.250058207602208,0.2
"50-55%",253,17,0.53125,9,22.3333333333333,0.191489903252508,0.6
"50-55%",253,17,0.53125,10,18.5333333333333,0.140742153949029,0.4
"50-55%",253,17,0.53125,11,17.8666666666667,0.0976553179641104,0.266666666666667
"50-55%",253,17,0.53125,12,18.0666666666667,0.0624475489200497,0.2
"50-55%",253,17,0.53125,13,17.2666666666667,0.0350445199539786,0.133333333333333
"50-55%",253,17,0.53125,14,17,0.0154392150603214,0.0666666666666667
"50-55%",253,17,0.53125,15,16,0.00384641975431249,0.266666666666667
"50-55%",253,17,0.53125,16,16.1333333333333,-0.000129586859722751,0.0666666666666667
"50-55%",253,17,0.53125,17,16.2,0.00381482390733132,0.2
"50-55%",253,17,0.53125,18,16.6666666666667,0.015525852428967,0.133333333333333
"50-55%",253,17,0.53125,19,17,0.0350834541015773,0.266666666666667
"50-55%",253,17,0.53125,20,17.2,0.0626030895930855,0.133333333333333
"50-55%",253,17,0.53125,21,18.0666666666667,0.0976484883868274,0.333333333333333
"50-55%",253,17,0.53125,22,21.4,0.140769820994051,0.4
"50-55%",253,17,0.53125,23,19.8666666666667,0.191408658855097,0.4
"50-55%",253,17,0.53125,24,19.8,0.250056169180821,0.466666666666667
"50-55%",253,17,0.53125,25,19.3333333333333,0.316571437527644,0.266666666666667
"50-55%",253,17,0.53125,26,21.8666666666667,0.390762634376399,0.4
"50-55%",253,17,0.53125,27,20.9333333333333,0.472748911773533,0.466666666666667
"50-55%",253,17,0.53125,28,25.2666666666667,0.562537622540681,0.466666666666667
"50-55%",253,17,0.53125,29,25.2666666666667,0.660311523678442,0.866666666666667
"50-55%",253,17,0.53125,30,28.0666666666667,0.765690541043593,1
"50-55%",253,17,0.53125,31,30.9333333333333,0.878928377517432,1.6
"50-55%",253,17,0.53125,32,32,1,2
"50-55%",255,18,0.5,1,21.4666666666667,0.878912955599277,0.666666666666667
"50-55%",255,18,0.5,2,24.9333333333333,0.76566862269312,0.933333333333333
"50-55%",255,18,0.5,3,20.6666666666667,0.660268834890639,0.333333333333333
"50-55%",255,18,0.5,4,24.6,0.562830457661073,1
"50-55%",255,18,0.5,5,18.6666666666667,0.47290720489155,0.2
"50-55%",255,18,0.5,6,22.7333333333333,0.39084812549369,0.466666666666667
"50-55%",255,18,0.5,7,21.9333333333333,0.316574244596822,0.466666666666667
"50-55%",255,18,0.5,8,21.1333333333333,0.250048926784776,0.666666666666667
"50-55%",255,18,0.5,9,20.8,0.191462279925919,0.533333333333333
"50-55%",255,18,0.5,10,20,0.140813206109987,0.266666666666667
"50-55%",255,18,0.5,11,18.8666666666667,0.0978386444962558,0.466666666666667
"50-55%",255,18,0.5,12,18.6666666666667,0.0625275381384227,0.4
"50-55%",255,18,0.5,13,18.7333333333333,0.0352092415974021,0.266666666666667
"50-55%",255,18,0.5,14,17.6666666666667,0.0156527945437303,0.2
"50-55%",255,18,0.5,15,18.1333333333333,0.00390957273692116,0
"50-55%",255,18,0.5,16,18.7333333333333,0,0.333333333333333
"50-55%",255,18,0.5,17,19.1333333333333,0.00391549819462538,0.333333333333333
"50-55%",255,18,0.5,18,18,0.0156362198646162,0.266666666666667
"50-55%",255,18,0.5,19,18,0.0351832909217442,0.2
"50-55%",255,18,0.5,20,19.1333333333333,0.0625963804521456,0.4
"50-55%",255,18,0.5,21,19.4,0.0977313636715116,0.133333333333333
"50-55%",255,18,0.5,22,20.6,0.140670885682714,0.266666666666667
"50-55%",255,18,0.5,23,19.6666666666667,0.191965040468872,0.333333333333333
"50-55%",255,18,0.5,24,21.0666666666667,0.250175448078232,0.533333333333333
"50-55%",255,18,0.5,25,21.6,0.31698432147041,0.4
"50-55%",255,18,0.5,26,22.7333333333333,0.390797113365142,0.866666666666667
"50-55%",255,18,0.5,27,20.2666666666667,0.472945705888894,0.333333333333333
"50-55%",255,18,0.5,28,23.6,0.562541206275717,0.666666666666667
"50-55%",255,18,0.5,29,24.4,0.66024194783051,0.933333333333333
"50-55%",255,18,0.5,30,24.9333333333333,0.765662390879817,1.2
"50-55%",255,18,0.5,31,21.4666666666667,0.878912955599277,0.733333333333333
"50-55%",255,18,0.5,32,32,1,2
"50-55%",270,19,0.53125,1,26,0.878943799435587,0.6
"50-55%",270,19,0.53125,2,30,0.765690541043593,0.2
"50-55%",270,19,0.53125,3,21.4666666666667,0.660174325169724,0
"50-55%",270,19,0.53125,4,22.6,0.562678138465091,0.0666666666666667
"50-55%",270,19,0.53125,5,21.8,0.472840190605225,0
"50-55%",270,19,0.53125,6,18.6,0.391187697133806,0.0666666666666667
"50-55%",270,19,0.53125,7,18.1333333333333,0.316395216878319,0
"50-55%",270,19,0.53125,8,21,0.250052092338046,0
"50-55%",270,19,0.53125,9,16.6,0.191506126056682,0
"50-55%",270,19,0.53125,10,18.2,0.140645474407059,0
"50-55%",270,19,0.53125,11,18.4666666666667,0.0976514827836973,0
"50-55%",270,19,0.53125,12,15.8666666666667,0.0624587453167143,0
"50-55%",270,19,0.53125,13,17,0.0350772686337899,0
"50-55%",270,19,0.53125,14,15.8666666666667,0.0155077335273742,0
"50-55%",270,19,0.53125,15,15.6666666666667,0.00379624666719565,0
"50-55%",270,19,0.53125,16,16,-9.68015717795424e-05,0
"50-55%",270,19,0.53125,17,15.9333333333333,0.00381850860166342,0
"50-55%",270,19,0.53125,18,16.1333333333333,0.0155799499872714,0
"50-55%",270,19,0.53125,19,15.8,0.0351010692558465,0
"50-55%",270,19,0.53125,20,15.3333333333333,0.0624577036753102,0
"50-55%",270,19,0.53125,21,17.5333333333333,0.0976836733064554,0
"50-55%",270,19,0.53125,22,16.6,0.140597389137363,0
"50-55%",270,19,0.53125,23,17.3333333333333,0.191784818127427,0
"50-55%",270,19,0.53125,24,21.0666666666667,0.249996709419127,0
"50-55%",270,19,0.53125,25,20.1333333333333,0.316568449274884,0
"50-55%",270,19,0.53125,26,21,0.390754868490222,0
"50-55%",270,19,0.53125,27,21.1333333333333,0.472748689455489,0
"50-55%",270,19,0.53125,28,23.4,0.562692904586011,0.0666666666666667
"50-55%",270,19,0.53125,29,22.4,0.660244228276043,0
"50-55%",270,19,0.53125,30,26.0666666666667,0.76571358016921,0.2
"50-55%",270,19,0.53125,31,26,0.878943799435587,0.6
"50-55%",270,19,0.53125,32,32,1,2
"50-55%",271,20,0.53125,1,21.0666666666667,0.878928377517432,0.2
"50-55%",271,20,0.53125,2,25,0.765690541043593,0.2
"50-55%",271,20,0.53125,3,20.4,0.660173021317764,0.0666666666666667
"50-55%",271,20,0.53125,4,23.3333333333333,0.562537622540681,0.0666666666666667
"50-55%",271,20,0.53125,5,16.6666666666667,0.473029078411938,0.0666666666666667
"50-55%",271,20,0.53125,6,22.8,0.390662296850595,0
"50-55%",271,20,0.53125,7,19.4,0.316445241059729,0
"50-55%",271,20,0.53125,8,19.4,0.250050053916658,0
"50-55%",271,20,0.53125,9,15.8666666666667,0.191416193574245,0
"50-55%",271,20,0.53125,10,16.4,0.140622639908936,0
"50-55%",271,20,0.53125,11,14.6666666666667,0.0976482081256463,0
"50-55%",271,20,0.53125,12,16.8666666666667,0.0624465072786456,0
"50-55%",271,20,0.53125,13,16.6,0.0350738520303188,0
"50-55%",271,20,0.53125,14,16.4,0.0155408671354915,0
"50-55%",271,20,0.53125,15,16.2,0.00367766635552801,0
"50-55%",271,20,0.53125,16,16,-0.000213528979483273,0
"50-55%",271,20,0.53125,17,15.8,0.00376994698967505,0
"50-55%",271,20,0.53125,18,16.4,0.0155604085613815,0
"50-55%",271,20,0.53125,19,17.4,0.0350562368760497,0
"50-55%",271,20,0.53125,20,14.6666666666667,0.0624475489200497,0
"50-55%",271,20,0.53125,21,16.0666666666667,0.0976225669189902,0
"50-55%",271,20,0.53125,22,17.2666666666667,0.140622639908936,0
"50-55%",271,20,0.53125,23,16,0.191520990653686,0
"50-55%",271,20,0.53125,24,16.4,0.250048015495271,0
"50-55%",271,20,0.53125,25,20.2666666666667,0.316621461709053,0
"50-55%",271,20,0.53125,26,22.7333333333333,0.390654530964418,0
"50-55%",271,20,0.53125,27,18.2666666666667,0.473074050873653,0
"50-55%",271,20,0.53125,28,20.6,0.562737202948772,0.0666666666666667
"50-55%",271,20,0.53125,29,19,0.660165198206004,0
"50-55%",271,20,0.53125,30,26,0.76571358016921,0.2
"50-55%",271,20,0.53125,31,25.1333333333333,0.878940715051956,0.466666666666667
"50-55%",271,20,0.53125,32,32,1,2
"55-60%",61,1,0.5625,1,30.9333333333333,0.878975331707463,0.933333333333333
"55-60%",61,1,0.5625,2,27.2666666666667,0.765697562856355,0.133333333333333
"55-60%",61,1,0.5625,3,24.4,0.660372522992235,0.133333333333333
"55-60%",61,1,0.5625,4,26.3333333333333,0.562488048603656,0
"55-60%",61,1,0.5625,5,27,0.472748766071464,0
"55-60%",61,1,0.5625,6,22.9333333333333,0.390536085268502,0
"55-60%",61,1,0.5625,7,22.7333333333333,0.31629080274669,0.0666666666666667
"55-60%",61,1,0.5625,8,19.0666666666667,0.249917548846536,0
"55-60%",61,1,0.5625,9,18.2,0.191184382750954,0
"55-60%",61,1,0.5625,10,18.6,0.140348730265752,0
"55-60%",61,1,0.5625,11,16.5333333333333,0.0973693355622,0
"55-60%",61,1,0.5625,12,17.0666666666667,0.0621927023850431,0
"55-60%",61,1,0.5625,13,17.8,0.0347021624509766,0
"55-60%",61,1,0.5625,14,15.6,0.0153565468124156,0
"55-60%",61,1,0.5625,15,16.4666666666667,0.00355428837344587,0
"55-60%",61,1,0.5625,16,16,-0.000457651772049916,0
"55-60%",61,1,0.5625,17,16.2,0.00339289217896601,0
"55-60%",61,1,0.5625,18,15.6,0.0150021622782006,0
"55-60%",61,1,0.5625,19,14.6,0.0347325308152934,0
"55-60%",61,1,0.5625,20,15.6666666666667,0.0621178567423365,0
"55-60%",61,1,0.5625,21,18.5333333333333,0.0973024008497363,0
"55-60%",61,1,0.5625,22,18.5333333333333,0.140239848902255,0
"55-60%",61,1,0.5625,23,18.9333333333333,0.191110459662685,0
"55-60%",61,1,0.5625,24,19.4666666666667,0.249814702175151,0
"55-60%",61,1,0.5625,25,18.8666666666667,0.316573715820155,0
"55-60%",61,1,0.5625,26,20.3333333333333,0.390540569960668,0.0666666666666667
"55-60%",61,1,0.5625,27,22.8,0.473077140961836,0
"55-60%",61,1,0.5625,28,24.6666666666667,0.562479821831229,0
"55-60%",61,1,0.5625,29,27.2,0.660253930356006,0.0666666666666667
"55-60%",61,1,0.5625,30,24.4666666666667,0.765672853980534,0.0666666666666667
"55-60%",61,1,0.5625,31,30.9333333333333,0.878972109636718,0.933333333333333
"55-60%",61,1,0.5625,32,32,1,2
"55-60%",70,2,0.59375,1,31,0.878992409065398,1.8
"55-60%",70,2,0.59375,2,30,0.765677798570682,1.66666666666667
"55-60%",70,2,0.59375,3,28.8666666666667,0.660473553478583,1.46666666666667
"55-60%",70,2,0.59375,4,25.2666666666667,0.562412328598931,0.933333333333333
"55-60%",70,2,0.59375,5,26.1333333333333,0.472293526814273,1.33333333333333
"55-60%",70,2,0.59375,6,24.4666666666667,0.390084700671018,0.6
"55-60%",70,2,0.59375,7,23,0.315786068725658,0.466666666666667
"55-60%",70,2,0.59375,8,22.8,0.249499237588339,0.733333333333333
"55-60%",70,2,0.59375,9,21.5333333333333,0.190843289352679,0.466666666666667
"55-60%",70,2,0.59375,10,19.5333333333333,0.140169997934874,0.2
"55-60%",70,2,0.59375,11,20.5333333333333,0.096340901185625,0.333333333333333
"55-60%",70,2,0.59375,12,20.2,0.0614448541140545,0.266666666666667
"55-60%",70,2,0.59375,13,19.2,0.0346025646023385,0.533333333333333
"55-60%",70,2,0.59375,14,18.8666666666667,0.0144132661995674,0.333333333333333
"55-60%",70,2,0.59375,15,18.4666666666667,0.00332197692501589,0.4
"55-60%",70,2,0.59375,16,18.6666666666667,-0.000430768778368116,0.266666666666667
"55-60%",70,2,0.59375,17,18,0.00314017753239858,0.133333333333333
"55-60%",70,2,0.59375,18,18.4666666666667,0.0149905981735171,0.2
"55-60%",70,2,0.59375,19,18.8,0.0343907520328751,0.266666666666667
"55-60%",70,2,0.59375,20,20.2,0.0613469408876106,0.466666666666667
"55-60%",70,2,0.59375,21,19.4,0.0968222052047828,0.266666666666667
"55-60%",70,2,0.59375,22,20.1333333333333,0.140020859751026,0.466666666666667
"55-60%",70,2,0.59375,23,22.2,0.190913467958313,0.866666666666667
"55-60%",70,2,0.59375,24,23.2,0.249328855083566,0.6
"55-60%",70,2,0.59375,25,24.4,0.31579850797526,1
"55-60%",70,2,0.59375,26,24.6,0.390099638909916,0.8
"55-60%",70,2,0.59375,27,26.6666666666667,0.472548824560238,1.33333333333333
"55-60%",70,2,0.59375,28,26.1333333333333,0.562437388693617,0.933333333333333
"55-60%",70,2,0.59375,29,28.9333333333333,0.660333388546633,1.6
"55-60%",70,2,0.59375,30,29.9333333333333,0.765918164706186,1.86666666666667
"55-60%",70,2,0.59375,31,31,0.878987361282229,1.6
"55-60%",70,2,0.59375,32,32,1,2
"55-60%",161,3,0.5625,1,31,0.878978553778207,1.86666666666667
"55-60%",161,3,0.5625,2,29.9333333333333,0.765677467972118,1.6
"55-60%",161,3,0.5625,3,24.9333333333333,0.660389588008389,1.2
"55-60%",161,3,0.5625,4,26.7333333333333,0.562696574292338,1.46666666666667
"55-60%",161,3,0.5625,5,25.3333333333333,0.473037163464207,1.2
"55-60%",161,3,0.5625,6,24.1333333333333,0.391239169586698,0.866666666666667
"55-60%",161,3,0.5625,7,22.9333333333333,0.316248419244925,0.8
"55-60%",161,3,0.5625,8,23.5333333333333,0.249917548846536,1.46666666666667
"55-60%",161,3,0.5625,9,21.2666666666667,0.191250800230131,0.533333333333333
"55-60%",161,3,0.5625,10,20.7333333333333,0.140334744081859,0.533333333333333
"55-60%",161,3,0.5625,11,18.8666666666667,0.0973596024901222,0.333333333333333
"55-60%",161,3,0.5625,12,19.6666666666667,0.0621356256608238,0.466666666666667
"55-60%",161,3,0.5625,13,20.0666666666667,0.0348324938994181,0.733333333333333
"55-60%",161,3,0.5625,14,19.6,0.0151249382069858,0.6
"55-60%",161,3,0.5625,15,19.4666666666667,0.00332768038724929,0.4
"55-60%",161,3,0.5625,16,19.2666666666667,-0.000571851078369923,0.4
"55-60%",161,3,0.5625,17,19.0666666666667,0.00358670794055129,0.533333333333333
"55-60%",161,3,0.5625,18,19.6666666666667,0.0150912202086818,0.4
"55-60%",161,3,0.5625,19,19.7333333333333,0.0344725586283955,0.466666666666667
"55-60%",161,3,0.5625,20,20.4,0.0620214722123853,0.8
"55-60%",161,3,0.5625,21,21.2666666666667,0.097216359417433,0.6
"55-60%",161,3,0.5625,22,20.8666666666667,0.140348730265752,0.666666666666667
"55-60%",161,3,0.5625,23,22.4,0.191160023809246,0.733333333333333
"55-60%",161,3,0.5625,24,22.4,0.249917548846536,0.933333333333333
"55-60%",161,3,0.5625,25,23.4666666666667,0.316514644587963,0.933333333333333
"55-60%",161,3,0.5625,26,22.5333333333333,0.390667104444024,0.933333333333333
"55-60%",161,3,0.5625,27,24,0.472616543853994,1
"55-60%",161,3,0.5625,28,28,0.562514924777835,1.46666666666667
"55-60%",161,3,0.5625,29,26.3333333333333,0.660485427289745,1.2
"55-60%",161,3,0.5625,30,30,0.765742366616413,1.66666666666667
"55-60%",161,3,0.5625,31,30.9333333333333,0.878978553778207,1.93333333333333
"55-60%",161,3,0.5625,32,32,1,2
"55-60%",170,4,0.59375,1,30.9333333333333,0.878999980740151,1.8
"55-60%",170,4,0.59375,2,29.9333333333333,0.765677798570682,1.86666666666667
"55-60%",170,4,0.59375,3,29,0.660044645130786,1.66666666666667
"55-60%",170,4,0.59375,4,26.9333333333333,0.562358401967376,1.26666666666667
"55-60%",170,4,0.59375,5,27.3333333333333,0.472581623209497,1.33333333333333
"55-60%",170,4,0.59375,6,24.8,0.390176825060002,0.666666666666667
"55-60%",170,4,0.59375,7,25.0666666666667,0.315832579209829,1.06666666666667
"55-60%",170,4,0.59375,8,22.1333333333333,0.249343549224752,0.733333333333333
"55-60%",170,4,0.59375,9,21.1333333333333,0.19115716935817,0.533333333333333
"55-60%",170,4,0.59375,10,22,0.139709664559925,0.866666666666667
"55-60%",170,4,0.59375,11,20,0.0962696782542078,0.6
"55-60%",170,4,0.59375,12,18.8666666666667,0.0621893477149065,0.333333333333333
"55-60%",170,4,0.59375,13,20.6666666666667,0.0331920313926897,0.666666666666667
"55-60%",170,4,0.59375,14,18.8,0.0150611592195975,0.4
"55-60%",170,4,0.59375,15,18.6666666666667,0.00258893595446882,0.333333333333333
"55-60%",170,4,0.59375,16,18.6666666666667,-0.00065173112621871,0.533333333333333
"55-60%",170,4,0.59375,17,19.5333333333333,0.00266333744486158,0.666666666666667
"55-60%",170,4,0.59375,18,19.2,0.014847335480472,0.666666666666667
"55-60%",170,4,0.59375,19,19.4,0.0344239345413536,0.733333333333333
"55-60%",170,4,0.59375,20,20.1333333333333,0.0610480573446783,0.8
"55-60%",170,4,0.59375,21,20,0.0966969314768325,0.533333333333333
"55-60%",170,4,0.59375,22,21.9333333333333,0.139791195286864,0.866666666666667
"55-60%",170,4,0.59375,23,22.0666666666667,0.190638338591202,0.933333333333333
"55-60%",170,4,0.59375,24,23.4666666666667,0.249083091821494,1.13333333333333
"55-60%",170,4,0.59375,25,24.7333333333333,0.315782259211783,1.33333333333333
"55-60%",170,4,0.59375,26,24.0666666666667,0.390118464911668,0.866666666666667
"55-60%",170,4,0.59375,27,26.8,0.472290179239842,1.4
"55-60%",170,4,0.59375,28,27.6,0.562787209246938,1.4
"55-60%",170,4,0.59375,29,29.0666666666667,0.660321085369417,1.6
"55-60%",170,4,0.59375,30,30.1333333333333,0.765617465593773,1.6
"55-60%",170,4,0.59375,31,30.9333333333333,0.878987361282229,1.8
"55-60%",170,4,0.59375,32,32,1,2
"55-60%",172,5,0.5625,1,31,0.878972109636718,1
"55-60%",172,5,0.5625,2,27.2,0.765642711654179,0.0666666666666667
"55-60%",172,5,0.5625,3,27.2,0.66012964938106,0
"55-60%",172,5,0.5625,4,24.4666666666667,0.56270827527454,0
"55-60%",172,5,0.5625,5,24.3333333333333,0.473077140961836,0
"55-60%",172,5,0.5625,6,20.2,0.390525227483081,0
"55-60%",172,5,0.5625,7,21.9333333333333,0.316209038423464,0
"55-60%",172,5,0.5625,8,19.8666666666667,0.249843191955197,0
"55-60%",172,5,0.5625,9,19.5333333333333,0.191221344295089,0
"55-60%",172,5,0.5625,10,18.7333333333333,0.140296013194805,0
"55-60%",172,5,0.5625,11,17.3333333333333,0.0973693355622,0
"55-60%",172,5,0.5625,12,15.8666666666667,0.0622575444455626,0
"55-60%",172,5,0.5625,13,16.2,0.0346209904688633,0
"55-60%",172,5,0.5625,14,15.4,0.0154358985603344,0
"55-60%",172,5,0.5625,15,16,0.00345702967212961,0
"55-60%",172,5,0.5625,16,16,-0.000623237394009375,0
"55-60%",172,5,0.5625,17,15.4,0.00342493908856554,0
"55-60%",172,5,0.5625,18,15.3333333333333,0.0152190304192675,0
"55-60%",172,5,0.5625,19,15.8,0.0346463922777615,0
"55-60%",172,5,0.5625,20,17.2,0.0618534469677958,0
"55-60%",172,5,0.5625,21,16.3333333333333,0.0972352271655482,0
"55-60%",172,5,0.5625,22,19.4,0.1404809822609,0
"55-60%",172,5,0.5625,23,19,0.191246549499941,0
"55-60%",172,5,0.5625,24,20.4666666666667,0.249914435513129,0
"55-60%",172,5,0.5625,25,21.8,0.316313495837725,0
"55-60%",172,5,0.5625,26,22.8666666666667,0.390553670092171,0
"55-60%",172,5,0.5625,27,23.4666666666667,0.472616198484673,0
"55-60%",172,5,0.5625,28,22.8,0.562531378322689,0
"55-60%",172,5,0.5625,29,24.3333333333333,0.660259618694725,0
"55-60%",172,5,0.5625,30,26.2,0.76576246150065,0.266666666666667
"55-60%",172,5,0.5625,31,31,0.878978553778207,1
"55-60%",172,5,0.5625,32,32,1,2
"55-60%",175,6,0.5625,1,30.8666666666667,0.878981775848951,1.8
"55-60%",175,6,0.5625,2,29.6,0.765737752624829,1.46666666666667
"55-60%",175,6,0.5625,3,25.6,0.660259618694725,1.2
"55-60%",175,6,0.5625,4,26.6,0.562526625760038,1.46666666666667
"55-60%",175,6,0.5625,5,26.6,0.472801724032316,1.4
"55-60%",175,6,0.5625,6,25.2,0.390792517754339,1.26666666666667
"55-60%",175,6,0.5625,7,22.1333333333333,0.316352876659186,0.733333333333333
"55-60%",175,6,0.5625,8,21.8,0.249768854171674,0.666666666666667
"55-60%",175,6,0.5625,9,19.4666666666667,0.191209164824235,0.4
"55-60%",175,6,0.5625,10,21,0.140247991068069,0.6
"55-60%",175,6,0.5625,11,21.3333333333333,0.0973212685978515,0.666666666666667
"55-60%",175,6,0.5625,12,20.9333333333333,0.061946867131794,0.666666666666667
"55-60%",175,6,0.5625,13,19.1333333333333,0.0346775389292294,0.333333333333333
"55-60%",175,6,0.5625,14,19.4,0.0152301489583559,0.666666666666667
"55-60%",175,6,0.5625,15,18.5333333333333,0.00358668610356901,0.466666666666667
"55-60%",175,6,0.5625,16,19.4,-0.000793094783179124,0.6
"55-60%",175,6,0.5625,17,18.4666666666667,0.00361877668713309,0.4
"55-60%",175,6,0.5625,18,20,0.0147511856543401,0.666666666666667
"55-60%",175,6,0.5625,19,19.2666666666667,0.0348882640726331,0.4
"55-60%",175,6,0.5625,20,20.5333333333333,0.0622182366398307,0.733333333333333
"55-60%",175,6,0.5625,21,20.2,0.0973693355622,0.466666666666667
"55-60%",175,6,0.5625,22,21.9333333333333,0.140202267089069,0.733333333333333
"55-60%",175,6,0.5625,23,21,0.191171780148528,0.733333333333333
"55-60%",175,6,0.5625,24,21.8666666666667,0.249884960933559,0.533333333333333
"55-60%",175,6,0.5625,25,23.4,0.316307490477117,0.8
"55-60%",175,6,0.5625,26,24.7333333333333,0.390525227483081,1.2
"55-60%",175,6,0.5625,27,23.4666666666667,0.472563240523821,1
"55-60%",175,6,0.5625,28,26.6666666666667,0.562463368286375,1.53333333333333
"55-60%",175,6,0.5625,29,27.9333333333333,0.660366834653517,1.33333333333333
"55-60%",175,6,0.5625,30,29.9333333333333,0.765946290532466,1.73333333333333
"55-60%",175,6,0.5625,31,31,0.878978553778207,1.93333333333333
"55-60%",175,6,0.5625,32,32,1,2
"55-60%",178,7,0.5625,1,31,0.878988219990439,0.933333333333333
"55-60%",178,7,0.5625,2,27.3333333333333,0.765777122934352,0.266666666666667
"55-60%",178,7,0.5625,3,27.1333333333333,0.660259618694725,0
"55-60%",178,7,0.5625,4,20.5333333333333,0.562494997023206,0
"55-60%",178,7,0.5625,5,23.6,0.472762091904007,0
"55-60%",178,7,0.5625,6,17.9333333333333,0.390566770223675,0
"55-60%",178,7,0.5625,7,23.6666666666667,0.316310493157421,0
"55-60%",178,7,0.5625,8,20.5333333333333,0.249786212395104,0
"55-60%",178,7,0.5625,9,21.1333333333333,0.191151671937009,0
"55-60%",178,7,0.5625,10,17.4,0.140177522385907,0
"55-60%",178,7,0.5625,11,15.9333333333333,0.0973693355622,0
"55-60%",178,7,0.5625,12,20,0.0618995534276465,0
"55-60%",178,7,0.5625,13,16.6,0.0347644557539124,0
"55-60%",178,7,0.5625,14,16.6666666666667,0.0150621460076887,0
"55-60%",178,7,0.5625,15,15.7333333333333,0.00342496092554781,0
"55-60%",178,7,0.5625,16,16,-0.00108598228155292,0
"55-60%",178,7,0.5625,17,15.9333333333333,0.00358670794055129,0
"55-60%",178,7,0.5625,18,15.3333333333333,0.0153080883497487,0
"55-60%",178,7,0.5625,19,16.4,0.0346832837717992,0
"55-60%",178,7,0.5625,20,16.2666666666667,0.0620057009776695,0
"55-60%",178,7,0.5625,21,17.1333333333333,0.0974362702746637,0
"55-60%",178,7,0.5625,22,19.0666666666667,0.140231388530722,0
"55-60%",178,7,0.5625,23,20.2666666666667,0.191258728970796,0
"55-60%",178,7,0.5625,24,18.8666666666667,0.249822898441012,0
"55-60%",178,7,0.5625,25,21.2,0.316537337678997,0
"55-60%",178,7,0.5625,26,22.8,0.390511006178536,0
"55-60%",178,7,0.5625,27,25.4,0.472828375697402,0
"55-60%",178,7,0.5625,28,22.8,0.562491522813431,0
"55-60%",178,7,0.5625,29,28.0666666666667,0.660135337719778,0
"55-60%",178,7,0.5625,30,25.4,0.765797217818589,0.133333333333333
"55-60%",178,7,0.5625,31,30.9333333333333,0.878984997919695,0.866666666666667
"55-60%",178,7,0.5625,32,32,1,2
"55-60%",212,8,0.5625,1,31.0666666666667,0.878991442061183,1.93333333333333
"55-60%",212,8,0.5625,2,30,0.765717657740592,1.8
"55-60%",212,8,0.5625,3,24.6666666666667,0.660270995372161,0.866666666666667
"55-60%",212,8,0.5625,4,26.7333333333333,0.562475069268577,1.66666666666667
"55-60%",212,8,0.5625,5,26.2,0.472629524317216,1.06666666666667
"55-60%",212,8,0.5625,6,25.1333333333333,0.390553670092171,1.33333333333333
"55-60%",212,8,0.5625,7,22.6666666666667,0.316268109655656,1
"55-60%",212,8,0.5625,8,23.8,0.249848274887651,1.06666666666667
"55-60%",212,8,0.5625,9,20.8,0.191221344295089,0.4
"55-60%",212,8,0.5625,10,20.2666666666667,0.14048235633241,0.4
"55-60%",212,8,0.5625,11,20.2666666666667,0.0972549322814281,0.666666666666667
"55-60%",212,8,0.5625,12,18.8666666666667,0.0621216115477643,0.533333333333333
"55-60%",212,8,0.5625,13,19.3333333333333,0.0348259707696972,0.533333333333333
"55-60%",212,8,0.5625,14,19.5333333333333,0.0153551344558895,0.733333333333333
"55-60%",212,8,0.5625,15,18.7333333333333,0.00358670794055129,0.4
"55-60%",212,8,0.5625,16,19.4666666666667,-0.000578669112379616,0.733333333333333
"55-60%",212,8,0.5625,17,19.1333333333333,0.00365119625423851,0.933333333333333
"55-60%",212,8,0.5625,18,19.5333333333333,0.0149860094573117,0.6
"55-60%",212,8,0.5625,19,19.7333333333333,0.0347702005964822,0.533333333333333
"55-60%",212,8,0.5625,20,20.6666666666667,0.061946867131794,0.733333333333333
"55-60%",212,8,0.5625,21,19.8,0.0973693355622,0.533333333333333
"55-60%",212,8,0.5625,22,21.6,0.140402371412924,0.8
"55-60%",212,8,0.5625,23,20.3333333333333,0.191147844338391,0.466666666666667
"55-60%",212,8,0.5625,24,21.2666666666667,0.249822898441012,0.8
"55-60%",212,8,0.5625,25,21.8666666666667,0.316254424605533,0.933333333333333
"55-60%",212,8,0.5625,26,25.8666666666667,0.39055254891913,1.4
"55-60%",212,8,0.5625,27,25.0666666666667,0.472722459775698,1.2
"55-60%",212,8,0.5625,28,27.4666666666667,0.562739904011371,1.46666666666667
"55-60%",212,8,0.5625,29,27.3333333333333,0.660248242017288,1.46666666666667
"55-60%",212,8,0.5625,30,30.0666666666667,0.765787170376471,1.86666666666667
"55-60%",212,8,0.5625,31,31,0.878981775848951,1.8
"55-60%",212,8,0.5625,32,32,1,2
"55-60%",213,9,0.59375,1,30.9333333333333,0.878989885173814,0.8
"55-60%",213,9,0.59375,2,30,0.765695995040969,0.533333333333333
"55-60%",213,9,0.59375,3,28.1333333333333,0.659982102037012,0.133333333333333
"55-60%",213,9,0.59375,4,28,0.56230798740191,0
"55-60%",213,9,0.59375,5,23.8666666666667,0.472531690388839,0
"55-60%",213,9,0.59375,6,22.9333333333333,0.390079871836625,0
"55-60%",213,9,0.59375,7,20.4,0.315941398949292,0
"55-60%",213,9,0.59375,8,19.8666666666667,0.24964023181074,0
"55-60%",213,9,0.59375,9,19.1333333333333,0.190743606499653,0
"55-60%",213,9,0.59375,10,18.6666666666667,0.139574449646109,0
"55-60%",213,9,0.59375,11,17.1333333333333,0.0964391495153087,0
"55-60%",213,9,0.59375,12,17.0666666666667,0.0614334504534624,0
"55-60%",213,9,0.59375,13,16.9333333333333,0.0339138892517533,0
"55-60%",213,9,0.59375,14,15.8666666666667,0.0143460795782354,0
"55-60%",213,9,0.59375,15,16.1333333333333,0.00273645630192867,0
"55-60%",213,9,0.59375,16,16,-0.00065173112621871,0
"55-60%",213,9,0.59375,17,16.2,0.00350599972435423,0
"55-60%",213,9,0.59375,18,15.4,0.0147746338335071,0
"55-60%",213,9,0.59375,19,17.4666666666667,0.0342525788313387,0
"55-60%",213,9,0.59375,20,16.6,0.0611459705711222,0
"55-60%",213,9,0.59375,21,16.9333333333333,0.0967961453596926,0
"55-60%",213,9,0.59375,22,19.5333333333333,0.139925297470763,0
"55-60%",213,9,0.59375,23,19.1333333333333,0.190660506438105,0
"55-60%",213,9,0.59375,24,19.6666666666667,0.249358243365937,0
"55-60%",213,9,0.59375,25,22.1333333333333,0.315782765707779,0
"55-60%",213,9,0.59375,26,24.5333333333333,0.390118464911668,0
"55-60%",213,9,0.59375,27,23,0.472430926662324,0
"55-60%",213,9,0.59375,28,26.2666666666667,0.562371294533341,0
"55-60%",213,9,0.59375,29,28.1333333333333,0.660063613500458,0.2
"55-60%",213,9,0.59375,30,29.8666666666667,0.765936361176472,0.6
"55-60%",213,9,0.59375,31,30.8666666666667,0.878989885173814,0.733333333333333
"55-60%",213,9,0.59375,32,32,1,2
"55-60%",225,10,0.5625,1,31,0.878984997919695,1.93333333333333
"55-60%",225,10,0.5625,2,30,0.765662806538416,1.6
"55-60%",225,10,0.5625,3,27.2666666666667,0.660152402735933,1.46666666666667
"55-60%",225,10,0.5625,4,25.5333333333333,0.562523151550262,1.2
"55-60%",225,10,0.5625,5,26.2666666666667,0.47264285014976,1.2
"55-60%",225,10,0.5625,6,24.2,0.390566770223675,1.2
"55-60%",225,10,0.5625,7,23.0666666666667,0.31653133231839,0.866666666666667
"55-60%",225,10,0.5625,8,22.1333333333333,0.249947023426106,0.866666666666667
"55-60%",225,10,0.5625,9,22,0.191036536574415,0.933333333333333
"55-60%",225,10,0.5625,10,20.9333333333333,0.140246523788482,0.666666666666667
"55-60%",225,10,0.5625,11,21.1333333333333,0.0973310016699293,0.8
"55-60%",225,10,0.5625,12,20.1333333333333,0.0621120890898077,0.733333333333333
"55-60%",225,10,0.5625,13,18.8,0.0347390539450143,0.333333333333333
"55-60%",225,10,0.5625,14,19.5333333333333,0.0150764797443189,0.333333333333333
"55-60%",225,10,0.5625,15,18.9333333333333,0.00348980005975865,0.466666666666667
"55-60%",225,10,0.5625,16,19.7333333333333,-0.00101392458624321,0.533333333333333
"55-60%",225,10,0.5625,17,18.5333333333333,0.00358670794055129,0.533333333333333
"55-60%",225,10,0.5625,18,19.1333333333333,0.0153095007062747,0.8
"55-60%",225,10,0.5625,19,19.1333333333333,0.0349440342458482,0.4
"55-60%",225,10,0.5625,20,19.7333333333333,0.0622515362309186,0.666666666666667
"55-60%",225,10,0.5625,21,21.6,0.0971589780648891,0.866666666666667
"55-60%",225,10,0.5625,22,20.8666666666667,0.140459078908835,0.866666666666667
"55-60%",225,10,0.5625,23,22.5333333333333,0.191421159617512,0.933333333333333
"55-60%",225,10,0.5625,24,22.4,0.249800457285128,1
"55-60%",225,10,0.5625,25,20.8666666666667,0.316327180887847,0.6
"55-60%",225,10,0.5625,26,24.5333333333333,0.390677962229445,1.06666666666667
"55-60%",225,10,0.5625,27,25.7333333333333,0.47264285014976,1.2
"55-60%",225,10,0.5625,28,28,0.562471595058802,1.26666666666667
"55-60%",225,10,0.5625,29,25.6,0.660270995372161,1.2
"55-60%",225,10,0.5625,30,29.8,0.765597907894121,1.66666666666667
"55-60%",225,10,0.5625,31,31.0666666666667,0.878975331707463,1.93333333333333
"55-60%",225,10,0.5625,32,32,1,2
"55-60%",231,11,0.59375,1,31.1333333333333,0.878994932956982,2
"55-60%",231,11,0.59375,2,30,0.765798464524501,1.93333333333333
"55-60%",231,11,0.59375,3,28.8,0.659984046849647,1.33333333333333
"55-60%",231,11,0.59375,4,28.0666666666667,0.562238811836694,1.66666666666667
"55-60%",231,11,0.59375,5,26.4,0.472957835585538,1.33333333333333
"55-60%",231,11,0.59375,6,24.0666666666667,0.39054499435691,0.866666666666667
"55-60%",231,11,0.59375,7,22.7333333333333,0.315736255223608,0.933333333333333
"55-60%",231,11,0.59375,8,23,0.249562387628947,0.733333333333333
"55-60%",231,11,0.59375,9,21.5333333333333,0.190403543717423,0.466666666666667
"55-60%",231,11,0.59375,10,21.9333333333333,0.139980094387557,0.933333333333333
"55-60%",231,11,0.59375,11,20.6,0.0969292809902026,0.533333333333333
"55-60%",231,11,0.59375,12,20.5333333333333,0.0619883773984182,0.866666666666667
"55-60%",231,11,0.59375,13,19.3333333333333,0.0337465919476216,0.266666666666667
"55-60%",231,11,0.59375,14,19,0.0141994424604418,0.266666666666667
"55-60%",231,11,0.59375,15,19,0.0029205930545771,0.466666666666667
"55-60%",231,11,0.59375,16,18.8,-0.00072506954694067,0.933333333333333
"55-60%",231,11,0.59375,17,18.8,0.00321212770945011,0.6
"55-60%",231,11,0.59375,18,19.7333333333333,0.0142006762843057,0.466666666666667
"55-60%",231,11,0.59375,19,19.5333333333333,0.0344239345413536,0.266666666666667
"55-60%",231,11,0.59375,20,19.2,0.0619883773984182,0.6
"55-60%",231,11,0.59375,21,21.4666666666667,0.0964391495153087,1
"55-60%",231,11,0.59375,22,20.7333333333333,0.13945739271726,0.533333333333333
"55-60%",231,11,0.59375,23,21.2666666666667,0.190677089229583,0.8
"55-60%",231,11,0.59375,24,21.4666666666667,0.249703381851348,0.733333333333333
"55-60%",231,11,0.59375,25,24.2666666666667,0.315854211194795,1.13333333333333
"55-60%",231,11,0.59375,26,21.4,0.390310489215341,0.533333333333333
"55-60%",231,11,0.59375,27,26.2666666666667,0.472397638115219,1.2
"55-60%",231,11,0.59375,28,24.9333333333333,0.562472123664272,0.933333333333333
"55-60%",231,11,0.59375,29,28.6666666666667,0.660180920437467,1.26666666666667
"55-60%",231,11,0.59375,30,30,0.765587781991385,1.66666666666667
"55-60%",231,11,0.59375,31,31,0.878992409065398,1.73333333333333
"55-60%",231,11,0.59375,32,32,1,2
"55-60%",245,12,0.59375,1,31,0.878987361282229,1.46666666666667
"55-60%",245,12,0.59375,2,30,0.765809951656602,1.33333333333333
"55-60%",245,12,0.59375,3,29,0.660170562072887,0.866666666666667
"55-60%",245,12,0.59375,4,23.8666666666667,0.562320879967875,0.666666666666667
"55-60%",245,12,0.59375,5,26.1333333333333,0.472378626062928,0.666666666666667
"55-60%",245,12,0.59375,6,23.7333333333333,0.390310489215341,0.4
"55-60%",245,12,0.59375,7,23.6666666666667,0.315941398949292,0.733333333333333
"55-60%",245,12,0.59375,8,21.2666666666667,0.249692400918419,0.6
"55-60%",245,12,0.59375,9,21.0666666666667,0.190520149226838,0.4
"55-60%",245,12,0.59375,10,18.2,0.140020859751026,0.2
"55-60%",245,12,0.59375,11,17.9333333333333,0.0967332671074233,0.0666666666666667
"55-60%",245,12,0.59375,12,16.0666666666667,0.0619061824121326,0.0666666666666667
"55-60%",245,12,0.59375,13,17.4666666666667,0.0344602964294802,0.333333333333333
"55-60%",245,12,0.59375,14,16.4,0.0142028168851902,0.2
"55-60%",245,12,0.59375,15,16.3333333333333,0.00247920069221314,0.133333333333333
"55-60%",245,12,0.59375,16,16,-0.00146849811868497,0.0666666666666667
"55-60%",245,12,0.59375,17,15.8,0.00346938331916563,0.266666666666667
"55-60%",245,12,0.59375,18,16.4666666666667,0.0143405645526025,0.0666666666666667
"55-60%",245,12,0.59375,19,16.6666666666667,0.0340739487703537,0.2
"55-60%",245,12,0.59375,20,18,0.0617874070819298,0.2
"55-60%",245,12,0.59375,21,20.5333333333333,0.0969292809902026,0.266666666666667
"55-60%",245,12,0.59375,22,17.9333333333333,0.140061625114496,0.333333333333333
"55-60%",245,12,0.59375,23,21.6666666666667,0.190230020923199,0.466666666666667
"55-60%",245,12,0.59375,24,20.7333333333333,0.248920566557547,0.333333333333333
"55-60%",245,12,0.59375,25,25,0.315974963687865,0.4
"55-60%",245,12,0.59375,26,25.2,0.390142119747812,0.533333333333333
"55-60%",245,12,0.59375,27,27,0.472600635261788,0.933333333333333
"55-60%",245,12,0.59375,28,27.9333333333333,0.562179016771353,0.733333333333333
"55-60%",245,12,0.59375,29,29,0.660040755505516,0.933333333333333
"55-60%",245,12,0.59375,30,29.9333333333333,0.765725678643356,1.06666666666667
"55-60%",245,12,0.59375,31,30.9333333333333,0.878987361282229,1.4
"55-60%",245,12,0.59375,32,32,1,2
"55-60%",252,13,0.5625,1,30.9333333333333,0.878981775848951,0.866666666666667
"55-60%",252,13,0.5625,2,27.3333333333333,0.765687515414237,0
"55-60%",252,13,0.5625,3,27.1333333333333,0.660491115628463,0.2
"55-60%",252,13,0.5625,4,26.2666666666667,0.562488048603656,0
"55-60%",252,13,0.5625,5,23.6666666666667,0.473103447257602,0
"55-60%",252,13,0.5625,6,22,0.390679083402486,0
"55-60%",252,13,0.5625,7,20.3333333333333,0.31672647570802,0
"55-60%",252,13,0.5625,8,19.0666666666667,0.249837143331035,0
"55-60%",252,13,0.5625,9,18.8,0.1911722032801,0
"55-60%",252,13,0.5625,10,18.6,0.140192975849386,0
"55-60%",252,13,0.5625,11,14.9333333333333,0.0972449602376259,0
"55-60%",252,13,0.5625,12,14.8666666666667,0.0621118485276925,0
"55-60%",252,13,0.5625,13,15.8,0.0347333091024445,0
"55-60%",252,13,0.5625,14,16.1333333333333,0.0151235258504597,0
"55-60%",252,13,0.5625,15,16.2,0.00355428837344587,0
"55-60%",252,13,0.5625,16,16,-0.00034345246572991,0
"55-60%",252,13,0.5625,17,16.2,0.00358670794055129,0
"55-60%",252,13,0.5625,18,15.3333333333333,0.0153551344558895,0
"55-60%",252,13,0.5625,19,15.8,0.0348202259271275,0
"55-60%",252,13,0.5625,20,17.0666666666667,0.0622357649962028,0
"55-60%",252,13,0.5625,21,18,0.0972831144177387,0
"55-60%",252,13,0.5625,22,18.0666666666667,0.140247991068069,0
"55-60%",252,13,0.5625,23,18.0666666666667,0.191221344295089,0
"55-60%",252,13,0.5625,24,18,0.249843191955197,0
"55-60%",252,13,0.5625,25,22.6666666666667,0.316293805426994,0
"55-60%",252,13,0.5625,26,18,0.390565649050633,0
"55-60%",252,13,0.5625,27,24.4,0.472629524317216,0
"55-60%",252,13,0.5625,28,22,0.5624598940766,0
"55-60%",252,13,0.5625,29,28.0666666666667,0.660259618694725,0.0666666666666667
"55-60%",252,13,0.5625,30,25.4,0.765797217818589,0.2
"55-60%",252,13,0.5625,31,31,0.878981775848951,1
"55-60%",252,13,0.5625,32,32,1,2
"55-60%",256,14,0.5625,1,31.0666666666667,0.878988219990439,1.93333333333333
"55-60%",256,14,0.5625,2,29.8666666666667,0.765672853980534,1.73333333333333
"55-60%",256,14,0.5625,3,27.3333333333333,0.660259618694725,1.46666666666667
"55-60%",256,14,0.5625,4,27.2,0.562534852532464,1.6
"55-60%",256,14,0.5625,5,24.4,0.472629524317216,1.26666666666667
"55-60%",256,14,0.5625,6,25.1333333333333,0.39065400431252,1.26666666666667
"55-60%",256,14,0.5625,7,22.9333333333333,0.316296808107298,0.6
"55-60%",256,14,0.5625,8,24.2666666666667,0.250177859993352,1.06666666666667
"55-60%",256,14,0.5625,9,22,0.191238197627705,0.933333333333333
"55-60%",256,14,0.5625,10,20.8,0.140224395438775,0.8
"55-60%",256,14,0.5625,11,20.6,0.0971873991729241,0.666666666666667
"55-60%",256,14,0.5625,12,19.8,0.0621296174461798,0.4
"55-60%",256,14,0.5625,13,19.7333333333333,0.0346463922777615,0.466666666666667
"55-60%",256,14,0.5625,14,20.1333333333333,0.0149300701720497,0.666666666666667
"55-60%",256,14,0.5625,15,19.2,0.00329563347764976,0.333333333333333
"55-60%",256,14,0.5625,16,18.9333333333333,-0.000457651772049916,0.266666666666667
"55-60%",256,14,0.5625,17,18.2666666666667,0.00358670794055129,0.266666666666667
"55-60%",256,14,0.5625,18,18.8,0.0152933478853858,0.8
"55-60%",256,14,0.5625,19,20.8666666666667,0.0343176036582069,0.733333333333333
"55-60%",256,14,0.5625,20,20.4,0.0621513968955396,0.866666666666667
"55-60%",256,14,0.5625,21,19.8666666666667,0.0973882033103152,0.666666666666667
"55-60%",256,14,0.5625,22,20.6666666666667,0.140427341113728,0.666666666666667
"55-60%",256,14,0.5625,23,20.4,0.191196562221808,0.8
"55-60%",256,14,0.5625,24,23.7333333333333,0.249829931864697,1.13333333333333
"55-60%",256,14,0.5625,25,22.9333333333333,0.316333186248455,0.733333333333333
"55-60%",256,14,0.5625,26,23.9333333333333,0.390566770223675,1.13333333333333
"55-60%",256,14,0.5625,27,22.9333333333333,0.472762091904007,1
"55-60%",256,14,0.5625,28,25,0.562523151550262,1
"55-60%",256,14,0.5625,29,28.2666666666667,0.660265307033443,1.66666666666667
"55-60%",256,14,0.5625,30,30.4,0.765767075492234,1.93333333333333
"55-60%",256,14,0.5625,31,31,0.878978553778207,2
"55-60%",256,14,0.5625,32,32,1,2
"55-60%",258,15,0.59375,1,31,0.878992409065398,1.8
"55-60%",258,15,0.59375,2,29.7333333333333,0.765762071583929,1.53333333333333
"55-60%",258,15,0.59375,3,29.0666666666667,0.660381683650557,1.53333333333333
"55-60%",258,15,0.59375,4,26.2666666666667,0.562380675033216,1.53333333333333
"55-60%",258,15,0.59375,5,26.3333333333333,0.472410934814341,1.26666666666667
"55-60%",258,15,0.59375,6,23.7333333333333,0.390295550976443,1.2
"55-60%",258,15,0.59375,7,22.8666666666667,0.316329394601063,0.866666666666667
"55-60%",258,15,0.59375,8,22.8666666666667,0.249231943284721,1.06666666666667
"55-60%",258,15,0.59375,9,22.8666666666667,0.190669766558455,0.933333333333333
"55-60%",258,15,0.59375,10,21.2,0.139301794358642,0.6
"55-60%",258,15,0.59375,11,19.6666666666667,0.0972598788332566,0.533333333333333
"55-60%",258,15,0.59375,12,19.6666666666667,0.0616458244305429,0.6
"55-60%",258,15,0.59375,13,19.8,0.0340197955364851,0.666666666666667
"55-60%",258,15,0.59375,14,19.6666666666667,0.0141279746373409,0.333333333333333
"55-60%",258,15,0.59375,15,18.9333333333333,0.00280957515899576,0.266666666666667
"55-60%",258,15,0.59375,16,18.8666666666667,-0.00124033266336382,0.333333333333333
"55-60%",258,15,0.59375,17,20,0.0014773286063556,0.333333333333333
"55-60%",258,15,0.59375,18,20.1333333333333,0.0139847119442957,0.6
"55-60%",258,15,0.59375,19,19.4,0.0343180282566218,0.6
"55-60%",258,15,0.59375,20,19.6666666666667,0.0615593148646911,0.533333333333333
"55-60%",258,15,0.59375,21,21,0.0963319291095404,0.8
"55-60%",258,15,0.59375,22,21.7333333333333,0.139194534268182,1.06666666666667
"55-60%",258,15,0.59375,23,21.1333333333333,0.190795278593948,0.533333333333333
"55-60%",258,15,0.59375,24,22.5333333333333,0.249688687710163,0.866666666666667
"55-60%",258,15,0.59375,25,23.8,0.316099315872534,1.2
"55-60%",258,15,0.59375,26,24.8,0.390386734293886,1.26666666666667
"55-60%",258,15,0.59375,27,27.2,0.472597287687357,1.6
"55-60%",258,15,0.59375,28,27.1333333333333,0.562320879967875,1.53333333333333
"55-60%",258,15,0.59375,29,29.0666666666667,0.660040755505516,1.66666666666667
"55-60%",258,15,0.59375,30,30.2666666666667,0.765683542136733,1.73333333333333
"55-60%",258,15,0.59375,31,31.0666666666667,0.878989885173814,2
"55-60%",258,15,0.59375,32,32,1,2
"55-60%",267,16,0.5625,1,30.8,0.878968887565974,0.8
"55-60%",267,16,0.5625,2,27.2,0.765797217818589,0.266666666666667
"55-60%",267,16,0.5625,3,28.1333333333333,0.660146714397215,0
"55-60%",267,16,0.5625,4,23.6666666666667,0.562571233831947,0
"55-60%",267,16,0.5625,5,21,0.472656175982303,0
"55-60%",267,16,0.5625,6,21.2666666666667,0.390550306573047,0
"55-60%",267,16,0.5625,7,20.6666666666667,0.316313495837725,0
"55-60%",267,16,0.5625,8,20.4666666666667,0.249865633111081,0
"55-60%",267,16,0.5625,9,16.8,0.191246126368369,0
"55-60%",267,16,0.5625,10,18.5333333333333,0.140178989665494,0
"55-60%",267,16,0.5625,11,16.6666666666667,0.0973596024901222,0
"55-60%",267,16,0.5625,12,14.8666666666667,0.0621118485276925,0
"55-60%",267,16,0.5625,13,17.0666666666667,0.0346398691480407,0
"55-60%",267,16,0.5625,14,16.5333333333333,0.0152014652418525,0
"55-60%",267,16,0.5625,15,16.3333333333333,0.00345738049265323,0
"55-60%",267,16,0.5625,16,16,-0.000589344429959668,0
"55-60%",267,16,0.5625,17,16.2,0.00355428837344587,0
"55-60%",267,16,0.5625,18,16.1333333333333,0.0152933478853858,0
"55-60%",267,16,0.5625,19,16.2,0.0347636774667614,0
"55-60%",267,16,0.5625,20,18.4666666666667,0.0619881726212974,0
"55-60%",267,16,0.5625,21,16.7333333333333,0.097340734742007,0
"55-60%",267,16,0.5625,22,16.2666666666667,0.140318141544512,0
"55-60%",267,16,0.5625,23,18.1333333333333,0.191209164824235,0
"55-60%",267,16,0.5625,24,20.5333333333333,0.250144287280852,0
"55-60%",267,16,0.5625,25,21.2666666666667,0.316485946136321,0
"55-60%",267,16,0.5625,26,20.3333333333333,0.390652883139479,0
"55-60%",267,16,0.5625,27,22.8666666666667,0.472656175982303,0
"55-60%",267,16,0.5625,28,21.0666666666667,0.562543079304891,0
"55-60%",267,16,0.5625,29,28.0666666666667,0.660158091074651,0
"55-60%",267,16,0.5625,30,26.3333333333333,0.765697562856355,0.133333333333333
"55-60%",267,16,0.5625,31,31,0.878984997919695,0.933333333333333
"55-60%",267,16,0.5625,32,32,1,2
"55-60%",268,17,0.5625,1,31,0.878988219990439,1.66666666666667
"55-60%",268,17,0.5625,2,29.8666666666667,0.76582192669441,1.13333333333333
"55-60%",268,17,0.5625,3,23.5333333333333,0.660135337719778,0.733333333333333
"55-60%",268,17,0.5625,4,26.2666666666667,0.562999986191514,0.866666666666667
"55-60%",268,17,0.5625,5,24.6,0.47264285014976,0.733333333333333
"55-60%",268,17,0.5625,6,22.7333333333333,0.390526348656122,0.533333333333333
"55-60%",268,17,0.5625,7,22.1333333333333,0.31653133231839,0.266666666666667
"55-60%",268,17,0.5625,8,21.5333333333333,0.249814702175151,0.533333333333333
"55-60%",268,17,0.5625,9,21.8,0.191188633481144,0.533333333333333
"55-60%",268,17,0.5625,10,20.4666666666667,0.14048235633241,0.466666666666667
"55-60%",268,17,0.5625,11,19.2666666666667,0.0973882033103152,0.333333333333333
"55-60%",268,17,0.5625,12,18.1333333333333,0.0621846964866276,0.533333333333333
"55-60%",268,17,0.5625,13,16.7333333333333,0.0347948241182293,0.266666666666667
"55-60%",268,17,0.5625,14,16.5333333333333,0.0153565468124156,0.266666666666667
"55-60%",268,17,0.5625,15,17.2,0.00316593337224581,0.4
"55-60%",268,17,0.5625,16,16.8,-0.000342239130420181,0.2
"55-60%",268,17,0.5625,17,17.4666666666667,0.0032952389831616,0.2
"55-60%",268,17,0.5625,18,17.4,0.0150312527224368,0.266666666666667
"55-60%",268,17,0.5625,19,18.6,0.0346152456262936,0.2
"55-60%",268,17,0.5625,20,18.6,0.0622340078745465,0.466666666666667
"55-60%",268,17,0.5625,21,18.6,0.0973790686342777,0.266666666666667
"55-60%",268,17,0.5625,22,19.1333333333333,0.140449151257716,0.333333333333333
"55-60%",268,17,0.5625,23,20.6666666666667,0.19122601815685,0.4
"55-60%",268,17,0.5625,24,20.8,0.249833045198104,0.266666666666667
"55-60%",268,17,0.5625,25,21.2,0.316215043784072,0.2
"55-60%",268,17,0.5625,26,25.0666666666667,0.390768559837414,0.666666666666667
"55-60%",268,17,0.5625,27,23,0.472616543853994,0.666666666666667
"55-60%",268,17,0.5625,28,25.3333333333333,0.562764584328652,0.466666666666667
"55-60%",268,17,0.5625,29,24.3333333333333,0.660491115628463,0.333333333333333
"55-60%",268,17,0.5625,30,29.8666666666667,0.765687515414237,1.46666666666667
"55-60%",268,17,0.5625,31,30.9333333333333,0.878975331707463,1.8
"55-60%",268,17,0.5625,32,32,1,2
"55-60%",278,18,0.5625,1,31,0.878984997919695,0.933333333333333
"55-60%",278,18,0.5625,2,29.8666666666667,0.765752414058531,0.266666666666667
"55-60%",278,18,0.5625,3,29,0.66012964938106,0.0666666666666667
"55-60%",278,18,0.5625,4,28,0.562499749585858,0
"55-60%",278,18,0.5625,5,21.1333333333333,0.472722459775698,0
"55-60%",278,18,0.5625,6,24.4666666666667,0.391163914456315,0
"55-60%",278,18,0.5625,7,22.6666666666667,0.316277117696567,0
"55-60%",278,18,0.5625,8,20.2,0.249815686974674,0
"55-60%",278,18,0.5625,9,21.6666666666667,0.191593787867332,0
"55-60%",278,18,0.5625,10,18.8,0.140340269894219,0
"55-60%",278,18,0.5625,11,16.0666666666667,0.0972738000295433,0
"55-60%",278,18,0.5625,12,16.8,0.0621786882719836,0
"55-60%",278,18,0.5625,13,16.2,0.0347702005964822,0
"55-60%",278,18,0.5625,14,16.1333333333333,0.0151594534175122,0
"55-60%",278,18,0.5625,15,15.6666666666667,0.00335465732318849,0
"55-60%",278,18,0.5625,16,16,-0.000687263719999658,0
"55-60%",278,18,0.5625,17,16.0666666666667,0.0035870587610749,0
"55-60%",278,18,0.5625,18,16.6666666666667,0.0152771950644968,0
"55-60%",278,18,0.5625,19,15.9333333333333,0.0346710157995086,0
"55-60%",278,18,0.5625,20,17.7333333333333,0.0619613516394751,0
"55-60%",278,18,0.5625,21,17.4666666666667,0.0973212685978515,0
"55-60%",278,18,0.5625,22,19.4,0.140473895960877,0
"55-60%",278,18,0.5625,23,19.6,0.191312120715974,0
"55-60%",278,18,0.5625,24,22.0666666666667,0.249931793736559,0
"55-60%",278,18,0.5625,25,21.2666666666667,0.316310493157421,0
"55-60%",278,18,0.5625,26,24.3333333333333,0.390551427746088,0
"55-60%",278,18,0.5625,27,23.5333333333333,0.472656175982303,0
"55-60%",278,18,0.5625,28,26.2666666666667,0.562483296041004,0
"55-60%",278,18,0.5625,29,27.1333333333333,0.660253930356006,0.0666666666666667
"55-60%",278,18,0.5625,30,29.8666666666667,0.765707610298474,0.333333333333333
"55-60%",278,18,0.5625,31,30.9333333333333,0.878975331707463,0.933333333333333
"55-60%",278,18,0.5625,32,32,1,2
"55-60%",279,19,0.5625,1,31,0.878984997919695,0.866666666666667
"55-60%",279,19,0.5625,2,26.3333333333333,0.765797217818589,0.2
"55-60%",279,19,0.5625,3,23.4666666666667,0.660293748727034,0.0666666666666667
"55-60%",279,19,0.5625,4,21.0666666666667,0.562763305975776,0
"55-60%",279,19,0.5625,5,24.6,0.472603218021451,0
"55-60%",279,19,0.5625,6,20.3333333333333,0.390792517754339,0
"55-60%",279,19,0.5625,7,21.2666666666667,0.316534334998693,0
"55-60%",279,19,0.5625,8,19.7333333333333,0.249838128130559,0
"55-60%",279,19,0.5625,9,17.4666666666667,0.19129994124512,0
"55-60%",279,19,0.5625,10,16.6,0.140396752392488,0
"55-60%",279,19,0.5625,11,18,0.0972738000295433,0
"55-60%",279,19,0.5625,12,16.4,0.0619213328770063,0
"55-60%",279,19,0.5625,13,15.5333333333333,0.0344725586283955,0
"55-60%",279,19,0.5625,14,15.3333333333333,0.0150071965600012,0
"55-60%",279,19,0.5625,15,16.3333333333333,0.00352221962686407,0
"55-60%",279,19,0.5625,16,16,-0.000325959114140164,0
"55-60%",279,19,0.5625,17,16.4666666666667,0.00342496092554781,0
"55-60%",279,19,0.5625,18,15.8666666666667,0.0148014469580227,0
"55-60%",279,19,0.5625,19,16.2,0.0346209904688633,0
"55-60%",279,19,0.5625,20,18.4,0.0620190717272117,0
"55-60%",279,19,0.5625,21,18.6,0.097340734742007,0
"55-60%",279,19,0.5625,22,16.7333333333333,0.140316992470644,0
"55-60%",279,19,0.5625,23,19,0.19129569051493,0
"55-60%",279,19,0.5625,24,17.2666666666667,0.249913450713605,0
"55-60%",279,19,0.5625,25,20.3333333333333,0.316287800066386,0
"55-60%",279,19,0.5625,26,19.8,0.390679083402486,0
"55-60%",279,19,0.5625,27,23.6666666666667,0.472722459775698,0
"55-60%",279,19,0.5625,28,25.6,0.562527904112914,0
"55-60%",279,19,0.5625,29,23.4666666666667,0.660276683710879,0.0666666666666667
"55-60%",279,19,0.5625,30,25.3333333333333,0.765717657740592,0.133333333333333
"55-60%",279,19,0.5625,31,30.9333333333333,0.878975331707463,0.866666666666667
"55-60%",279,19,0.5625,32,32,1,2
"55-60%",304,20,0.5625,1,30.8666666666667,0.878968887565974,1.73333333333333
"55-60%",304,20,0.5625,2,30,0.765722271732176,1.73333333333333
"55-60%",304,20,0.5625,3,27.2,0.660158091074651,1.2
"55-60%",304,20,0.5625,4,27.9333333333333,0.562534852532464,1.53333333333333
"55-60%",304,20,0.5625,5,24.3333333333333,0.47264285014976,1
"55-60%",304,20,0.5625,6,23.6666666666667,0.390513248524619,0.933333333333333
"55-60%",304,20,0.5625,7,21.8666666666667,0.316251421925229,0.533333333333333
"55-60%",304,20,0.5625,8,22.7333333333333,0.24981060404222,0.933333333333333
"55-60%",304,20,0.5625,9,20.3333333333333,0.191262979700985,0.533333333333333
"55-60%",304,20,0.5625,10,20.9333333333333,0.140356872431566,0.533333333333333
"55-60%",304,20,0.5625,11,19.7333333333333,0.0972829347055808,0.533333333333333
"55-60%",304,20,0.5625,12,19.6,0.0623814609140729,0.8
"55-60%",304,20,0.5625,13,20.1333333333333,0.0345037052798635,0.533333333333333
"55-60%",304,20,0.5625,14,19.8666666666667,0.0150312527224368,0.666666666666667
"55-60%",304,20,0.5625,15,18.6,0.00358670794055129,0.333333333333333
"55-60%",304,20,0.5625,16,18.9333333333333,-0.0004413717557699,0.333333333333333
"55-60%",304,20,0.5625,17,19.1333333333333,0.00342493908856554,0.333333333333333
"55-60%",304,20,0.5625,18,19.2666666666667,0.0154197457394454,0.866666666666667
"55-60%",304,20,0.5625,19,19.4666666666667,0.0346463922777615,0.533333333333333
"55-60%",304,20,0.5625,20,19.8666666666667,0.0622417732108468,0.8
"55-60%",304,20,0.5625,21,20.0666666666667,0.0974362702746637,0.866666666666667
"55-60%",304,20,0.5625,22,21.2666666666667,0.140256133233883,0.866666666666667
"55-60%",304,20,0.5625,23,23.7333333333333,0.191359839131669,1.06666666666667
"55-60%",304,20,0.5625,24,22.9333333333333,0.249739379592104,1
"55-60%",304,20,0.5625,25,23.2,0.316296808107298,0.933333333333333
"55-60%",304,20,0.5625,26,23,0.390655125485562,1
"55-60%",304,20,0.5625,27,25.7333333333333,0.472735440238921,1.26666666666667
"55-60%",304,20,0.5625,28,27.3333333333333,0.562743378221147,1.4
"55-60%",304,20,0.5625,29,28.0666666666667,0.66024255367857,1.26666666666667
"55-60%",304,20,0.5625,30,29.9333333333333,0.765866730454468,1.8
"55-60%",304,20,0.5625,31,31,0.878991442061183,1.93333333333333
"55-60%",304,20,0.5625,32,32,1,2
"60-65%",158,1,0.625,1,31,0.878815379536703,0.933333333333333
"60-65%",158,1,0.625,2,29.8666666666667,0.765666458710082,0.466666666666667
"60-65%",158,1,0.625,3,28.9333333333333,0.660042448943779,0.333333333333333
"60-65%",158,1,0.625,4,27.2666666666667,0.562088785527427,0
"60-65%",158,1,0.625,5,26.3333333333333,0.472300871596883,0
"60-65%",158,1,0.625,6,23.9333333333333,0.389576427589279,0
"60-65%",158,1,0.625,7,23.6,0.315094122126504,0.0666666666666667
"60-65%",158,1,0.625,8,23.3333333333333,0.248116140719776,0
"60-65%",158,1,0.625,9,21,0.189121620545778,0
"60-65%",158,1,0.625,10,19.3333333333333,0.139415572815587,0
"60-65%",158,1,0.625,11,18.2,0.0963732582456888,0
"60-65%",158,1,0.625,12,17.4666666666667,0.0614095395518296,0
"60-65%",158,1,0.625,13,16.4666666666667,0.0331889047678499,0
"60-65%",158,1,0.625,14,16.9333333333333,0.0144205858690994,0
"60-65%",158,1,0.625,15,16.7333333333333,0.00249484610243096,0
"60-65%",158,1,0.625,16,16,-0.001437189601787,0
"60-65%",158,1,0.625,17,16.3333333333333,0.00184104684268696,0
"60-65%",158,1,0.625,18,16.2,0.013904251355905,0
"60-65%",158,1,0.625,19,16.3333333333333,0.0328173780339895,0
"60-65%",158,1,0.625,20,17.9333333333333,0.0604612295780298,0
"60-65%",158,1,0.625,21,18.8666666666667,0.0959935515796017,0
"60-65%",158,1,0.625,22,21.1333333333333,0.138878738510039,0
"60-65%",158,1,0.625,23,20.4666666666667,0.189212175635309,0
"60-65%",158,1,0.625,24,21.4666666666667,0.249093282276106,0
"60-65%",158,1,0.625,25,23,0.31462775843611,0
"60-65%",158,1,0.625,26,24.6666666666667,0.389904175102458,0
"60-65%",158,1,0.625,27,27,0.471836384024561,0
"60-65%",158,1,0.625,28,26.6,0.562022253412555,0
"60-65%",158,1,0.625,29,29,0.660314669154297,0.466666666666667
"60-65%",158,1,0.625,30,30,0.765380354138051,0.333333333333333
"60-65%",158,1,0.625,31,30.9333333333333,0.878832525592751,0.866666666666667
"60-65%",158,1,0.625,32,32,1,2
"60-65%",235,2,0.625,1,30.9333333333333,0.878883963760896,1.66666666666667
"60-65%",235,2,0.625,2,29.9333333333333,0.765523983481311,1.6
"60-65%",235,2,0.625,3,29,0.660042448943779,1.4
"60-65%",235,2,0.625,4,27.7333333333333,0.561739861007203,0.733333333333333
"60-65%",235,2,0.625,5,26.1333333333333,0.47174431263199,0.733333333333333
"60-65%",235,2,0.625,6,25.1333333333333,0.389304047798731,0.6
"60-65%",235,2,0.625,7,22.1333333333333,0.315493986882098,0.4
"60-65%",235,2,0.625,8,21.1333333333333,0.248610138728059,0.6
"60-65%",235,2,0.625,9,19.6666666666667,0.189908444720848,0.2
"60-65%",235,2,0.625,10,21.9333333333333,0.138597831237543,0.6
"60-65%",235,2,0.625,11,18.2,0.0951383154697383,0
"60-65%",235,2,0.625,12,18.4,0.0602945035524319,0.266666666666667
"60-65%",235,2,0.625,13,17.3333333333333,0.0334524337367985,0.0666666666666667
"60-65%",235,2,0.625,14,16.2666666666667,0.0135783488607511,0.333333333333333
"60-65%",235,2,0.625,15,16.4,0.00301733770568798,0.0666666666666667
"60-65%",235,2,0.625,16,16,-0.00209102400467717,0.4
"60-65%",235,2,0.625,17,16.4,0.00183232096528485,0.2
"60-65%",235,2,0.625,18,16.8,0.0135811425338053,0.2
"60-65%",235,2,0.625,19,16.5333333333333,0.0336948410751447,0.133333333333333
"60-65%",235,2,0.625,20,18.5333333333333,0.060858463756949,0.2
"60-65%",235,2,0.625,21,18.9333333333333,0.0958846206181758,0.0666666666666667
"60-65%",235,2,0.625,22,20.6,0.13893020807588,0.4
"60-65%",235,2,0.625,23,19.5333333333333,0.190137491788497,0.266666666666667
"60-65%",235,2,0.625,24,22.7333333333333,0.248612716908402,0.266666666666667
"60-65%",235,2,0.625,25,24.3333333333333,0.31463753869796,0.4
"60-65%",235,2,0.625,26,24.3333333333333,0.389486866501322,0.533333333333333
"60-65%",235,2,0.625,27,27,0.471652470965387,0.8
"60-65%",235,2,0.625,28,27.9333333333333,0.562110027727115,1.06666666666667
"60-65%",235,2,0.625,29,28.8,0.659393136279294,0.666666666666667
"60-65%",235,2,0.625,30,29.8666666666667,0.765564196069036,1.33333333333333
"60-65%",235,2,0.625,31,30.8666666666667,0.878918255872993,1.73333333333333
"60-65%",235,2,0.625,32,32,1,2
"60-65%",247,3,0.625,1,30.9333333333333,0.878866817704848,0.933333333333333
"60-65%",247,3,0.625,2,30,0.765380354138051,0.4
"60-65%",247,3,0.625,3,29,0.659503917175612,0.133333333333333
"60-65%",247,3,0.625,4,26.5333333333333,0.561640700415134,0
"60-65%",247,3,0.625,5,26.2,0.472542827473634,0
"60-65%",247,3,0.625,6,23.2,0.389661142040217,0
"60-65%",247,3,0.625,7,23.6,0.314976480011673,0
"60-65%",247,3,0.625,8,22.0666666666667,0.247578826565143,0
"60-65%",247,3,0.625,9,21.8,0.190035188672482,0
"60-65%",247,3,0.625,10,19.9333333333333,0.139067679676898,0
"60-65%",247,3,0.625,11,18.3333333333333,0.0972239646120189,0
"60-65%",247,3,0.625,12,16.5333333333333,0.0606253778871853,0
"60-65%",247,3,0.625,13,17.8,0.0318107955973202,0
"60-65%",247,3,0.625,14,15.8666666666667,0.0133868613397953,0
"60-65%",247,3,0.625,15,15.8,0.00301733770568798,0
"60-65%",247,3,0.625,16,16,-0.00156814818768371,0
"60-65%",247,3,0.625,17,16.3333333333333,0.00249393309486734,0
"60-65%",247,3,0.625,18,15.9333333333333,0.0128605442040964,0
"60-65%",247,3,0.625,19,16,0.0329464974295037,0
"60-65%",247,3,0.625,20,15.8,0.0618513295660627,0
"60-65%",247,3,0.625,21,18.2666666666667,0.0953853204306524,0
"60-65%",247,3,0.625,22,19.1333333333333,0.139595227982179,0
"60-65%",247,3,0.625,23,19.3333333333333,0.189964383255768,0
"60-65%",247,3,0.625,24,22.2666666666667,0.249456415475079,0
"60-65%",247,3,0.625,25,21.5333333333333,0.314996040535372,0
"60-65%",247,3,0.625,26,25.2666666666667,0.38969384924842,0
"60-65%",247,3,0.625,27,26.2666666666667,0.470868560517555,0
"60-65%",247,3,0.625,28,26.4666666666667,0.561739861007203,0.0666666666666667
"60-65%",247,3,0.625,29,28.9333333333333,0.660010992741296,0.2
"60-65%",247,3,0.625,30,30,0.76546193342799,0.533333333333333
"60-65%",247,3,0.625,31,31,0.878866817704848,0.933333333333333
"60-65%",247,3,0.625,32,32,1,2
"60-65%",259,4,0.625,1,31,0.878849671648799,0.933333333333333
"60-65%",259,4,0.625,2,29.9333333333333,0.765175828855958,0.266666666666667
"60-65%",259,4,0.625,3,28.9333333333333,0.660100273930649,0.333333333333333
"60-65%",259,4,0.625,4,27.2,0.561552024457127,0
"60-65%",259,4,0.625,5,25.5333333333333,0.471928225691165,0
"60-65%",259,4,0.625,6,22.5333333333333,0.389762589398809,0
"60-65%",259,4,0.625,7,23.0666666666667,0.315027623191704,0
"60-65%",259,4,0.625,8,22,0.24880936069549,0
"60-65%",259,4,0.625,9,19.9333333333333,0.190173680650601,0
"60-65%",259,4,0.625,10,19.4,0.139300720847447,0
"60-65%",259,4,0.625,11,17.3333333333333,0.0961024825410275,0
"60-65%",259,4,0.625,12,17.0666666666667,0.0617275294769466,0
"60-65%",259,4,0.625,13,16.4666666666667,0.0329253953394408,0
"60-65%",259,4,0.625,14,16.6666666666667,0.0140971357133879,0
"60-65%",259,4,0.625,15,16.2666666666667,0.00288511704163739,0
"60-65%",259,4,0.625,16,16,-0.00196978992805472,0
"60-65%",259,4,0.625,17,15.9333333333333,0.00158025754484026,0
"60-65%",259,4,0.625,18,15.6,0.0142914169073979,0
"60-65%",259,4,0.625,19,16.4666666666667,0.0334418729214973,0
"60-65%",259,4,0.625,20,17.2,0.0603576035989334,0
"60-65%",259,4,0.625,21,17.8666666666667,0.0963134614849706,0
"60-65%",259,4,0.625,22,15.0666666666667,0.139274763980301,0
"60-65%",259,4,0.625,23,20.4,0.189391547638333,0
"60-65%",259,4,0.625,24,21.2,0.248942803685143,0
"60-65%",259,4,0.625,25,24.3333333333333,0.314510116321279,0
"60-65%",259,4,0.625,26,24.7333333333333,0.389304047798731,0
"60-65%",259,4,0.625,27,27,0.471240976697306,0
"60-65%",259,4,0.625,28,27.2666666666667,0.561862440602883,0
"60-65%",259,4,0.625,29,29,0.65973160596179,0.266666666666667
"60-65%",259,4,0.625,30,29.8666666666667,0.765319458199218,0.266666666666667
"60-65%",259,4,0.625,31,31,0.878918255872993,0.933333333333333
"60-65%",259,4,0.625,32,32,1,2
"60-65%",274,5,0.625,1,30.9333333333333,0.878883963760896,1.8
"60-65%",274,5,0.625,2,30,0.765094249566019,1.66666666666667
"60-65%",274,5,0.625,3,29,0.659632860711882,1.6
"60-65%",274,5,0.625,4,27.8666666666667,0.562307975394225,1.53333333333333
"60-65%",274,5,0.625,5,25.7333333333333,0.472170181567916,1.2
"60-65%",274,5,0.625,6,26.1333333333333,0.389662645570297,1.53333333333333
"60-65%",274,5,0.625,7,24.4666666666667,0.315550705555048,1.4
"60-65%",274,5,0.625,8,23.1333333333333,0.248178377501533,0.933333333333333
"60-65%",274,5,0.625,9,21.8,0.190612715452719,0.6
"60-65%",274,5,0.625,10,22.2,0.138737929674753,1.06666666666667
"60-65%",274,5,0.625,11,21.4666666666667,0.0960426857803094,0.933333333333333
"60-65%",274,5,0.625,12,19.7333333333333,0.0606901078325189,0.733333333333333
"60-65%",274,5,0.625,13,19,0.0340821992616871,0.6
"60-65%",274,5,0.625,14,18.6666666666667,0.0136448579295866,0.2
"60-65%",274,5,0.625,15,19.4,0.0023644514535076,0.733333333333333
"60-65%",274,5,0.625,16,19.0666666666667,-0.00169862751028373,0.6
"60-65%",274,5,0.625,17,18.9333333333333,0.00249393309486734,0.466666666666667
"60-65%",274,5,0.625,18,19.2666666666667,0.0144219827056265,0.533333333333333
"60-65%",274,5,0.625,19,19.3333333333333,0.0334366022841164,0.466666666666667
"60-65%",274,5,0.625,20,20.4,0.0599619993188464,0.6
"60-65%",274,5,0.625,21,18.8666666666667,0.0966263960230801,0.4
"60-65%",274,5,0.625,22,21.1333333333333,0.138917584841345,0.6
"60-65%",274,5,0.625,23,21.2666666666667,0.190260234916966,0.866666666666667
"60-65%",274,5,0.625,24,23.9333333333333,0.247786053943035,0.933333333333333
"60-65%",274,5,0.625,25,23.0666666666667,0.315795770046559,1.13333333333333
"60-65%",274,5,0.625,26,25.4,0.388840306141899,1.33333333333333
"60-65%",274,5,0.625,27,25.8,0.471575003966628,1.26666666666667
"60-65%",274,5,0.625,28,27.9333333333333,0.562022253412555,1.33333333333333
"60-65%",274,5,0.625,29,28.8,0.659653320843401,1.46666666666667
"60-65%",274,5,0.625,30,29.7333333333333,0.76546193342799,1.53333333333333
"60-65%",274,5,0.625,31,30.9333333333333,0.878901109816945,1.86666666666667
"60-65%",274,5,0.625,32,32,1,2
"60-65%",275,6,0.625,1,30.9333333333333,0.878935401929042,0.933333333333333
"60-65%",275,6,0.625,2,30,0.765196512207065,0.4
"60-65%",275,6,0.625,3,29,0.65968581662133,0.266666666666667
"60-65%",275,6,0.625,4,27.9333333333333,0.561580048197531,0
"60-65%",275,6,0.625,5,26.2,0.472189605749098,0
"60-65%",275,6,0.625,6,24.5333333333333,0.390166172152452,0
"60-65%",275,6,0.625,7,23.6,0.315329406356166,0
"60-65%",275,6,0.625,8,23.3333333333333,0.248281666115985,0
"60-65%",275,6,0.625,9,20,0.190837761697202,0
"60-65%",275,6,0.625,10,21,0.137584918192555,0
"60-65%",275,6,0.625,11,19.2666666666667,0.0962466893569931,0
"60-65%",275,6,0.625,12,18.5333333333333,0.0612355238258485,0
"60-65%",275,6,0.625,13,17.6666666666667,0.0335815531323126,0
"60-65%",275,6,0.625,14,17,0.0144856981014078,0
"60-65%",275,6,0.625,15,15.9333333333333,0.000470276138256385,0
"60-65%",275,6,0.625,16,16,-0.00242256382911104,0
"60-65%",275,6,0.625,17,16.0666666666667,0.00144022401095118,0
"60-65%",275,6,0.625,18,16.4666666666667,0.012795431971788,0
"60-65%",275,6,0.625,19,16.2,0.033318024163364,0
"60-65%",275,6,0.625,20,16.5333333333333,0.0610469937913987,0
"60-65%",275,6,0.625,21,19.8,0.0962643272842629,0
"60-65%",275,6,0.625,22,20,0.139965740753746,0
"60-65%",275,6,0.625,23,20.0666666666667,0.190592275440266,0
"60-65%",275,6,0.625,24,22.7333333333333,0.248571014926719,0
"60-65%",275,6,0.625,25,22.9333333333333,0.315437268209148,0
"60-65%",275,6,0.625,26,26,0.390204062044454,0
"60-65%",275,6,0.625,27,26.9333333333333,0.471928225691165,0.0666666666666667
"60-65%",275,6,0.625,28,27.9333333333333,0.561739861007203,0.0666666666666667
"60-65%",275,6,0.625,29,28.9333333333333,0.659575035725012,0.133333333333333
"60-65%",275,6,0.625,30,30,0.764971303573866,0.2
"60-65%",275,6,0.625,31,31,0.878849671648799,0.933333333333333
"60-65%",275,6,0.625,32,32,1,2
"60-65%",288,7,0.625,1,31,0.878901109816945,0.866666666666667
"60-65%",288,7,0.625,2,30,0.765482616779097,0.533333333333333
"60-65%",288,7,0.625,3,28.8666666666667,0.660120734062168,0.266666666666667
"60-65%",288,7,0.625,4,26.4,0.561899673816875,0.0666666666666667
"60-65%",288,7,0.625,5,27,0.471613622603024,0
"60-65%",288,7,0.625,6,24,0.389245336969161,0
"60-65%",288,7,0.625,7,23.6,0.315437268209148,0
"60-65%",288,7,0.625,8,22.7333333333333,0.24821846531855,0
"60-65%",288,7,0.625,9,21.7333333333333,0.189825891277649,0
"60-65%",288,7,0.625,10,18.6,0.138584497604932,0
"60-65%",288,7,0.625,11,18.4666666666667,0.0963134614849706,0
"60-65%",288,7,0.625,12,17.6,0.0609030195922629,0
"60-65%",288,7,0.625,13,17.5333333333333,0.0324458319327179,0
"60-65%",288,7,0.625,14,16.5333333333333,0.0126086810608401,0
"60-65%",288,7,0.625,15,16.1333333333333,0.00117852170554086,0
"60-65%",288,7,0.625,16,16,-0.00156766892438702,0
"60-65%",288,7,0.625,17,15.9333333333333,0.00223314379702064,0
"60-65%",288,7,0.625,18,15.0666666666667,0.0146169780689399,0
"60-65%",288,7,0.625,19,16.4,0.0324458513001292,0
"60-65%",288,7,0.625,20,16.1333333333333,0.0599505020031886,0
"60-65%",288,7,0.625,21,17.8666666666667,0.0949741174911275,0
"60-65%",288,7,0.625,22,20.1333333333333,0.138546361671702,0
"60-65%",288,7,0.625,23,21.0666666666667,0.189616593882817,0
"60-65%",288,7,0.625,24,21.4666666666667,0.249031045494349,0
"60-65%",288,7,0.625,25,22.2,0.31457103976316,0
"60-65%",288,7,0.625,26,24,0.389872971424336,0
"60-65%",288,7,0.625,27,26.2,0.471613622603024,0
"60-65%",288,7,0.625,28,27.2666666666667,0.561612676674729,0.0666666666666667
"60-65%",288,7,0.625,29,29,0.659867716067049,0.266666666666667
"60-65%",288,7,0.625,30,29.8666666666667,0.76560556277125,0.466666666666667
"60-65%",288,7,0.625,31,30.9333333333333,0.878849671648799,0.866666666666667
"60-65%",288,7,0.625,32,32,1,2
"60-65%",292,8,0.625,1,31.0666666666667,0.878866817704848,2
"60-65%",292,8,0.625,2,30.0666666666667,0.765626246122357,1.8
"60-65%",292,8,0.625,3,29.1333333333333,0.659821926726589,1.73333333333333
"60-65%",292,8,0.625,4,28.2,0.561782974118463,1.46666666666667
"60-65%",292,8,0.625,5,27.1333333333333,0.471763507087204,1.46666666666667
"60-65%",292,8,0.625,6,24.8,0.389276540647283,1.2
"60-65%",292,8,0.625,7,25,0.315084341864654,1.13333333333333
"60-65%",292,8,0.625,8,24.1333333333333,0.248728534912466,1.06666666666667
"60-65%",292,8,0.625,9,19.8,0.190260234916966,0.4
"60-65%",292,8,0.625,10,21.6666666666667,0.13910844244632,1
"60-65%",292,8,0.625,11,21.4666666666667,0.0961868925962749,0.733333333333333
"60-65%",292,8,0.625,12,19.9333333333333,0.0609677495375965,0.533333333333333
"60-65%",292,8,0.625,13,19.6666666666667,0.0325485784276601,0.266666666666667
"60-65%",292,8,0.625,14,19.7333333333333,0.0135146334649698,0.466666666666667
"60-65%",292,8,0.625,15,18.4666666666667,0.0023644514535076,0.333333333333333
"60-65%",292,8,0.625,16,18.8666666666667,-0.0023665694137886,0.6
"60-65%",292,8,0.625,17,19.0666666666667,0.00170101330879788,0.533333333333333
"60-65%",292,8,0.625,18,20.0666666666667,0.0128057559279043,0.666666666666667
"60-65%",292,8,0.625,19,19.4,0.0338239604706588,0.6
"60-65%",292,8,0.625,20,19.6666666666667,0.0614686096956121,0.8
"60-65%",292,8,0.625,21,20.8666666666667,0.0959935515796017,0.8
"60-65%",292,8,0.625,22,21.2,0.138303324102811,0.8
"60-65%",292,8,0.625,23,20.7333333333333,0.190035188672482,0.866666666666667
"60-65%",292,8,0.625,24,24.6666666666667,0.248966880681237,1.13333333333333
"60-65%",292,8,0.625,25,24.6,0.31457103976316,1.26666666666667
"60-65%",292,8,0.625,26,25.6,0.389366101735241,1.26666666666667
"60-65%",292,8,0.625,27,26.8666666666667,0.471855808205743,1.4
"60-65%",292,8,0.625,28,28.1333333333333,0.561994229672151,1.66666666666667
"60-65%",292,8,0.625,29,29,0.659632860711882,1.53333333333333
"60-65%",292,8,0.625,30,30.3333333333333,0.765278091497005,1.73333333333333
"60-65%",292,8,0.625,31,31.0666666666667,0.878883963760896,2
"60-65%",292,8,0.625,32,32,1,2
"60-65%",307,9,0.625,1,31,0.878849671648799,0.933333333333333
"60-65%",307,9,0.625,2,29.8,0.765217195558172,0.133333333333333
"60-65%",307,9,0.625,3,29,0.659653320843401,0.2
"60-65%",307,9,0.625,4,26.4,0.562276622077503,0
"60-65%",307,9,0.625,5,26.2666666666667,0.471540975391634,0
"60-65%",307,9,0.625,6,22.4,0.389443776552565,0
"60-65%",307,9,0.625,7,23.5333333333333,0.315272687683216,0
"60-65%",307,9,0.625,8,22,0.248155264521116,0
"60-65%",307,9,0.625,9,21.0666666666667,0.188691277729628,0
"60-65%",307,9,0.625,10,19.4666666666667,0.139645987149944,0
"60-65%",307,9,0.625,11,18.8,0.0960603237075792,0
"60-65%",307,9,0.625,12,16.4666666666667,0.0609879236476162,0
"60-65%",307,9,0.625,13,17,0.0337001117125256,0
"60-65%",307,9,0.625,14,16.1333333333333,0.0135081586848229,0
"60-65%",307,9,0.625,15,16.4666666666667,0.00288694305676463,0
"60-65%",307,9,0.625,16,16,-0.00196492767341759,0
"60-65%",307,9,0.625,17,16.1333333333333,0.00197144149161032,0
"60-65%",307,9,0.625,18,15.6666666666667,0.0133217491074869,0
"60-65%",307,9,0.625,19,16.4,0.033318024163364,0
"60-65%",307,9,0.625,20,17,0.0617865996207291,0
"60-65%",307,9,0.625,21,17.1333333333333,0.0966087580958103,0
"60-65%",307,9,0.625,22,20.0666666666667,0.138239231302435,0
"60-65%",307,9,0.625,23,21.4,0.189928194393665,0
"60-65%",307,9,0.625,24,21,0.249227689281436,0
"60-65%",307,9,0.625,25,21.6666666666667,0.315386125029116,0
"60-65%",307,9,0.625,26,23.8,0.389217829817713,0
"60-65%",307,9,0.625,27,26.2666666666667,0.471390861181486,0
"60-65%",307,9,0.625,28,27.0666666666667,0.562464458627579,0
"60-65%",307,9,0.625,29,28.8666666666667,0.659496750606623,0.0666666666666667
"60-65%",307,9,0.625,30,29.9333333333333,0.76546193342799,0.4
"60-65%",307,9,0.625,31,31,0.878901109816945,0.933333333333333
"60-65%",307,9,0.625,32,32,1,2
"60-65%",321,10,0.625,1,31,0.878866817704848,1.66666666666667
"60-65%",321,10,0.625,2,29.8,0.765503300130204,1.6
"60-65%",321,10,0.625,3,28.9333333333333,0.659496750606623,1.4
"60-65%",321,10,0.625,4,27.8,0.561457468601851,1
"60-65%",321,10,0.625,5,24.5333333333333,0.472470180262245,0.733333333333333
"60-65%",321,10,0.625,6,25,0.389693495828685,0.666666666666667
"60-65%",321,10,0.625,7,22.4,0.315268482914285,0.333333333333333
"60-65%",321,10,0.625,8,21.2666666666667,0.247546744158587,0.4
"60-65%",321,10,0.625,9,21.7333333333333,0.189616593882817,0.333333333333333
"60-65%",321,10,0.625,10,20.3333333333333,0.13990164795337,0.4
"60-65%",321,10,0.625,11,20.2,0.0953185483026749,0.266666666666667
"60-65%",321,10,0.625,12,18.8666666666667,0.0618513295660627,0.666666666666667
"60-65%",321,10,0.625,13,18.2,0.0338239604706588,0.2
"60-65%",321,10,0.625,14,17,0.0139683080852981,0.2
"60-65%",321,10,0.625,15,16.8,0.00157153166743814,0.133333333333333
"60-65%",321,10,0.625,16,16.6,-0.00222150332727719,0.266666666666667
"60-65%",321,10,0.625,17,17.2666666666667,0.00144986289591691,0.266666666666667
"60-65%",321,10,0.625,18,17.3333333333333,0.0140320234810795,0
"60-65%",321,10,0.625,19,18.4,0.0319504758081355,0.2
"60-65%",321,10,0.625,20,18.9333333333333,0.0604166737427159,0.2
"60-65%",321,10,0.625,21,19.8666666666667,0.0963732582456888,0.266666666666667
"60-65%",321,10,0.625,22,21.5333333333333,0.137917295030892,0.266666666666667
"60-65%",321,10,0.625,23,21.9333333333333,0.188252933267146,0.266666666666667
"60-65%",321,10,0.625,24,22.2666666666667,0.248802319300705,0.2
"60-65%",321,10,0.625,25,22.7333333333333,0.31578598978471,0.666666666666667
"60-65%",321,10,0.625,26,25.2,0.389241993862221,0.866666666666667
"60-65%",321,10,0.625,27,26.2,0.471671665420601,0.733333333333333
"60-65%",321,10,0.625,28,28,0.561833515219032,1.06666666666667
"60-65%",321,10,0.625,29,28.8,0.659471421397682,1.2
"60-65%",321,10,0.625,30,29.9333333333333,0.765564196069036,1.53333333333333
"60-65%",321,10,0.625,31,30.9333333333333,0.878935401929042,1.8
"60-65%",321,10,0.625,32,32,1,2
"60-65%",322,11,0.625,1,30.9333333333333,0.878849671648799,1.93333333333333
"60-65%",322,11,0.625,2,30.0666666666667,0.765338987435837,1.6
"60-65%",322,11,0.625,3,28.8666666666667,0.659575035725012,1.53333333333333
"60-65%",322,11,0.625,4,28.0666666666667,0.561623161308791,1.46666666666667
"60-65%",322,11,0.625,5,26.4666666666667,0.471313623908695,1.06666666666667
"60-65%",322,11,0.625,6,26.0666666666667,0.388555648577477,0.933333333333333
"60-65%",322,11,0.625,7,23.7333333333333,0.315376344767266,0.8
"60-65%",322,11,0.625,8,23.8,0.248180305532887,1.06666666666667
"60-65%",322,11,0.625,9,21.8666666666667,0.190035188672482,0.733333333333333
"60-65%",322,11,0.625,10,20.4666666666667,0.138738640072829,0.466666666666667
"60-65%",322,11,0.625,11,20,0.0953538241572146,0.333333333333333
"60-65%",322,11,0.625,12,20.2666666666667,0.0612210095173799,0.666666666666667
"60-65%",322,11,0.625,13,19.8666666666667,0.0317896739667179,0.333333333333333
"60-65%",322,11,0.625,14,20,0.0125449656650588,0.666666666666667
"60-65%",322,11,0.625,15,19.2,0.00236353844594399,0.666666666666667
"60-65%",322,11,0.625,16,19.1333333333333,-0.00170348976492086,0.6
"60-65%",322,11,0.625,17,19.5333333333333,0.000525635453360481,0.466666666666667
"60-65%",322,11,0.625,18,18.9333333333333,0.0133217491074869,0.266666666666667
"60-65%",322,11,0.625,19,19.6666666666667,0.033318024163364,0.6
"60-65%",322,11,0.625,20,19.6666666666667,0.0612411836273996,0.533333333333333
"60-65%",322,11,0.625,21,20.4666666666667,0.0960111895068715,0.8
"60-65%",322,11,0.625,22,22.0666666666667,0.138916874443269,0.733333333333333
"60-65%",322,11,0.625,23,22.5333333333333,0.189493850754349,0.533333333333333
"60-65%",322,11,0.625,24,24.0666666666667,0.248250547725106,0.666666666666667
"60-65%",322,11,0.625,25,23.5333333333333,0.315145265306535,1.2
"60-65%",322,11,0.625,26,26.2666666666667,0.389906406182557,1.46666666666667
"60-65%",322,11,0.625,27,26.6,0.471724888450809,1.46666666666667
"60-65%",322,11,0.625,28,27.8,0.562022253412555,1.46666666666667
"60-65%",322,11,0.625,29,28.9333333333333,0.659814760157601,1.8
"60-65%",322,11,0.625,30,30,0.765768721351129,1.93333333333333
"60-65%",322,11,0.625,31,30.9333333333333,0.878849671648799,1.86666666666667
"60-65%",322,11,0.625,32,32,1,2
"60-65%",324,12,0.625,1,30.9333333333333,0.878883963760896,1.86666666666667
"60-65%",324,12,0.625,2,29.9333333333333,0.765564196069036,1.86666666666667
"60-65%",324,12,0.625,3,28.9333333333333,0.659549706516071,1.4
"60-65%",324,12,0.625,4,27.8,0.561645305151927,1.33333333333333
"60-65%",324,12,0.625,5,26.1333333333333,0.472228224385493,1
"60-65%",324,12,0.625,6,24.6,0.389564541318645,0.933333333333333
"60-65%",324,12,0.625,7,22.3333333333333,0.314919761338723,0.8
"60-65%",324,12,0.625,8,22.8666666666667,0.248572629091385,0.733333333333333
"60-65%",324,12,0.625,9,20.5333333333333,0.189964383255768,0.666666666666667
"60-65%",324,12,0.625,10,20.8666666666667,0.138904251208734,0.333333333333333
"60-65%",324,12,0.625,11,20.8,0.0959935515796017,0.2
"60-65%",324,12,0.625,12,20.1333333333333,0.0604239634430991,0.466666666666667
"60-65%",324,12,0.625,13,17.9333333333333,0.0340821992616871,0.0666666666666667
"60-65%",324,12,0.625,14,18.8666666666667,0.0136462547661137,0.466666666666667
"60-65%",324,12,0.625,15,18.2666666666667,0.00183232096528485,0.2
"60-65%",324,12,0.625,16,19,-0.00229646749785146,0.2
"60-65%",324,12,0.625,17,18.4666666666667,0.00262524075135431,0.133333333333333
"60-65%",324,12,0.625,18,18.2,0.0142924724103131,0.266666666666667
"60-65%",324,12,0.625,19,19.4,0.0328068172186884,0.333333333333333
"60-65%",324,12,0.625,20,20.2,0.0602426580167347,0.4
"60-65%",324,12,0.625,21,20.3333333333333,0.0945487483068428,0.4
"60-65%",324,12,0.625,22,21.2666666666667,0.139416283213663,0.6
"60-65%",324,12,0.625,23,21.6,0.188896574301295,0.6
"60-65%",324,12,0.625,24,22.4,0.248187346927672,0.466666666666667
"60-65%",324,12,0.625,25,21.2666666666667,0.315621409258778,0.533333333333333
"60-65%",324,12,0.625,26,25.4,0.389385065722995,0.933333333333333
"60-65%",324,12,0.625,27,26.1333333333333,0.471797535662198,1.2
"60-65%",324,12,0.625,28,27.6,0.561618556571998,1.13333333333333
"60-65%",324,12,0.625,29,28.6,0.660335129285816,1.33333333333333
"60-65%",324,12,0.625,30,29.9333333333333,0.765687142061189,1.86666666666667
"60-65%",324,12,0.625,31,30.9333333333333,0.878901109816945,1.86666666666667
"60-65%",324,12,0.625,32,32,1,2
"60-65%",331,13,0.625,1,30.9333333333333,0.878883963760896,0.866666666666667
"60-65%",331,13,0.625,2,30,0.765748038000022,0.6
"60-65%",331,13,0.625,3,28.9333333333333,0.659529246384553,0.133333333333333
"60-65%",331,13,0.625,4,25.6,0.56214355784776,0.0666666666666667
"60-65%",331,13,0.625,5,26.2,0.47201976025641,0.0666666666666667
"60-65%",331,13,0.625,6,23.8,0.389502487382135,0
"60-65%",331,13,0.625,7,21.4,0.315739051373609,0.0666666666666667
"60-65%",331,13,0.625,8,20.1333333333333,0.248573593107062,0
"60-65%",331,13,0.625,9,20.5333333333333,0.189457661892245,0
"60-65%",331,13,0.625,10,20.2666666666667,0.13896834400911,0
"60-65%",331,13,0.625,11,17,0.0957580517294801,0
"60-65%",331,13,0.625,12,18.8666666666667,0.0600396136738164,0
"60-65%",331,13,0.625,13,17.0666666666667,0.0343351674153345,0
"60-65%",331,13,0.625,14,16.4,0.0135811425338053,0
"60-65%",331,13,0.625,15,15.8,0.0017097391862,0
"60-65%",331,13,0.625,16,16,-0.00209540699601761,0
"60-65%",331,13,0.625,17,15.6666666666667,0.00197235449917393,0
"60-65%",331,13,0.625,18,15.7333333333333,0.0144205858690994,0
"60-65%",331,13,0.625,19,15.3333333333333,0.0334418729214973,0
"60-65%",331,13,0.625,20,17.4666666666667,0.060159206147658,0
"60-65%",331,13,0.625,21,19,0.0953326825451954,0
"60-65%",331,13,0.625,22,19.5333333333333,0.137162935855147,0
"60-65%",331,13,0.625,23,19.4,0.189146061381397,0
"60-65%",331,13,0.625,24,19.4,0.248935762290359,0
"60-65%",331,13,0.625,25,23.7333333333333,0.314288208602117,0
"60-65%",331,13,0.625,26,23.1333333333333,0.389428155671751,0
"60-65%",331,13,0.625,27,27,0.471149135030702,0.0666666666666667
"60-65%",331,13,0.625,28,26.4,0.561302260528972,0
"60-65%",331,13,0.625,29,28.8,0.660100273930649,0.266666666666667
"60-65%",331,13,0.625,30,30,0.765482616779097,0.466666666666667
"60-65%",331,13,0.625,31,31,0.878866817704848,0.933333333333333
"60-65%",331,13,0.625,32,32,1,2
"60-65%",334,14,0.625,1,31,0.878832525592751,0.866666666666667
"60-65%",334,14,0.625,2,29.8666666666667,0.765401037489158,0.266666666666667
"60-65%",334,14,0.625,3,29,0.660042448943779,0.4
"60-65%",334,14,0.625,4,26.4666666666667,0.562220574596694,0
"60-65%",334,14,0.625,5,25.4,0.471352242545091,0.0666666666666667
"60-65%",334,14,0.625,6,23.2,0.390142008107944,0
"60-65%",334,14,0.625,7,21.6,0.315678127931728,0
"60-65%",334,14,0.625,8,22.2,0.248013816121002,0
"60-65%",334,14,0.625,9,23,0.189928194393665,0
"60-65%",334,14,0.625,10,17.8666666666667,0.139658610384479,0
"60-65%",334,14,0.625,11,18.1333333333333,0.0962466893569931,0
"60-65%",334,14,0.625,12,17,0.0613391498049449,0
"60-65%",334,14,0.625,13,16.9333333333333,0.0336948410751447,0
"60-65%",334,14,0.625,14,15.6,0.0131274679134769,0
"60-65%",334,14,0.625,15,15.9333333333333,0.00184104684268696,0
"60-65%",334,14,0.625,16,16,-0.000391437967800068,0
"60-65%",334,14,0.625,17,15.6666666666667,0.00210274914809728,0
"60-65%",334,14,0.625,18,16.6,0.0133214077738751,0
"60-65%",334,14,0.625,19,15.1333333333333,0.0340821992616871,0
"60-65%",334,14,0.625,20,18.3333333333333,0.0610324794829301,0
"60-65%",334,14,0.625,21,19.2,0.0950232516918352,0
"60-65%",334,14,0.625,22,18.7333333333333,0.137584918192555,0
"60-65%",334,14,0.625,23,20.2,0.189616593882817,0
"60-65%",334,14,0.625,24,22.6,0.248715041507177,0
"60-65%",334,14,0.625,25,25,0.314402254468298,0
"60-65%",334,14,0.625,26,23.1333333333333,0.389314822042525,0
"60-65%",334,14,0.625,27,26.2,0.47196684432756,0
"60-65%",334,14,0.625,28,25.6666666666667,0.562110929370562,0
"60-65%",334,14,0.625,29,28.8,0.659678650052342,0.0666666666666667
"60-65%",334,14,0.625,30,30,0.765482616779097,0.466666666666667
"60-65%",334,14,0.625,31,30.9333333333333,0.878866817704848,0.933333333333333
"60-65%",334,14,0.625,32,32,1,2
"60-65%",336,15,0.625,1,31.2666666666667,0.878832525592751,1.86666666666667
"60-65%",336,15,0.625,2,30.0666666666667,0.765584879420143,1.73333333333333
"60-65%",336,15,0.625,3,28.6666666666667,0.660231514958486,1.4
"60-65%",336,15,0.625,4,27.8666666666667,0.561590532831594,1.4
"60-65%",336,15,0.625,5,26.5333333333333,0.471928225691165,1.4
"60-65%",336,15,0.625,6,25.7333333333333,0.389119725566061,0.933333333333333
"60-65%",336,15,0.625,7,24.6666666666667,0.315205580228136,1.2
"60-65%",336,15,0.625,8,24.1333333333333,0.247887414526133,1.13333333333333
"60-65%",336,15,0.625,9,21.5333333333333,0.190260234916966,0.933333333333333
"60-65%",336,15,0.625,10,21.4666666666667,0.139016920509134,1.06666666666667
"60-65%",336,15,0.625,11,20,0.0958071859301878,0.6
"60-65%",336,15,0.625,12,19.9333333333333,0.0617865996207291,0.333333333333333
"60-65%",336,15,0.625,13,19.4666666666667,0.0333285849786652,0.466666666666667
"60-65%",336,15,0.625,14,19,0.0131915246428701,0.4
"60-65%",336,15,0.625,15,19.2,0.00275563540027766,0.6
"60-65%",336,15,0.625,16,18.4666666666667,-0.00111003276869357,0.266666666666667
"60-65%",336,15,0.625,17,18.9333333333333,0.00184104684268696,0.4
"60-65%",336,15,0.625,18,18.6,0.0138391391235966,0.133333333333333
"60-65%",336,15,0.625,19,19.6,0.0330703461876369,0.4
"60-65%",336,15,0.625,20,20.1333333333333,0.0611117237367323,0.866666666666667
"60-65%",336,15,0.625,21,20.2666666666667,0.0960111895068715,0.6
"60-65%",336,15,0.625,22,20.7333333333333,0.139147288777626,0.6
"60-65%",336,15,0.625,23,21.4,0.189125621368945,0.733333333333333
"60-65%",336,15,0.625,24,24.3333333333333,0.249195606874881,1.13333333333333
"60-65%",336,15,0.625,25,23.9333333333333,0.315503767143947,0.866666666666667
"60-65%",336,15,0.625,26,24.1333333333333,0.390142008107944,1
"60-65%",336,15,0.625,27,26.2,0.472097534356527,1.13333333333333
"60-65%",336,15,0.625,28,28.0666666666667,0.561524000716722,1.66666666666667
"60-65%",336,15,0.625,29,29.0666666666667,0.65978943094866,1.6
"60-65%",336,15,0.625,30,29.9333333333333,0.765666458710082,1.86666666666667
"60-65%",336,15,0.625,31,30.8666666666667,0.878866817704848,1.66666666666667
"60-65%",336,15,0.625,32,32,1,2
"60-65%",338,16,0.625,1,30.9333333333333,0.878883963760896,1.93333333333333
"60-65%",338,16,0.625,2,29.8666666666667,0.765217195558172,1.66666666666667
"60-65%",338,16,0.625,3,28.9333333333333,0.659549706516071,1.53333333333333
"60-65%",338,16,0.625,4,28.3333333333333,0.562237212059589,1.73333333333333
"60-65%",338,16,0.625,5,27.3333333333333,0.47129924924085,1.46666666666667
"60-65%",338,16,0.625,6,24.9333333333333,0.390386880747044,1.33333333333333
"60-65%",338,16,0.625,7,24.8,0.315023418422773,1.13333333333333
"60-65%",338,16,0.625,8,24.6666666666667,0.24836636572917,1.2
"60-65%",338,16,0.625,9,22.1333333333333,0.19096050482567,1
"60-65%",338,16,0.625,10,21.6666666666667,0.139160622410237,0.6
"60-65%",338,16,0.625,11,19.5333333333333,0.0959161168916137,0.466666666666667
"60-65%",338,16,0.625,12,19.8,0.0608439494484804,0.6
"60-65%",338,16,0.625,13,18.9333333333333,0.0338292311080397,0.466666666666667
"60-65%",338,16,0.625,14,19.2,0.0135797456972782,0.533333333333333
"60-65%",338,16,0.625,15,18.3333333333333,0.00288694305676463,0.533333333333333
"60-65%",338,16,0.625,16,19.4,-0.00212272921866615,0.6
"60-65%",338,16,0.625,17,19.2,0.00157934453727664,0.333333333333333
"60-65%",338,16,0.625,18,19.0666666666667,0.0148102037600346,0.6
"60-65%",338,16,0.625,19,18.0666666666667,0.0345934062063628,0.533333333333333
"60-65%",338,16,0.625,20,19.6,0.060908679393814,0.4
"60-65%",338,16,0.625,21,21.7333333333333,0.09490734536315,1.06666666666667
"60-65%",338,16,0.625,22,21.5333333333333,0.13811175609976,0.8
"60-65%",338,16,0.625,23,22.2666666666667,0.190367229195783,1.06666666666667
"60-65%",338,16,0.625,24,23.7333333333333,0.248634215724153,1
"60-65%",338,16,0.625,25,23.9333333333333,0.31468447710906,1.06666666666667
"60-65%",338,16,0.625,26,25.3333333333333,0.389010847070615,1.4
"60-65%",338,16,0.625,27,25.5333333333333,0.471686269814413,1.06666666666667
"60-65%",338,16,0.625,28,28.2666666666667,0.562121414004625,1.6
"60-65%",338,16,0.625,29,28.9333333333333,0.65989304527599,1.66666666666667
"60-65%",338,16,0.625,30,30.0666666666667,0.76554351271793,1.8
"60-65%",338,16,0.625,31,31.0666666666667,0.878815379536703,1.6
"60-65%",338,16,0.625,32,32,1,2
"60-65%",343,17,0.625,1,30.8666666666667,0.878832525592751,1.73333333333333
"60-65%",343,17,0.625,2,30,0.765421720840264,1.8
"60-65%",343,17,0.625,3,28.9333333333333,0.659496750606623,1.6
"60-65%",343,17,0.625,4,28,0.561330284269377,1.4
"60-65%",343,17,0.625,5,27.0666666666667,0.471797535662198,1.33333333333333
"60-65%",343,17,0.625,6,26.0666666666667,0.38963513841885,1.26666666666667
"60-65%",343,17,0.625,7,23.2666666666667,0.315493986882098,1
"60-65%",343,17,0.625,8,23.2,0.248707036096715,0.8
"60-65%",343,17,0.625,9,22.4,0.189805451265197,1.06666666666667
"60-65%",343,17,0.625,10,21.5333333333333,0.138582314937191,0.933333333333333
"60-65%",343,17,0.625,11,19.8,0.0966087580958103,0.4
"60-65%",343,17,0.625,12,20.8666666666667,0.0582813732160994,0.333333333333333
"60-65%",343,17,0.625,13,19.6666666666667,0.0333285849786652,0.266666666666667
"60-65%",343,17,0.625,14,18.8,0.0139679667516863,0.4
"60-65%",343,17,0.625,15,19.2,0.00126319592432584,0.666666666666667
"60-65%",343,17,0.625,16,18.4666666666667,-0.00176872942622087,0.466666666666667
"60-65%",343,17,0.625,17,19.7333333333333,0.000778611881368685,0.266666666666667
"60-65%",343,17,0.625,18,19.5333333333333,0.0147475438671686,0.666666666666667
"60-65%",343,17,0.625,19,19.3333333333333,0.0325591392429613,0.4
"60-65%",343,17,0.625,20,19,0.0617275294769466,0.533333333333333
"60-65%",343,17,0.625,21,19.4666666666667,0.0953853204306524,0.4
"60-65%",343,17,0.625,22,22.6,0.140323630290778,1.06666666666667
"60-65%",343,17,0.625,23,22.0666666666667,0.190280674929418,0.933333333333333
"60-65%",343,17,0.625,24,22.7333333333333,0.249385209267184,0.933333333333333
"60-65%",343,17,0.625,25,23.7333333333333,0.31578598978471,1.13333333333333
"60-65%",343,17,0.625,26,26.0666666666667,0.389023124844489,1.53333333333333
"60-65%",343,17,0.625,27,26.5333333333333,0.47181695984338,1.4
"60-65%",343,17,0.625,28,27.8666666666667,0.561861165442408,1.4
"60-65%",343,17,0.625,29,28.9333333333333,0.659471421397682,1.66666666666667
"60-65%",343,17,0.625,30,30.2,0.765298774848111,1.86666666666667
"60-65%",343,17,0.625,31,31.2,0.878866817704848,2
"60-65%",343,17,0.625,32,32,1,2
"60-65%",345,18,0.625,1,30.9333333333333,0.878901109816945,0.866666666666667
"60-65%",345,18,0.625,2,29.8666666666667,0.765380354138051,0.2
"60-65%",345,18,0.625,3,29,0.659665356489812,0.2
"60-65%",345,18,0.625,4,26.4666666666667,0.562337274295105,0.0666666666666667
"60-65%",345,18,0.625,5,27,0.471705693995595,0
"60-65%",345,18,0.625,6,24.1333333333333,0.389385419142729,0
"60-65%",345,18,0.625,7,22.6,0.315550705555048,0
"60-65%",345,18,0.625,8,20.2,0.248896638489019,0
"60-65%",345,18,0.625,9,21.2,0.189493850754349,0
"60-65%",345,18,0.625,10,20.4666666666667,0.138725306440218,0
"60-65%",345,18,0.625,11,18.2666666666667,0.0964223924463965,0
"60-65%",345,18,0.625,12,18.4666666666667,0.0609879236476162,0
"60-65%",345,18,0.625,13,17.9333333333333,0.0335709923170114,0
"60-65%",345,18,0.625,14,16.1333333333333,0.0145508103337163,0
"60-65%",345,18,0.625,15,15.9333333333333,0.00210183614053367,0
"60-65%",345,18,0.625,16,16,-0.00192653097146943,0
"60-65%",345,18,0.625,17,16.0666666666667,0.00184104684268696,0
"60-65%",345,18,0.625,18,17.7333333333333,0.0141636447822234,0
"60-65%",345,18,0.625,19,17.4666666666667,0.0331994655831511,0
"60-65%",345,18,0.625,20,17.4,0.0601707034633158,0
"60-65%",345,18,0.625,21,18.2666666666667,0.0960111895068715,0
"60-65%",345,18,0.625,22,19.2,0.139658610384479,0
"60-65%",345,18,0.625,23,20.2,0.189407296487984,0
"60-65%",345,18,0.625,24,21.7333333333333,0.248074438738093,0
"60-65%",345,18,0.625,25,24.2666666666667,0.314976480011673,0
"60-65%",345,18,0.625,26,22.5333333333333,0.389517716759709,0
"60-65%",345,18,0.625,27,26.2,0.470868560517555,0.0666666666666667
"60-65%",345,18,0.625,28,26.4,0.561457468601851,0.0666666666666667
"60-65%",345,18,0.625,29,28.8666666666667,0.660127900631157,0.2
"60-65%",345,18,0.625,30,29.9333333333333,0.765482616779097,0.466666666666667
"60-65%",345,18,0.625,31,31,0.878849671648799,0.933333333333333
"60-65%",345,18,0.625,32,32,1,2
"60-65%",346,19,0.625,1,31,0.878866817704848,0.866666666666667
"60-65%",346,19,0.625,2,30,0.765503300130204,0.466666666666667
"60-65%",346,19,0.625,3,28.8666666666667,0.659989493034331,0.333333333333333
"60-65%",346,19,0.625,4,26.4,0.561994229672151,0
"60-65%",346,19,0.625,5,26.2666666666667,0.471836384024561,0
"60-65%",346,19,0.625,6,24.6,0.389690152721745,0
"60-65%",346,19,0.625,7,25,0.314033972369036,0
"60-65%",346,19,0.625,8,21.2666666666667,0.248636793904497,0
"60-65%",346,19,0.625,9,19.8666666666667,0.190280674929418,0
"60-65%",346,19,0.625,10,20.1333333333333,0.138980967243645,0
"60-65%",346,19,0.625,11,18.6,0.0968442579459319,0
"60-65%",346,19,0.625,12,16.6,0.0599002863663235,0
"60-65%",346,19,0.625,13,15.1333333333333,0.0335657216796306,0
"60-65%",346,19,0.625,14,17.2,0.0124157967033572,0
"60-65%",346,19,0.625,15,15.8,0.00184104684268696,0
"60-65%",346,19,0.625,16,16.2,-0.00150729151772414,0
"60-65%",346,19,0.625,17,15.9333333333333,0.00249484610243096,0
"60-65%",346,19,0.625,18,17.2,0.0131836530261961,0
"60-65%",346,19,0.625,19,18,0.0335709923170114,0
"60-65%",346,19,0.625,20,17.2666666666667,0.0607993936131665,0
"60-65%",346,19,0.625,21,18.7333333333333,0.095209617341249,0
"60-65%",346,19,0.625,22,19.3333333333333,0.138633074104956,0
"60-65%",346,19,0.625,23,21.0666666666667,0.189576404197547,0
"60-65%",346,19,0.625,24,21.4666666666667,0.248802135938653,0
"60-65%",346,19,0.625,25,23.6,0.314631354684761,0
"60-65%",346,19,0.625,26,23.6666666666667,0.389464597490133,0
"60-65%",346,19,0.625,27,25.4,0.47174431263199,0
"60-65%",346,19,0.625,28,26.4,0.561839021599272,0
"60-65%",346,19,0.625,29,28.9333333333333,0.659496750606623,0.133333333333333
"60-65%",346,19,0.625,30,29.9333333333333,0.765401037489158,0.333333333333333
"60-65%",346,19,0.625,31,30.9333333333333,0.878849671648799,0.933333333333333
"60-65%",346,19,0.625,32,32,1,2
"60-65%",349,20,0.625,1,30.9333333333333,0.878883963760896,0.933333333333333
"60-65%",349,20,0.625,2,29.9333333333333,0.765503300130204,0.4
"60-65%",349,20,0.625,3,29,0.659653320843401,0.2
"60-65%",349,20,0.625,4,27.3333333333333,0.561580048197531,0
"60-65%",349,20,0.625,5,24.8666666666667,0.472300871596883,0
"60-65%",349,20,0.625,6,23.8,0.389721356399868,0
"60-65%",349,20,0.625,7,25,0.315376344767266,0
"60-65%",349,20,0.625,8,22.2,0.247825177744375,0
"60-65%",349,20,0.625,9,21.0666666666667,0.189350667613428,0
"60-65%",349,20,0.625,10,20.2,0.137868718530868,0
"60-65%",349,20,0.625,11,18.2,0.0956314828407844,0
"60-65%",349,20,0.625,12,18.9333333333333,0.0607144895578132,0
"60-65%",349,20,0.625,13,16.4,0.0338292311080397,0
"60-65%",349,20,0.625,14,16.4,0.0136451992631984,0
"60-65%",349,20,0.625,15,15.9333333333333,0.0023644514535076,0
"60-65%",349,20,0.625,16,16,-0.001773591680858,0
"60-65%",349,20,0.625,17,15.9333333333333,0.00191608217650622,0
"60-65%",349,20,0.625,18,17,0.01358008703089,0
"60-65%",349,20,0.625,19,17,0.0339583505035538,0
"60-65%",349,20,0.625,20,18.8,0.0601835878729522,0
"60-65%",349,20,0.625,21,17.5333333333333,0.0952763894692266,0
"60-65%",349,20,0.625,22,18.8,0.139531135181804,0
"60-65%",349,20,0.625,23,21.6666666666667,0.190260234916966,0
"60-65%",349,20,0.625,24,22,0.248604711497941,0
"60-65%",349,20,0.625,25,23.6,0.314980684780604,0
"60-65%",349,20,0.625,26,22.3333333333333,0.389783410336378,0
"60-65%",349,20,0.625,27,26.2,0.472097534356527,0
"60-65%",349,20,0.625,28,25.8,0.561800513224805,0
"60-65%",349,20,0.625,29,28.9333333333333,0.659814760157601,0.266666666666667
"60-65%",349,20,0.625,30,29.8,0.765687142061189,0.4
"60-65%",349,20,0.625,31,31,0.878883963760896,0.866666666666667
"60-65%",349,20,0.625,32,32,1,2
"65-70%",164,1,0.65625,1,31.0666666666667,0.878449034942004,1.8
"65-70%",164,1,0.65625,2,29.9333333333333,0.764354239894396,1.8
"65-70%",164,1,0.65625,3,28.7333333333333,0.658835394169613,1.53333333333333
"65-70%",164,1,0.65625,4,28.0666666666667,0.560075135162357,1.53333333333333
"65-70%",164,1,0.65625,5,27.3333333333333,0.470460781437638,1.6
"65-70%",164,1,0.65625,6,26.2,0.388621253984307,1.4
"65-70%",164,1,0.65625,7,24.4,0.315019573209344,0.733333333333333
"65-70%",164,1,0.65625,8,22.0666666666667,0.247988064293498,0.666666666666667
"65-70%",164,1,0.65625,9,22.6,0.189566150488316,0.8
"65-70%",164,1,0.65625,10,22.0666666666667,0.139352905533014,1.2
"65-70%",164,1,0.65625,11,21.6666666666667,0.0925224089763587,0.8
"65-70%",164,1,0.65625,12,19.9333333333333,0.0588414058256102,0.533333333333333
"65-70%",164,1,0.65625,13,19.8666666666667,0.031687293458245,0.533333333333333
"65-70%",164,1,0.65625,14,19.6666666666667,0.0132784729452456,0.533333333333333
"65-70%",164,1,0.65625,15,19.2666666666667,0.000134840497670814,0.666666666666667
"65-70%",164,1,0.65625,16,18.8,-0.0036870794953617,0.466666666666667
"65-70%",164,1,0.65625,17,18.6666666666667,0.00280050666479181,0.8
"65-70%",164,1,0.65625,18,19.3333333333333,0.013482403212628,0.4
"65-70%",164,1,0.65625,19,19.9333333333333,0.0320903905719305,0.666666666666667
"65-70%",164,1,0.65625,20,20,0.0610032626078012,0.666666666666667
"65-70%",164,1,0.65625,21,21.9333333333333,0.0937445461837102,1.13333333333333
"65-70%",164,1,0.65625,22,21.3333333333333,0.138652495969604,0.6
"65-70%",164,1,0.65625,23,22.1333333333333,0.188013710349209,1
"65-70%",164,1,0.65625,24,23.1333333333333,0.247767292278239,1.26666666666667
"65-70%",164,1,0.65625,25,23.8,0.31450242344556,1.2
"65-70%",164,1,0.65625,26,26,0.387094865728683,1
"65-70%",164,1,0.65625,27,27.0666666666667,0.47021150701588,1.4
"65-70%",164,1,0.65625,28,28,0.560142918129322,1.53333333333333
"65-70%",164,1,0.65625,29,28.8,0.65959826182366,1.53333333333333
"65-70%",164,1,0.65625,30,30,0.764748614134727,1.6
"65-70%",164,1,0.65625,31,31.0666666666667,0.878405123565603,1.73333333333333
"65-70%",164,1,0.65625,32,32,1,2
"65-70%",166,2,0.65625,1,30.8666666666667,0.878492946318405,0.8
"65-70%",166,2,0.65625,2,30,0.764020649153827,0.266666666666667
"65-70%",166,2,0.65625,3,28.8,0.659577931697027,0.266666666666667
"65-70%",166,2,0.65625,4,27.9333333333333,0.559396327964871,0.0666666666666667
"65-70%",166,2,0.65625,5,24.8666666666667,0.471571933114103,0
"65-70%",166,2,0.65625,6,26,0.387966015370208,0
"65-70%",166,2,0.65625,7,23.1333333333333,0.314402784905692,0
"65-70%",166,2,0.65625,8,22.7333333333333,0.245639442058712,0
"65-70%",166,2,0.65625,9,20.6,0.188065874189029,0
"65-70%",166,2,0.65625,10,20.2,0.136894631393249,0
"65-70%",166,2,0.65625,11,18.5333333333333,0.0953612498066017,0
"65-70%",166,2,0.65625,12,18.8,0.0608110112476686,0
"65-70%",166,2,0.65625,13,17.0666666666667,0.0318819548606385,0
"65-70%",166,2,0.65625,14,15.3333333333333,0.0132780141416967,0
"65-70%",166,2,0.65625,15,16,-0.00020959267739514,0
"65-70%",166,2,0.65625,16,16,-0.00304799449452396,0
"65-70%",166,2,0.65625,17,16.1333333333333,9.69903828002093e-05,0
"65-70%",166,2,0.65625,18,17.2666666666667,0.0138898049438438,0
"65-70%",166,2,0.65625,19,16.8,0.0324908754419387,0
"65-70%",166,2,0.65625,20,17.3333333333333,0.0592144367800485,0
"65-70%",166,2,0.65625,21,18.5333333333333,0.0944661384035148,0
"65-70%",166,2,0.65625,22,20.4,0.138305393595008,0
"65-70%",166,2,0.65625,23,20.7333333333333,0.188267195919589,0
"65-70%",166,2,0.65625,24,21.4666666666667,0.247840693348169,0
"65-70%",166,2,0.65625,25,25,0.313775429316148,0.0666666666666667
"65-70%",166,2,0.65625,26,24.6666666666667,0.388268309795898,0
"65-70%",166,2,0.65625,27,25.6,0.471570704951218,0
"65-70%",166,2,0.65625,28,27.9333333333333,0.561522499085287,0.133333333333333
"65-70%",166,2,0.65625,29,28.9333333333333,0.658757367928987,0.2
"65-70%",166,2,0.65625,30,29.9333333333333,0.764440230101038,0.266666666666667
"65-70%",166,2,0.65625,31,30.8666666666667,0.878492946318405,0.733333333333333
"65-70%",166,2,0.65625,32,32,1,2
"65-70%",199,3,0.65625,1,31,0.878449034942004,1.8
"65-70%",199,3,0.65625,2,29.8666666666667,0.76492059454801,1.8
"65-70%",199,3,0.65625,3,28.7333333333333,0.658983572417857,1.6
"65-70%",199,3,0.65625,4,28.2,0.562034744392661,1.73333333333333
"65-70%",199,3,0.65625,5,26.8666666666667,0.470710055859396,1.33333333333333
"65-70%",199,3,0.65625,6,25.6,0.387699454580064,1.26666666666667
"65-70%",199,3,0.65625,7,25.2,0.314294120656253,1.06666666666667
"65-70%",199,3,0.65625,8,23.6,0.247509073656979,0.933333333333333
"65-70%",199,3,0.65625,9,22.0666666666667,0.187920540179413,0.866666666666667
"65-70%",199,3,0.65625,10,21.6666666666667,0.137465812131366,0.8
"65-70%",199,3,0.65625,11,21.2666666666667,0.0948718488408718,0.733333333333333
"65-70%",199,3,0.65625,12,20.2,0.061013023205561,0.6
"65-70%",199,3,0.65625,13,20.0666666666667,0.0314834159141542,0.6
"65-70%",199,3,0.65625,14,19.4,0.0122441796387701,0.666666666666667
"65-70%",199,3,0.65625,15,18.9333333333333,0.00188002509663889,0.666666666666667
"65-70%",199,3,0.65625,16,19.2,-0.00222707388448662,0.466666666666667
"65-70%",199,3,0.65625,17,19.1333333333333,0.000506133990177445,0.333333333333333
"65-70%",199,3,0.65625,18,19.7333333333333,0.0126666821430986,0.733333333333333
"65-70%",199,3,0.65625,19,20.4,0.0317827281395652,1
"65-70%",199,3,0.65625,20,20.8666666666667,0.0586703868290643,0.666666666666667
"65-70%",199,3,0.65625,21,20,0.0951988746451363,0.666666666666667
"65-70%",199,3,0.65625,22,21.7333333333333,0.137838178094073,0.866666666666667
"65-70%",199,3,0.65625,23,22.7333333333333,0.187578000781852,1.13333333333333
"65-70%",199,3,0.65625,24,22.8,0.248775509147302,0.866666666666667
"65-70%",199,3,0.65625,25,25.1333333333333,0.313190598842589,1.26666666666667
"65-70%",199,3,0.65625,26,25.8,0.387412076281545,1.13333333333333
"65-70%",199,3,0.65625,27,27.1333333333333,0.469106846691974,1.4
"65-70%",199,3,0.65625,28,28.0666666666667,0.561344953914679,1.6
"65-70%",199,3,0.65625,29,29.3333333333333,0.65820660258399,1.73333333333333
"65-70%",199,3,0.65625,30,30,0.763848668740543,1.66666666666667
"65-70%",199,3,0.65625,31,31.0666666666667,0.878536857694806,1.86666666666667
"65-70%",199,3,0.65625,32,32,1,2
"65-70%",227,4,0.65625,1,31.0666666666667,0.878492946318405,1.73333333333333
"65-70%",227,4,0.65625,2,30.0666666666667,0.763565491413736,1.73333333333333
"65-70%",227,4,0.65625,3,28.8666666666667,0.658737037802354,1.66666666666667
"65-70%",227,4,0.65625,4,28.2,0.561445924011904,1.8
"65-70%",227,4,0.65625,5,26.8,0.470166927701216,1.26666666666667
"65-70%",227,4,0.65625,6,26.2,0.387717474548681,1.33333333333333
"65-70%",227,4,0.65625,7,25.7333333333333,0.314413608164,1.6
"65-70%",227,4,0.65625,8,22.4,0.247498983682906,0.8
"65-70%",227,4,0.65625,9,23.6666666666667,0.187345290841749,1.2
"65-70%",227,4,0.65625,10,21.4,0.138210544056781,0.8
"65-70%",227,4,0.65625,11,20.4,0.0957353487272287,0.933333333333333
"65-70%",227,4,0.65625,12,19.7333333333333,0.0602244965695107,0.6
"65-70%",227,4,0.65625,13,19.9333333333333,0.0302775029442231,0.533333333333333
"65-70%",227,4,0.65625,14,18.2,0.0136858746764614,0.133333333333333
"65-70%",227,4,0.65625,15,19.2,0.00187397547436164,0.6
"65-70%",227,4,0.65625,16,18.6666666666667,-0.00325520599292433,0.466666666666667
"65-70%",227,4,0.65625,17,19.3333333333333,0.000748739005628385,0.533333333333333
"65-70%",227,4,0.65625,18,18.9333333333333,0.012863291425699,0.333333333333333
"65-70%",227,4,0.65625,19,20,0.0311821577652193,0.666666666666667
"65-70%",227,4,0.65625,20,20.0666666666667,0.0596184606958334,0.4
"65-70%",227,4,0.65625,21,20.8,0.0956566640941363,0.6
"65-70%",227,4,0.65625,22,22.2666666666667,0.137907764044189,1
"65-70%",227,4,0.65625,23,22.3333333333333,0.19028406148007,0.733333333333333
"65-70%",227,4,0.65625,24,23.6,0.248239460762107,1.13333333333333
"65-70%",227,4,0.65625,25,24.6,0.315358186764705,1.33333333333333
"65-70%",227,4,0.65625,26,26.3333333333333,0.389627233813131,1.4
"65-70%",227,4,0.65625,27,26.7333333333333,0.470529027949522,1.13333333333333
"65-70%",227,4,0.65625,28,28.0666666666667,0.560832708607304,1.46666666666667
"65-70%",227,4,0.65625,29,29.2,0.658673113741549,1.73333333333333
"65-70%",227,4,0.65625,30,30.1333333333333,0.765117781668175,1.86666666666667
"65-70%",227,4,0.65625,31,31,0.878449034942004,1.86666666666667
"65-70%",227,4,0.65625,32,32,1,2
"65-70%",230,5,0.65625,1,30.9333333333333,0.878492946318405,0.866666666666667
"65-70%",230,5,0.65625,2,29.9333333333333,0.76452622030768,0.333333333333333
"65-70%",230,5,0.65625,3,28.9333333333333,0.658615417627556,0.0666666666666667
"65-70%",230,5,0.65625,4,28,0.560506800576957,0.0666666666666667
"65-70%",230,5,0.65625,5,25.5333333333333,0.470906777125601,0.0666666666666667
"65-70%",230,5,0.65625,6,26,0.387777431578745,0
"65-70%",230,5,0.65625,7,23.0666666666667,0.315676059448754,0
"65-70%",230,5,0.65625,8,22.1333333333333,0.247840693348169,0
"65-70%",230,5,0.65625,9,21.2666666666667,0.186097505654009,0
"65-70%",230,5,0.65625,10,19.2666666666667,0.139551720308423,0
"65-70%",230,5,0.65625,11,17.0666666666667,0.0935215019341212,0
"65-70%",230,5,0.65625,12,19.6,0.0592454297413951,0
"65-70%",230,5,0.65625,13,17.8,0.0330905798815416,0
"65-70%",230,5,0.65625,14,17.4666666666667,0.0130667628895325,0
"65-70%",230,5,0.65625,15,16.2,0.00115788261300562,0
"65-70%",230,5,0.65625,16,16,-0.00479523058355317,0
"65-70%",230,5,0.65625,17,15.8666666666667,0.001777464549457,0
"65-70%",230,5,0.65625,18,16.9333333333333,0.0128628326221501,0
"65-70%",230,5,0.65625,19,16.4,0.0334983349697232,0
"65-70%",230,5,0.65625,20,17.4666666666667,0.0604069873318837,0
"65-70%",230,5,0.65625,21,19.8,0.0933388357463532,0
"65-70%",230,5,0.65625,22,20.7333333333333,0.135796592279021,0
"65-70%",230,5,0.65625,23,21.3333333333333,0.187230350582844,0
"65-70%",230,5,0.65625,24,22.7333333333333,0.248045122042174,0
"65-70%",230,5,0.65625,25,24.4,0.313250795419113,0
"65-70%",230,5,0.65625,26,25.3333333333333,0.38925317007165,0
"65-70%",230,5,0.65625,27,24.8,0.471058919077141,0
"65-70%",230,5,0.65625,28,28,0.560974875473574,0.2
"65-70%",230,5,0.65625,29,29,0.659294031094164,0.4
"65-70%",230,5,0.65625,30,29.8666666666667,0.764698200720963,0.2
"65-70%",230,5,0.65625,31,30.9333333333333,0.878361212189201,0.866666666666667
"65-70%",230,5,0.65625,32,32,1,2
"65-70%",238,6,0.6875,1,30.9333333333333,0.877706502136408,1.93333333333333
"65-70%",238,6,0.6875,2,29.9333333333333,0.763392041295152,1.66666666666667
"65-70%",238,6,0.6875,3,28.8666666666667,0.656067862011949,1.4
"65-70%",238,6,0.6875,4,27.7333333333333,0.55991061971157,1.2
"65-70%",238,6,0.6875,5,26.7333333333333,0.470198312924547,1.46666666666667
"65-70%",238,6,0.6875,6,25.9333333333333,0.387078293889091,1.26666666666667
"65-70%",238,6,0.6875,7,25,0.311465610102667,1.06666666666667
"65-70%",238,6,0.6875,8,23.6,0.24216995784977,0.666666666666667
"65-70%",238,6,0.6875,9,22.4666666666667,0.185325809315449,0.6
"65-70%",238,6,0.6875,10,21.2666666666667,0.137213201067126,0.4
"65-70%",238,6,0.6875,11,20.6,0.0943675212056973,0.466666666666667
"65-70%",238,6,0.6875,12,19.8,0.0584534361858987,0.2
"65-70%",238,6,0.6875,13,19.4,0.0314215099827419,0.266666666666667
"65-70%",238,6,0.6875,14,18.6666666666667,0.0128267811256922,0.466666666666667
"65-70%",238,6,0.6875,15,18,0.00072097526945939,0.133333333333333
"65-70%",238,6,0.6875,16,18.7333333333333,-0.00580168712957039,0.133333333333333
"65-70%",238,6,0.6875,17,18.5333333333333,0.000132111759529749,0.133333333333333
"65-70%",238,6,0.6875,18,18.8666666666667,0.0109010077802524,0.266666666666667
"65-70%",238,6,0.6875,19,18.8666666666667,0.0326003829709019,0.133333333333333
"65-70%",238,6,0.6875,20,20.4,0.0565659856574784,0.4
"65-70%",238,6,0.6875,21,21,0.092097549314252,0.2
"65-70%",238,6,0.6875,22,20.8,0.138228079815543,0.6
"65-70%",238,6,0.6875,23,21.0666666666667,0.186826481662123,0.266666666666667
"65-70%",238,6,0.6875,24,23.4666666666667,0.243860484989284,0.533333333333333
"65-70%",238,6,0.6875,25,24.3333333333333,0.311920301414119,0.533333333333333
"65-70%",238,6,0.6875,26,25.8,0.385995386677836,1
"65-70%",238,6,0.6875,27,26.5333333333333,0.466365237597947,0.733333333333333
"65-70%",238,6,0.6875,28,27.9333333333333,0.55991428086274,1.4
"65-70%",238,6,0.6875,29,28.8,0.657100246757698,1.4
"65-70%",238,6,0.6875,30,30,0.762720983416077,1.6
"65-70%",238,6,0.6875,31,30.9333333333333,0.877793334740904,1.93333333333333
"65-70%",238,6,0.6875,32,32,1,2
"65-70%",248,7,0.6875,1,31,0.877706502136408,1.93333333333333
"65-70%",248,7,0.6875,2,29.8666666666667,0.76324534018573,1.73333333333333
"65-70%",248,7,0.6875,3,28.8666666666667,0.656690189545042,1.46666666666667
"65-70%",248,7,0.6875,4,27.9333333333333,0.559000015219462,1.46666666666667
"65-70%",248,7,0.6875,5,26.8666666666667,0.470362106971842,1.33333333333333
"65-70%",248,7,0.6875,6,25.7333333333333,0.387225588363773,1
"65-70%",248,7,0.6875,7,24.2666666666667,0.314342536378805,1.13333333333333
"65-70%",248,7,0.6875,8,22.7333333333333,0.245910774257851,0.666666666666667
"65-70%",248,7,0.6875,9,22.2,0.186156175997953,0.4
"65-70%",248,7,0.6875,10,21.9333333333333,0.135012994543362,0.6
"65-70%",248,7,0.6875,11,19.8,0.092681744428994,0.733333333333333
"65-70%",248,7,0.6875,12,19.8666666666667,0.0591714189691947,0.4
"65-70%",248,7,0.6875,13,18.6666666666667,0.0328918629121995,0.133333333333333
"65-70%",248,7,0.6875,14,18.6,0.010753623665955,0.333333333333333
"65-70%",248,7,0.6875,15,18.2666666666667,-0.00170145116376632,0
"65-70%",248,7,0.6875,16,18.6,-0.00429772976853247,0.0666666666666667
"65-70%",248,7,0.6875,17,18.2,0.00131288359233162,0.2
"65-70%",248,7,0.6875,18,18.4666666666667,0.0116397687659379,0.333333333333333
"65-70%",248,7,0.6875,19,18.2666666666667,0.0323057143441542,0.0666666666666667
"65-70%",248,7,0.6875,20,20.3333333333333,0.0585866850966325,0.466666666666667
"65-70%",248,7,0.6875,21,20.3333333333333,0.0946596187630683,0.4
"65-70%",248,7,0.6875,22,21.9333333333333,0.135783547060032,0.666666666666667
"65-70%",248,7,0.6875,23,21.0666666666667,0.18535339581223,0.533333333333333
"65-70%",248,7,0.6875,24,23.8666666666667,0.247031428353721,0.866666666666667
"65-70%",248,7,0.6875,25,24.1333333333333,0.31174870891722,1.2
"65-70%",248,7,0.6875,26,25.8666666666667,0.386971708006636,1.06666666666667
"65-70%",248,7,0.6875,27,26.6,0.467868154388113,1.06666666666667
"65-70%",248,7,0.6875,28,27.8,0.55991428086274,1.46666666666667
"65-70%",248,7,0.6875,29,28.9333333333333,0.656219570911053,1.6
"65-70%",248,7,0.6875,30,29.9333333333333,0.762196626646423,1.4
"65-70%",248,7,0.6875,31,30.8666666666667,0.877619669531912,1.8
"65-70%",248,7,0.6875,32,32,1,2
"65-70%",250,8,0.65625,1,30.8666666666667,0.878536857694806,1.8
"65-70%",250,8,0.65625,2,30.0666666666667,0.764723407427845,1.66666666666667
"65-70%",250,8,0.65625,3,29,0.658476401007031,1.73333333333333
"65-70%",250,8,0.65625,4,27.9333333333333,0.561776619329278,1.46666666666667
"65-70%",250,8,0.65625,5,27.2,0.470529027949522,1.53333333333333
"65-70%",250,8,0.65625,6,25.7333333333333,0.389250066230205,1.33333333333333
"65-70%",250,8,0.65625,7,24.6,0.315069838430995,1.26666666666667
"65-70%",250,8,0.65625,8,23.2,0.246028119498578,1.13333333333333
"65-70%",250,8,0.65625,9,22.4666666666667,0.18863363283121,0.866666666666667
"65-70%",250,8,0.65625,10,22.4,0.135889126909613,0.933333333333333
"65-70%",250,8,0.65625,11,20.6666666666667,0.0938054937358363,0.533333333333333
"65-70%",250,8,0.65625,12,20.2,0.0596087000980737,0.666666666666667
"65-70%",250,8,0.65625,13,19.4,0.0331952307045591,0.666666666666667
"65-70%",250,8,0.65625,14,18.4,0.0140937352112261,0.333333333333333
"65-70%",250,8,0.65625,15,19.2666666666667,0.00115788261300562,0.666666666666667
"65-70%",250,8,0.65625,16,19.7333333333333,-0.00491713951315702,0.466666666666667
"65-70%",250,8,0.65625,17,19.3333333333333,0.00239172925119801,0.666666666666667
"65-70%",250,8,0.65625,18,19,0.0126671409466475,0.466666666666667
"65-70%",250,8,0.65625,19,19.4666666666667,0.0327874756163776,0.533333333333333
"65-70%",250,8,0.65625,20,19.2666666666667,0.060214735971751,0.6
"65-70%",250,8,0.65625,21,20.6666666666667,0.095555236484797,0.666666666666667
"65-70%",250,8,0.65625,22,20.7333333333333,0.138106578819599,0.466666666666667
"65-70%",250,8,0.65625,23,22.6,0.187813383077481,1
"65-70%",250,8,0.65625,24,23.8,0.247703412376911,0.933333333333333
"65-70%",250,8,0.65625,25,25.1333333333333,0.312989780186533,1.4
"65-70%",250,8,0.65625,26,24.5333333333333,0.389591500177584,1.06666666666667
"65-70%",250,8,0.65625,27,27.1333333333333,0.470559142070741,1.53333333333333
"65-70%",250,8,0.65625,28,28,0.560578588363313,1.46666666666667
"65-70%",250,8,0.65625,29,29.0666666666667,0.659534337762855,1.73333333333333
"65-70%",250,8,0.65625,30,30.2,0.764020649153827,1.66666666666667
"65-70%",250,8,0.65625,31,30.9333333333333,0.878405123565603,1.93333333333333
"65-70%",250,8,0.65625,32,32,1,2
"65-70%",257,9,0.65625,1,30.8666666666667,0.878580769071208,1.73333333333333
"65-70%",257,9,0.65625,2,29.8666666666667,0.764415023394157,1
"65-70%",257,9,0.65625,3,28.9333333333333,0.659287803147352,1.33333333333333
"65-70%",257,9,0.65625,4,27.9333333333333,0.560546183700687,0.933333333333333
"65-70%",257,9,0.65625,5,27,0.469629062732708,0.666666666666667
"65-70%",257,9,0.65625,6,25.3333333333333,0.389360673022987,0.733333333333333
"65-70%",257,9,0.65625,7,24.4,0.312563243253045,0.6
"65-70%",257,9,0.65625,8,21.1333333333333,0.249164186587167,0.4
"65-70%",257,9,0.65625,9,22.3333333333333,0.188114371214489,0.4
"65-70%",257,9,0.65625,10,18.7333333333333,0.137778535218896,0.133333333333333
"65-70%",257,9,0.65625,11,19.2666666666667,0.0953612498066017,0.266666666666667
"65-70%",257,9,0.65625,12,18.4666666666667,0.058618161504131,0.133333333333333
"65-70%",257,9,0.65625,13,17.6,0.0325863101232589,0.2
"65-70%",257,9,0.65625,14,16.0666666666667,0.0132784729452456,0.133333333333333
"65-70%",257,9,0.65625,15,16.4,0.00166958676756474,0.333333333333333
"65-70%",257,9,0.65625,16,16.0666666666667,-0.0012015835705703,0.133333333333333
"65-70%",257,9,0.65625,17,16.8,0.00116356604149943,0.133333333333333
"65-70%",257,9,0.65625,18,16.5333333333333,0.0132784729452456,0.0666666666666667
"65-70%",257,9,0.65625,19,16.4666666666667,0.0329951452002214,0.2
"65-70%",257,9,0.65625,20,16.8666666666667,0.0592356691436353,0.266666666666667
"65-70%",257,9,0.65625,21,19.3333333333333,0.0942835742111389,0.266666666666667
"65-70%",257,9,0.65625,22,20,0.138980539570306,0.466666666666667
"65-70%",257,9,0.65625,23,22.5333333333333,0.1888008939967,0.466666666666667
"65-70%",257,9,0.65625,24,22,0.246638137759173,0.4
"65-70%",257,9,0.65625,25,24.2,0.313160182588817,0.4
"65-70%",257,9,0.65625,26,24.6666666666667,0.388421159951814,0.733333333333333
"65-70%",257,9,0.65625,27,26.8666666666667,0.470514562756076,0.8
"65-70%",257,9,0.65625,28,28,0.55970724789533,0.733333333333333
"65-70%",257,9,0.65625,29,28.8,0.658899318230419,0.933333333333333
"65-70%",257,9,0.65625,30,29.8666666666667,0.764415023394157,1
"65-70%",257,9,0.65625,31,30.8666666666667,0.878580769071208,1.66666666666667
"65-70%",257,9,0.65625,32,32,1,2
"65-70%",260,10,0.6875,1,31,0.877793334740904,1
"65-70%",260,10,0.6875,2,30,0.763654219679979,0.6
"65-70%",260,10,0.6875,3,28.9333333333333,0.65792036118301,0.333333333333333
"65-70%",260,10,0.6875,4,28,0.55991428086274,0.2
"65-70%",260,10,0.6875,5,27,0.469353747790383,0.133333333333333
"65-70%",260,10,0.6875,6,26,0.387074395323587,0
"65-70%",260,10,0.6875,7,24.4,0.313157128965666,0
"65-70%",260,10,0.6875,8,24,0.242730609654183,0
"65-70%",260,10,0.6875,9,22.6,0.18768872942799,0
"65-70%",260,10,0.6875,10,20.5333333333333,0.136605851538905,0
"65-70%",260,10,0.6875,11,19.4666666666667,0.0935068842158199,0
"65-70%",260,10,0.6875,12,17.3333333333333,0.0567542168269693,0
"65-70%",260,10,0.6875,13,17.3333333333333,0.0337758687924428,0
"65-70%",260,10,0.6875,14,17.2,0.0109010077802524,0
"65-70%",260,10,0.6875,15,16.5333333333333,-0.000169932027791538,0
"65-70%",260,10,0.6875,16,16.2,-0.00460470339031059,0
"65-70%",260,10,0.6875,17,16,0.000402191756568757,0
"65-70%",260,10,0.6875,18,17,0.0111966962159464,0
"65-70%",260,10,0.6875,19,17.4666666666667,0.0305408912691179,0
"65-70%",260,10,0.6875,20,16.7333333333333,0.0599036116905756,0
"65-70%",260,10,0.6875,21,19.6,0.0926619029081781,0
"65-70%",260,10,0.6875,22,20.4,0.134533630101164,0
"65-70%",260,10,0.6875,23,22.4,0.186792125484709,0
"65-70%",260,10,0.6875,24,21.6,0.240980007666917,0
"65-70%",260,10,0.6875,25,24.3333333333333,0.313552530106133,0
"65-70%",260,10,0.6875,26,25.3333333333333,0.387473036946345,0
"65-70%",260,10,0.6875,27,27,0.468143439690692,0.0666666666666667
"65-70%",260,10,0.6875,28,28,0.556933333347653,0.0666666666666667
"65-70%",260,10,0.6875,29,29,0.656852766135264,0.4
"65-70%",260,10,0.6875,30,29.9333333333333,0.763318690740441,0.466666666666667
"65-70%",260,10,0.6875,31,30.9333333333333,0.877619669531912,0.866666666666667
"65-70%",260,10,0.6875,32,32,1,2
"65-70%",264,11,0.65625,1,31,0.878492946318405,1.8
"65-70%",264,11,0.65625,2,30.1333333333333,0.76452622030768,1.86666666666667
"65-70%",264,11,0.65625,3,29.2,0.658270526644795,1.66666666666667
"65-70%",264,11,0.65625,4,28.0666666666667,0.560687568099322,1.53333333333333
"65-70%",264,11,0.65625,5,27.3333333333333,0.470376885997982,1.73333333333333
"65-70%",264,11,0.65625,6,24.8,0.390196089028965,1
"65-70%",264,11,0.65625,7,24.4,0.313508471526637,1.26666666666667
"65-70%",264,11,0.65625,8,23.7333333333333,0.247498983682906,0.733333333333333
"65-70%",264,11,0.65625,9,21.9333333333333,0.188997397387304,0.6
"65-70%",264,11,0.65625,10,21.4666666666667,0.137907764044189,0.8
"65-70%",264,11,0.65625,11,20.6,0.0936927456360698,0.8
"65-70%",264,11,0.65625,12,20.0666666666667,0.0602457289330975,0.466666666666667
"65-70%",264,11,0.65625,13,19.2,0.0326947529860294,0.466666666666667
"65-70%",264,11,0.65625,14,19.2666666666667,0.0124632106792651,0.6
"65-70%",264,11,0.65625,15,18.9333333333333,0.00198221945003734,0.666666666666667
"65-70%",264,11,0.65625,16,18.6666666666667,-0.00222707388448662,0.466666666666667
"65-70%",264,11,0.65625,17,18.9333333333333,0.00126007696640407,0.666666666666667
"65-70%",264,11,0.65625,18,20.0666666666667,0.0114440181459022,0.466666666666667
"65-70%",264,11,0.65625,19,19.0666666666667,0.0326920409350574,0.466666666666667
"65-70%",264,11,0.65625,20,19.6666666666667,0.060214735971751,0.6
"65-70%",264,11,0.65625,21,20,0.0951672631284063,0.6
"65-70%",264,11,0.65625,22,18.9333333333333,0.138280130006897,0.266666666666667
"65-70%",264,11,0.65625,23,21.2,0.188450414375399,0.733333333333333
"65-70%",264,11,0.65625,24,22.9333333333333,0.245462015465504,0.733333333333333
"65-70%",264,11,0.65625,25,25.5333333333333,0.311257527338051,1.33333333333333
"65-70%",264,11,0.65625,26,25.5333333333333,0.387926875848519,1.13333333333333
"65-70%",264,11,0.65625,27,27.4,0.470710055859396,1.4
"65-70%",264,11,0.65625,28,27.7333333333333,0.561809023991904,1.33333333333333
"65-70%",264,11,0.65625,29,29.0666666666667,0.659047496478662,1.73333333333333
"65-70%",264,11,0.65625,30,30.1333333333333,0.764243042980873,1.8
"65-70%",264,11,0.65625,31,31.1333333333333,0.878449034942004,2
"65-70%",264,11,0.65625,32,32,1,2
"65-70%",272,12,0.6875,1,30.8666666666667,0.877706502136408,0.866666666666667
"65-70%",272,12,0.6875,2,30,0.763654219679979,0.6
"65-70%",272,12,0.6875,3,28.8666666666667,0.659150532820978,0.466666666666667
"65-70%",272,12,0.6875,4,27.8666666666667,0.558881087928216,0.2
"65-70%",272,12,0.6875,5,27,0.471124082163093,0.133333333333333
"65-70%",272,12,0.6875,6,25.4,0.3867907206406,0
"65-70%",272,12,0.6875,7,25,0.313552530106133,0
"65-70%",272,12,0.6875,8,21.7333333333333,0.246268866376431,0.0666666666666667
"65-70%",272,12,0.6875,9,21.3333333333333,0.185808467464504,0
"65-70%",272,12,0.6875,10,20.5333333333333,0.138991789370657,0
"65-70%",272,12,0.6875,11,19,0.0943675212056973,0
"65-70%",272,12,0.6875,12,18,0.0588816027942702,0
"65-70%",272,12,0.6875,13,17.6666666666667,0.0308321727292464,0
"65-70%",272,12,0.6875,14,16.6666666666667,0.0114971033721682,0
"65-70%",272,12,0.6875,15,16.0666666666667,0.0013159284052742,0
"65-70%",272,12,0.6875,16,16.2666666666667,-0.00476370433789895,0
"65-70%",272,12,0.6875,17,16.3333333333333,-0.00167557699936921,0
"65-70%",272,12,0.6875,18,15.6,0.0126789369078452,0
"65-70%",272,12,0.6875,19,18.2666666666667,0.0281895226636981,0
"65-70%",272,12,0.6875,20,18.1333333333333,0.0552409314926328,0
"65-70%",272,12,0.6875,21,20.2666666666667,0.092681744428994,0
"65-70%",272,12,0.6875,22,20.9333333333333,0.134383264334034,0.0666666666666667
"65-70%",272,12,0.6875,23,21.8666666666667,0.188553452287907,0
"65-70%",272,12,0.6875,24,22.7333333333333,0.248161697509631,0
"65-70%",272,12,0.6875,25,25,0.311025764110998,0
"65-70%",272,12,0.6875,26,26,0.388264472343605,0
"65-70%",272,12,0.6875,27,26.9333333333333,0.468770118357259,0.2
"65-70%",272,12,0.6875,28,27.9333333333333,0.557516849525495,0.0666666666666667
"65-70%",272,12,0.6875,29,29,0.6552223964673,0.2
"65-70%",272,12,0.6875,30,29.7333333333333,0.763916398064805,0.333333333333333
"65-70%",272,12,0.6875,31,30.9333333333333,0.877532836927416,0.8
"65-70%",272,12,0.6875,32,32,1,2
"65-70%",282,13,0.65625,1,31,0.878405123565603,1.86666666666667
"65-70%",282,13,0.65625,2,30,0.765006584754652,1.66666666666667
"65-70%",282,13,0.65625,3,29.0666666666667,0.658496731133664,1.53333333333333
"65-70%",282,13,0.65625,4,28.1333333333333,0.560913288500079,1.73333333333333
"65-70%",282,13,0.65625,5,27.2,0.469987083525668,1.66666666666667
"65-70%",282,13,0.65625,6,26.0666666666667,0.389058378597297,1.13333333333333
"65-70%",282,13,0.65625,7,24.2,0.31450242344556,1.13333333333333
"65-70%",282,13,0.65625,8,23.0666666666667,0.247468928035027,0.866666666666667
"65-70%",282,13,0.65625,9,23.8,0.189597538697859,1.13333333333333
"65-70%",282,13,0.65625,10,22.2,0.136938953755254,0.8
"65-70%",282,13,0.65625,11,20.1333333333333,0.095555236484797,0.533333333333333
"65-70%",282,13,0.65625,12,19.0666666666667,0.0608110112476686,0.4
"65-70%",282,13,0.65625,13,19.7333333333333,0.0325928142139841,0.733333333333333
"65-70%",282,13,0.65625,14,19.3333333333333,0.0107713739755669,0.333333333333333
"65-70%",282,13,0.65625,15,18.7333333333333,0.00188002509663889,0.333333333333333
"65-70%",282,13,0.65625,16,19,-0.00325520599292433,0.533333333333333
"65-70%",282,13,0.65625,17,18.6,0.00218697435061768,0.533333333333333
"65-70%",282,13,0.65625,18,18.7333333333333,0.0126589023547678,0.266666666666667
"65-70%",282,13,0.65625,19,19.1333333333333,0.034308421044142,0.4
"65-70%",282,13,0.65625,20,19.6,0.060214735971751,0.533333333333333
"65-70%",282,13,0.65625,21,21.4,0.0941325195401009,0.6
"65-70%",282,13,0.65625,22,21.0666666666667,0.138305393595008,0.6
"65-70%",282,13,0.65625,23,23,0.189501696172536,0.8
"65-70%",282,13,0.65625,24,22.6,0.247498983682906,0.666666666666667
"65-70%",282,13,0.65625,25,24.8,0.314472007191788,1
"65-70%",282,13,0.65625,26,25.4,0.388648581220269,1
"65-70%",282,13,0.65625,27,27.4,0.470435930506093,1.6
"65-70%",282,13,0.65625,28,28.1333333333333,0.559275582480731,1.66666666666667
"65-70%",282,13,0.65625,29,28.9333333333333,0.658997674597678,1.8
"65-70%",282,13,0.65625,30,30,0.765228978581698,1.73333333333333
"65-70%",282,13,0.65625,31,31,0.878405123565603,1.93333333333333
"65-70%",282,13,0.65625,32,32,1,2
"65-70%",291,14,0.6875,1,30.9333333333333,0.877619669531912,1.8
"65-70%",291,14,0.6875,2,29.9333333333333,0.763318690740441,1.8
"65-70%",291,14,0.6875,3,29.2,0.657216745354806,1.8
"65-70%",291,14,0.6875,4,28,0.558784315480282,1.73333333333333
"65-70%",291,14,0.6875,5,27,0.466942385149568,1.4
"65-70%",291,14,0.6875,6,26.7333333333333,0.38401835675237,1.53333333333333
"65-70%",291,14,0.6875,7,24,0.314059437564253,1.13333333333333
"65-70%",291,14,0.6875,8,24.2666666666667,0.241487705384975,0.866666666666667
"65-70%",291,14,0.6875,9,23.2666666666667,0.184140964418863,0.733333333333333
"65-70%",291,14,0.6875,10,21.8,0.135045915024482,1
"65-70%",291,14,0.6875,11,20,0.0946084658777812,0.6
"65-70%",291,14,0.6875,12,20.1333333333333,0.0604883455631377,0.733333333333333
"65-70%",291,14,0.6875,13,19.2666666666667,0.0305472686400181,0.333333333333333
"65-70%",291,14,0.6875,14,20.3333333333333,0.00764175816786014,0.466666666666667
"65-70%",291,14,0.6875,15,19.0666666666667,-0.00224770078372951,0.333333333333333
"65-70%",291,14,0.6875,16,19.4666666666667,-0.00430767100575952,0.466666666666667
"65-70%",291,14,0.6875,17,19,-0.000761840350663766,0.4
"65-70%",291,14,0.6875,18,18.7333333333333,0.0104484977892055,0.266666666666667
"65-70%",291,14,0.6875,19,18.7333333333333,0.0326003829709019,0.4
"65-70%",291,14,0.6875,20,20.8,0.0561429205718201,0.866666666666667
"65-70%",291,14,0.6875,21,20.2666666666667,0.0898432331050423,0.2
"65-70%",291,14,0.6875,22,22.2666666666667,0.135388855061156,1
"65-70%",291,14,0.6875,23,22.6,0.187910733120519,0.933333333333333
"65-70%",291,14,0.6875,24,24.7333333333333,0.24828394768297,1
"65-70%",291,14,0.6875,25,22.5333333333333,0.312821814004445,0.533333333333333
"65-70%",291,14,0.6875,26,25.6,0.386830845306519,1
"65-70%",291,14,0.6875,27,27.4,0.467583615526968,1.4
"65-70%",291,14,0.6875,28,28.4,0.558784315480282,1.46666666666667
"65-70%",291,14,0.6875,29,28.8,0.65680668814215,1.46666666666667
"65-70%",291,14,0.6875,30,29.9333333333333,0.762385454476539,1.66666666666667
"65-70%",291,14,0.6875,31,31.0666666666667,0.87744600432292,2
"65-70%",291,14,0.6875,32,32,1,2
"65-70%",303,15,0.65625,1,30.8666666666667,0.878536857694806,1.86666666666667
"65-70%",303,15,0.65625,2,29.8,0.765426165701863,1.66666666666667
"65-70%",303,15,0.65625,3,28.9333333333333,0.658997674597678,1.6
"65-70%",303,15,0.65625,4,28.2666666666667,0.561014258597304,1.6
"65-70%",303,15,0.65625,5,27,0.470349183773974,1.33333333333333
"65-70%",303,15,0.65625,6,25.6,0.387510870788601,1.06666666666667
"65-70%",303,15,0.65625,7,25.0666666666667,0.314990048859006,1.2
"65-70%",303,15,0.65625,8,23.8666666666667,0.247988064293498,0.866666666666667
"65-70%",303,15,0.65625,9,24.0666666666667,0.186399488249849,1.06666666666667
"65-70%",303,15,0.65625,10,19.9333333333333,0.139154090757605,0.4
"65-70%",303,15,0.65625,11,21.4,0.0938054937358363,1
"65-70%",303,15,0.65625,12,20.2666666666667,0.060214735971751,0.533333333333333
"65-70%",303,15,0.65625,13,19.3333333333333,0.0329940652114404,0.533333333333333
"65-70%",303,15,0.65625,14,19,0.0120480291597185,0.266666666666667
"65-70%",303,15,0.65625,15,19.3333333333333,0.000436106323155788,0.533333333333333
"65-70%",303,15,0.65625,16,18.6666666666667,-0.00284342479064497,0.466666666666667
"65-70%",303,15,0.65625,17,19.0666666666667,0.00259575176421147,0.8
"65-70%",303,15,0.65625,18,18.6,0.0140932764076772,0.466666666666667
"65-70%",303,15,0.65625,19,19.7333333333333,0.0327939797071027,0.6
"65-70%",303,15,0.65625,20,20.4666666666667,0.0582548911474524,0.533333333333333
"65-70%",303,15,0.65625,21,21.2,0.091226416562585,0.933333333333333
"65-70%",303,15,0.65625,22,22.6,0.134791087795385,0.666666666666667
"65-70%",303,15,0.65625,23,23.6666666666667,0.188630960475683,1.2
"65-70%",303,15,0.65625,24,23.8666666666667,0.248775509147302,1.2
"65-70%",303,15,0.65625,25,24.4666666666667,0.313706207030052,1.06666666666667
"65-70%",303,15,0.65625,26,25.5333333333333,0.387906058340144,1.06666666666667
"65-70%",303,15,0.65625,27,27,0.469712958172365,1.26666666666667
"65-70%",303,15,0.65625,28,27.8666666666667,0.560445213603462,1.13333333333333
"65-70%",303,15,0.65625,29,29.1333333333333,0.657507658990749,1.53333333333333
"65-70%",303,15,0.65625,30,30.0666666666667,0.764329033187515,1.6
"65-70%",303,15,0.65625,31,30.9333333333333,0.878449034942004,1.8
"65-70%",303,15,0.65625,32,32,1,2
"65-70%",312,16,0.6875,1,31.0666666666667,0.877532836927416,2
"65-70%",312,16,0.6875,2,29.9333333333333,0.763989748619517,1.66666666666667
"65-70%",312,16,0.6875,3,28.8666666666667,0.657100246757698,1.46666666666667
"65-70%",312,16,0.6875,4,27.9333333333333,0.559330764684898,1.26666666666667
"65-70%",312,16,0.6875,5,27.3333333333333,0.464602973054567,1.2
"65-70%",312,16,0.6875,6,26.1333333333333,0.388016439834725,1.53333333333333
"65-70%",312,16,0.6875,7,24.8,0.311301788901234,1.06666666666667
"65-70%",312,16,0.6875,8,23.0666666666667,0.247365853272933,1.06666666666667
"65-70%",312,16,0.6875,9,22.4,0.188265211334602,0.866666666666667
"65-70%",312,16,0.6875,10,22.6666666666667,0.137415318796458,1.33333333333333
"65-70%",312,16,0.6875,11,21.9333333333333,0.0906683728918682,0.666666666666667
"65-70%",312,16,0.6875,12,20.5333333333333,0.059475445082204,0.666666666666667
"65-70%",312,16,0.6875,13,18.4666666666667,0.0323057143441542,0.4
"65-70%",312,16,0.6875,14,18.8,0.0122358643578537,0.266666666666667
"65-70%",312,16,0.6875,15,19,-0.000166887214848951,0.533333333333333
"65-70%",312,16,0.6875,16,19.6,-0.00623566391491264,0.333333333333333
"65-70%",312,16,0.6875,17,18.5333333333333,0.00191088154108902,0.466666666666667
"65-70%",312,16,0.6875,18,19.3333333333333,0.0119401759221596,0.6
"65-70%",312,16,0.6875,19,19.6666666666667,0.0317195657761088,0.466666666666667
"65-70%",312,16,0.6875,20,20.7333333333333,0.0564414637303522,0.733333333333333
"65-70%",312,16,0.6875,21,20.8666666666667,0.0954847585498942,0.6
"65-70%",312,16,0.6875,22,21.5333333333333,0.137888688978894,0.8
"65-70%",312,16,0.6875,23,22.2666666666667,0.186986542680457,0.866666666666667
"65-70%",312,16,0.6875,24,24.2666666666667,0.246537033922476,1
"65-70%",312,16,0.6875,25,25.1333333333333,0.310966473940013,1.2
"65-70%",312,16,0.6875,26,25.7333333333333,0.389059806306369,1.4
"65-70%",312,16,0.6875,27,27.1333333333333,0.465617814117529,1.4
"65-70%",312,16,0.6875,28,28.0666666666667,0.560289715606503,1.53333333333333
"65-70%",312,16,0.6875,29,28.9333333333333,0.658330418395666,1.8
"65-70%",312,16,0.6875,30,30.0666666666667,0.763129862910325,1.8
"65-70%",312,16,0.6875,31,31.0666666666667,0.877532836927416,2
"65-70%",312,16,0.6875,32,32,1,2
"65-70%",314,17,0.6875,1,31.0666666666667,0.877619669531912,1.93333333333333
"65-70%",314,17,0.6875,2,30.0666666666667,0.76245880503125,1.73333333333333
"65-70%",314,17,0.6875,3,29.1333333333333,0.656103072313945,1.46666666666667
"65-70%",314,17,0.6875,4,28.0666666666667,0.558814168217636,1.33333333333333
"65-70%",314,17,0.6875,5,27.3333333333333,0.467666205469882,1.33333333333333
"65-70%",314,17,0.6875,6,26,0.384668929449513,1.33333333333333
"65-70%",314,17,0.6875,7,25.0666666666667,0.312703233662476,1.26666666666667
"65-70%",314,17,0.6875,8,24.4666666666667,0.244320298135208,1.06666666666667
"65-70%",314,17,0.6875,9,22.4666666666667,0.189129934194519,0.933333333333333
"65-70%",314,17,0.6875,10,21.6666666666667,0.139037547073097,0.933333333333333
"65-70%",314,17,0.6875,11,20.5333333333333,0.0952438138778103,0.533333333333333
"65-70%",314,17,0.6875,12,20.4,0.0571594465136482,0.6
"65-70%",314,17,0.6875,13,19.7333333333333,0.031722754461559,0.866666666666667
"65-70%",314,17,0.6875,14,19.9333333333333,0.0112018750400238,0.533333333333333
"65-70%",314,17,0.6875,15,19.4,-0.00105779451209988,0.4
"65-70%",314,17,0.6875,16,19.1333333333333,-0.00371469327282892,0.6
"65-70%",314,17,0.6875,17,19.2,-0.00195174662229339,0.466666666666667
"65-70%",314,17,0.6875,18,19.3333333333333,0.0135650820078281,0.6
"65-70%",314,17,0.6875,19,19,0.0311334172080635,0.466666666666667
"65-70%",314,17,0.6875,20,20.3333333333333,0.0596229039310229,0.866666666666667
"65-70%",314,17,0.6875,21,20.2666666666667,0.0949005634351522,0.733333333333333
"65-70%",314,17,0.6875,22,22.0666666666667,0.139037547073097,1
"65-70%",314,17,0.6875,23,21.3333333333333,0.188841693241213,0.466666666666667
"65-70%",314,17,0.6875,24,24.4,0.243033358485548,0.933333333333333
"65-70%",314,17,0.6875,25,24.2666666666667,0.313835628920685,1.2
"65-70%",314,17,0.6875,26,26.2666666666667,0.385786113478431,1.4
"65-70%",314,17,0.6875,27,27.2666666666667,0.467666205469882,1.53333333333333
"65-70%",314,17,0.6875,28,27.9333333333333,0.559516611686724,1.6
"65-70%",314,17,0.6875,29,29.0666666666667,0.657333243951914,1.8
"65-70%",314,17,0.6875,30,29.8666666666667,0.763989748619517,1.6
"65-70%",314,17,0.6875,31,31.0666666666667,0.87744600432292,2
"65-70%",314,17,0.6875,32,32,1,2
"65-70%",316,18,0.65625,1,31,0.878492946318405,0.8
"65-70%",316,18,0.65625,2,29.8666666666667,0.76492059454801,0.4
"65-70%",316,18,0.65625,3,29,0.659740212125091,0.466666666666667
"65-70%",316,18,0.65625,4,28,0.560550188520079,0.2
"65-70%",316,18,0.65625,5,27,0.470598458195732,0.133333333333333
"65-70%",316,18,0.65625,6,23.2,0.389740944447358,0
"65-70%",316,18,0.65625,7,23.2,0.314233924079729,0
"65-70%",316,18,0.65625,8,22.6666666666667,0.248366651759291,0
"65-70%",316,18,0.65625,9,21.2666666666667,0.188714512525045,0
"65-70%",316,18,0.65625,10,19.1333333333333,0.137241733767845,0
"65-70%",316,18,0.65625,11,19.3333333333333,0.0954626774159409,0
"65-70%",316,18,0.65625,12,16.6666666666667,0.0600224846116183,0
"65-70%",316,18,0.65625,13,16.5333333333333,0.0329978572511935,0
"65-70%",316,18,0.65625,14,16.5333333333333,0.0105596639198538,0
"65-70%",316,18,0.65625,15,16.5333333333333,0.00105568825960717,0
"65-70%",316,18,0.65625,16,16.0666666666667,-0.00450535831087766,0
"65-70%",316,18,0.65625,17,15.9333333333333,0.00198258564382078,0
"65-70%",316,18,0.65625,18,16.9333333333333,0.0130745426778633,0
"65-70%",316,18,0.65625,19,16.3333333333333,0.0340026047280059,0
"65-70%",316,18,0.65625,20,18.0666666666667,0.0598204726537259,0
"65-70%",316,18,0.65625,21,18.4666666666667,0.0945448230366072,0
"65-70%",316,18,0.65625,22,17.8666666666667,0.139725271495721,0
"65-70%",316,18,0.65625,23,20.2666666666667,0.186430876459392,0
"65-70%",316,18,0.65625,24,21.5333333333333,0.248581170427369,0
"65-70%",316,18,0.65625,25,24.3333333333333,0.313606568490184,0
"65-70%",316,18,0.65625,26,25.4666666666667,0.388073522578535,0
"65-70%",316,18,0.65625,27,26.2,0.471195510939021,0
"65-70%",316,18,0.65625,28,28,0.560578588363313,0.133333333333333
"65-70%",316,18,0.65625,29,29,0.658510833313485,0.2
"65-70%",316,18,0.65625,30,29.8666666666667,0.765031791461533,0.466666666666667
"65-70%",316,18,0.65625,31,31,0.878405123565603,1
"65-70%",316,18,0.65625,32,32,1,2
"65-70%",318,19,0.65625,1,31,0.878449034942004,1.6
"65-70%",318,19,0.65625,2,29.7333333333333,0.764637417221203,1.06666666666667
"65-70%",318,19,0.65625,3,28.8,0.65820660258399,0.733333333333333
"65-70%",318,19,0.65625,4,27.8,0.561377358577304,0.933333333333333
"65-70%",318,19,0.65625,5,26.8,0.471015666763474,0.6
"65-70%",318,19,0.65625,6,26,0.388079726004435,0.733333333333333
"65-70%",318,19,0.65625,7,24.4,0.313796819860348,0.533333333333333
"65-70%",318,19,0.65625,8,22.4,0.248822476921905,0.4
"65-70%",318,19,0.65625,9,22.4666666666667,0.189181610301946,0.6
"65-70%",318,19,0.65625,10,20.4,0.137882500456078,0.266666666666667
"65-70%",318,19,0.65625,11,20.4666666666667,0.094225078608957,0.266666666666667
"65-70%",318,19,0.65625,12,17.4,0.0594474416992875,0.333333333333333
"65-70%",318,19,0.65625,13,16.5333333333333,0.0333963961976778,0.333333333333333
"65-70%",318,19,0.65625,14,16,0.012251500623552,0.133333333333333
"65-70%",318,19,0.65625,15,16.0666666666667,0.00126007696640407,0.266666666666667
"65-70%",318,19,0.65625,16,16.0666666666667,-0.00500244208195354,0.266666666666667
"65-70%",318,19,0.65625,17,16.3333333333333,0.00208477999721923,0.0666666666666667
"65-70%",318,19,0.65625,18,16.6666666666667,0.0130745426778633,0.133333333333333
"65-70%",318,19,0.65625,19,17.3333333333333,0.0308772073838261,0.2
"65-70%",318,19,0.65625,20,18.8666666666667,0.0592454297413951,0.2
"65-70%",318,19,0.65625,21,19.4,0.0961549336003494,0.4
"65-70%",318,19,0.65625,22,19.1333333333333,0.136020670642542,0.333333333333333
"65-70%",318,19,0.65625,23,22.6,0.19066860166644,0.466666666666667
"65-70%",318,19,0.65625,24,22.2666666666667,0.246768596577778,0.4
"65-70%",318,19,0.65625,25,24.2,0.313109267694279,0.666666666666667
"65-70%",318,19,0.65625,26,26,0.387585743945837,0.6
"65-70%",318,19,0.65625,27,27,0.469352184925056,0.666666666666667
"65-70%",318,19,0.65625,28,28,0.560397038373313,0.733333333333333
"65-70%",318,19,0.65625,29,28.9333333333333,0.658737037802354,1.06666666666667
"65-70%",318,19,0.65625,30,29.8666666666667,0.76492059454801,1.33333333333333
"65-70%",318,19,0.65625,31,31,0.878580769071208,1.8
"65-70%",318,19,0.65625,32,32,1,2
"65-70%",329,20,0.65625,1,31.2,0.878449034942004,1.86666666666667
"65-70%",329,20,0.65625,2,30.1333333333333,0.765117781668175,1.73333333333333
"65-70%",329,20,0.65625,3,29.1333333333333,0.658835394169613,1.66666666666667
"65-70%",329,20,0.65625,4,27.6666666666667,0.561090833670687,1.26666666666667
"65-70%",329,20,0.65625,5,27.4666666666667,0.471683530777766,1.53333333333333
"65-70%",329,20,0.65625,6,25.8666666666667,0.388079726004435,1.13333333333333
"65-70%",329,20,0.65625,7,24.8,0.314173983475619,1.2
"65-70%",329,20,0.65625,8,23.8,0.244406830821838,0.8
"65-70%",329,20,0.65625,9,23.1333333333333,0.188381141719662,0.866666666666667
"65-70%",329,20,0.65625,10,21.0666666666667,0.138011729281371,0.933333333333333
"65-70%",329,20,0.65625,11,21.9333333333333,0.0918033707018905,0.733333333333333
"65-70%",329,20,0.65625,12,19.7333333333333,0.060214735971751,0.533333333333333
"65-70%",329,20,0.65625,13,19.3333333333333,0.0313860353093101,0.333333333333333
"65-70%",329,20,0.65625,14,20.2666666666667,0.0118445576958851,0.8
"65-70%",329,20,0.65625,15,18.7333333333333,0.00116393223528287,0.466666666666667
"65-70%",329,20,0.65625,16,18.4666666666667,-0.00284342479064497,0.2
"65-70%",329,20,0.65625,17,19.7333333333333,0.000640495029952688,0.6
"65-70%",329,20,0.65625,18,20.0666666666667,0.0097366218655425,0.6
"65-70%",329,20,0.65625,19,20.1333333333333,0.0308772073838261,0.733333333333333
"65-70%",329,20,0.65625,20,21,0.060214735971751,0.866666666666667
"65-70%",329,20,0.65625,21,20.7333333333333,0.0956339211178895,0.6
"65-70%",329,20,0.65625,22,21.2,0.13770894926878,0.466666666666667
"65-70%",329,20,0.65625,23,22.4666666666667,0.189615641972609,1.06666666666667
"65-70%",329,20,0.65625,24,22.8,0.247636264654163,0.8
"65-70%",329,20,0.65625,25,24.9333333333333,0.314145108798168,1.2
"65-70%",329,20,0.65625,26,25.5333333333333,0.387361426518827,1.06666666666667
"65-70%",329,20,0.65625,27,27.1333333333333,0.471042041986484,1.4
"65-70%",329,20,0.65625,28,28.1333333333333,0.561195808587304,1.8
"65-70%",329,20,0.65625,29,28.8666666666667,0.659111420539467,1.6
"65-70%",329,20,0.65625,30,29.9333333333333,0.765031791461533,1.86666666666667
"65-70%",329,20,0.65625,31,30.9333333333333,0.878449034942004,1.73333333333333
"65-70%",329,20,0.65625,32,32,1,2
"70-75%",10,1,0.71875,1,31,0.876145091776738,0.866666666666667
"70-75%",10,1,0.71875,2,29.9333333333333,0.759396403611744,0.266666666666667
"70-75%",10,1,0.71875,3,28.8,0.655175447976003,0.2
"70-75%",10,1,0.71875,4,28,0.556725208132373,0.333333333333333
"70-75%",10,1,0.71875,5,27,0.462319509671138,0.0666666666666667
"70-75%",10,1,0.71875,6,25.9333333333333,0.380166950279572,0.2
"70-75%",10,1,0.71875,7,24.5333333333333,0.306077199435933,0
"70-75%",10,1,0.71875,8,23.4666666666667,0.242591707730767,0
"70-75%",10,1,0.71875,9,21.6666666666667,0.181318852696914,0
"70-75%",10,1,0.71875,10,21.6666666666667,0.130836752497634,0
"70-75%",10,1,0.71875,11,19.4,0.0896244089593352,0
"70-75%",10,1,0.71875,12,18.4666666666667,0.0560706477508865,0
"70-75%",10,1,0.71875,13,18.1333333333333,0.0295408057101485,0
"70-75%",10,1,0.71875,14,16.3333333333333,0.00865472130097279,0
"70-75%",10,1,0.71875,15,16.4666666666667,0.00052442325393286,0
"70-75%",10,1,0.71875,16,16.3333333333333,-0.00279455583605755,0
"70-75%",10,1,0.71875,17,16.0666666666667,-0.00252693216942737,0
"70-75%",10,1,0.71875,18,16.6666666666667,0.0115024007439354,0
"70-75%",10,1,0.71875,19,17.6666666666667,0.0277181869171818,0
"70-75%",10,1,0.71875,20,19.5333333333333,0.0512116130225535,0
"70-75%",10,1,0.71875,21,19.0666666666667,0.0858456592763018,0
"70-75%",10,1,0.71875,22,21.6666666666667,0.134266970145505,0
"70-75%",10,1,0.71875,23,21.6,0.186628399520768,0
"70-75%",10,1,0.71875,24,24,0.245000913896513,0
"70-75%",10,1,0.71875,25,23.8,0.308195957622308,0.133333333333333
"70-75%",10,1,0.71875,26,26,0.376220472362488,0.0666666666666667
"70-75%",10,1,0.71875,27,26.9333333333333,0.466632420241568,0.2
"70-75%",10,1,0.71875,28,27.9333333333333,0.553445032923685,0.133333333333333
"70-75%",10,1,0.71875,29,28.8666666666667,0.654505213708742,0.2
"70-75%",10,1,0.71875,30,29.9333333333333,0.761021485944705,0.6
"70-75%",10,1,0.71875,31,31,0.876296654704291,1
"70-75%",10,1,0.71875,32,32,1,2
"70-75%",64,2,0.71875,1,30.9333333333333,0.876145091776738,1.73333333333333
"70-75%",64,2,0.71875,2,29.9333333333333,0.760949861023897,1.53333333333333
"70-75%",64,2,0.71875,3,29,0.652174573613986,1.13333333333333
"70-75%",64,2,0.71875,4,28,0.551197647287326,0.866666666666667
"70-75%",64,2,0.71875,5,26.8666666666667,0.465534844280925,0.866666666666667
"70-75%",64,2,0.71875,6,25.8666666666667,0.381527688368457,0.933333333333333
"70-75%",64,2,0.71875,7,24.9333333333333,0.310037605498878,0.8
"70-75%",64,2,0.71875,8,24,0.245062568558804,0.866666666666667
"70-75%",64,2,0.71875,9,22.9333333333333,0.18549939960702,0.6
"70-75%",64,2,0.71875,10,22,0.134290015057938,0.4
"70-75%",64,2,0.71875,11,20.3333333333333,0.0919135548869852,0.4
"70-75%",64,2,0.71875,12,18.9333333333333,0.0576865018738278,0.2
"70-75%",64,2,0.71875,13,18.2666666666667,0.0309597022429628,0.133333333333333
"70-75%",64,2,0.71875,14,17.4,0.0106884771410523,0.266666666666667
"70-75%",64,2,0.71875,15,17.0666666666667,-0.00151018113288063,0.266666666666667
"70-75%",64,2,0.71875,16,16.3333333333333,-0.00443128432493335,0.133333333333333
"70-75%",64,2,0.71875,17,16.6,-0.00212067268029668,0.133333333333333
"70-75%",64,2,0.71875,18,17.1333333333333,0.0102825685067389,0.266666666666667
"70-75%",64,2,0.71875,19,17.6666666666667,0.0293407753491925,0.133333333333333
"70-75%",64,2,0.71875,20,17.8666666666667,0.0592995730646255,0.2
"70-75%",64,2,0.71875,21,20.7333333333333,0.0917112025960168,0.266666666666667
"70-75%",64,2,0.71875,22,22,0.131962301240628,0.333333333333333
"70-75%",64,2,0.71875,23,23,0.189254298766843,0.466666666666667
"70-75%",64,2,0.71875,24,23.9333333333333,0.248889242963176,0.933333333333333
"70-75%",64,2,0.71875,25,24.8666666666667,0.31020803364217,0.533333333333333
"70-75%",64,2,0.71875,26,25.9333333333333,0.376614808980982,0.733333333333333
"70-75%",64,2,0.71875,27,26.8666666666667,0.468081534446308,1.06666666666667
"70-75%",64,2,0.71875,28,27.9333333333333,0.555656216031047,1.06666666666667
"70-75%",64,2,0.71875,29,29,0.652675031641716,1.4
"70-75%",64,2,0.71875,30,30,0.761057298405109,1.46666666666667
"70-75%",64,2,0.71875,31,31,0.875690402994078,1.6
"70-75%",64,2,0.71875,32,32,1,2
"70-75%",125,3,0.71875,1,30.9333333333333,0.875841965921631,1.73333333333333
"70-75%",125,3,0.71875,2,29.8,0.760949861023897,1.6
"70-75%",125,3,0.71875,3,28.8666666666667,0.655105739696893,1.8
"70-75%",125,3,0.71875,4,28,0.556001819069574,1.6
"70-75%",125,3,0.71875,5,27.1333333333333,0.470179766767079,1.4
"70-75%",125,3,0.71875,6,26.2,0.381159371531687,1.26666666666667
"70-75%",125,3,0.71875,7,25,0.31130253087808,1
"70-75%",125,3,0.71875,8,24,0.246251117908073,1.6
"70-75%",125,3,0.71875,9,23.5333333333333,0.182780698835398,1.13333333333333
"70-75%",125,3,0.71875,10,20.4666666666667,0.131700834676169,0.533333333333333
"70-75%",125,3,0.71875,11,22.2,0.0847764670413381,0.8
"70-75%",125,3,0.71875,12,19.2666666666667,0.0596916687610001,0.533333333333333
"70-75%",125,3,0.71875,13,19.4,0.0291342432175858,0.666666666666667
"70-75%",125,3,0.71875,14,19.4666666666667,0.00865472130097279,0.6
"70-75%",125,3,0.71875,15,18.9333333333333,-0.00323102658828247,0.4
"70-75%",125,3,0.71875,16,18.8666666666667,-0.00606276257371689,0.466666666666667
"70-75%",125,3,0.71875,17,18.6666666666667,0.0011338124876289,0.533333333333333
"70-75%",125,3,0.71875,18,19.2,0.00906273626954239,0.333333333333333
"70-75%",125,3,0.71875,19,20,0.0303474289246234,1
"70-75%",125,3,0.71875,20,19.7333333333333,0.0556813349866555,0.4
"70-75%",125,3,0.71875,21,20.5333333333333,0.0940736336543525,0.733333333333333
"70-75%",125,3,0.71875,22,21.8666666666667,0.132502278059046,0.933333333333333
"70-75%",125,3,0.71875,23,23.4666666666667,0.179028959608511,0.8
"70-75%",125,3,0.71875,24,24,0.240900268349498,1
"70-75%",125,3,0.71875,25,25.2,0.31121890075438,1.26666666666667
"70-75%",125,3,0.71875,26,26.4,0.378995906862507,1.4
"70-75%",125,3,0.71875,27,27,0.466632420241568,1.53333333333333
"70-75%",125,3,0.71875,28,28.2,0.551717539673897,1.6
"70-75%",125,3,0.71875,29,29.1333333333333,0.652785844097362,1.46666666666667
"70-75%",125,3,0.71875,30,29.9333333333333,0.763598644144825,1.86666666666667
"70-75%",125,3,0.71875,31,30.8666666666667,0.876599780559398,1.86666666666667
"70-75%",125,3,0.71875,32,32,1,2
"70-75%",138,4,0.71875,1,30.8666666666667,0.876145091776738,1.66666666666667
"70-75%",138,4,0.71875,2,29.8666666666667,0.762045186732672,1.53333333333333
"70-75%",138,4,0.71875,3,28.8,0.654015500176237,1.33333333333333
"70-75%",138,4,0.71875,4,27.8666666666667,0.55718904553783,1.4
"70-75%",138,4,0.71875,5,27,0.462105043913018,0.8
"70-75%",138,4,0.71875,6,26,0.375878747138793,0.8
"70-75%",138,4,0.71875,7,24.8666666666667,0.309186940587598,1
"70-75%",138,4,0.71875,8,23.8666666666667,0.244788597416162,0.666666666666667
"70-75%",138,4,0.71875,9,22.9333333333333,0.183536526617551,0.533333333333333
"70-75%",138,4,0.71875,10,21.1333333333333,0.133057323477166,0.266666666666667
"70-75%",138,4,0.71875,11,20.4666666666667,0.0946970659295384,0.6
"70-75%",138,4,0.71875,12,19.3333333333333,0.0544785292966666,0.2
"70-75%",138,4,0.71875,13,18.2666666666667,0.0321708690234201,0.4
"70-75%",138,4,0.71875,14,17.2,0.0123163243468184,0.266666666666667
"70-75%",138,4,0.71875,15,17.2666666666667,-0.00152373149635648,0.2
"70-75%",138,4,0.71875,16,17.6,-0.00524439832927899,0.0666666666666667
"70-75%",138,4,0.71875,17,17.6666666666667,-0.000505878146089733,0.333333333333333
"70-75%",138,4,0.71875,18,17.6666666666667,0.00863195270566951,0
"70-75%",138,4,0.71875,19,18.7333333333333,0.0268717618850291,0.333333333333333
"70-75%",138,4,0.71875,20,20,0.0540728062469664,0.2
"70-75%",138,4,0.71875,21,20.3333333333333,0.0897531634707684,0.266666666666667
"70-75%",138,4,0.71875,22,20.8666666666667,0.133087849983622,0.2
"70-75%",138,4,0.71875,23,21.8666666666667,0.183496403413929,0.466666666666667
"70-75%",138,4,0.71875,24,23.9333333333333,0.238906673195235,0.533333333333333
"70-75%",138,4,0.71875,25,24.9333333333333,0.307631511060334,0.733333333333333
"70-75%",138,4,0.71875,26,25.8,0.382857879464415,1
"70-75%",138,4,0.71875,27,26.8,0.465755756356316,1.26666666666667
"70-75%",138,4,0.71875,28,27.8666666666667,0.554619928858313,1.13333333333333
"70-75%",138,4,0.71875,29,29,0.650355136042184,1.13333333333333
"70-75%",138,4,0.71875,30,29.9333333333333,0.759396403611744,1.4
"70-75%",138,4,0.71875,31,30.9333333333333,0.876296654704291,1.8
"70-75%",138,4,0.71875,32,32,1,2
"70-75%",186,5,0.71875,1,30.8666666666667,0.875841965921631,1.46666666666667
"70-75%",186,5,0.71875,2,29.7333333333333,0.762045186732672,1.33333333333333
"70-75%",186,5,0.71875,3,29,0.653095036895111,1.46666666666667
"70-75%",186,5,0.71875,4,27.9333333333333,0.553229205713829,0.933333333333333
"70-75%",186,5,0.71875,5,26.6666666666667,0.469958667315129,1.06666666666667
"70-75%",186,5,0.71875,6,25.9333333333333,0.387018776877136,0.933333333333333
"70-75%",186,5,0.71875,7,25,0.310495369894339,0.6
"70-75%",186,5,0.71875,8,23.8,0.241373611186416,0.533333333333333
"70-75%",186,5,0.71875,9,23,0.18911554791187,0.6
"70-75%",186,5,0.71875,10,21,0.133087849983622,0.333333333333333
"70-75%",186,5,0.71875,11,20.6666666666667,0.0801248900553525,0.333333333333333
"70-75%",186,5,0.71875,12,19,0.0556785520545119,0.333333333333333
"70-75%",186,5,0.71875,13,17.4,0.0307568316495964,0.266666666666667
"70-75%",186,5,0.71875,14,17.7333333333333,0.011910415712505,0.2
"70-75%",186,5,0.71875,15,16.7333333333333,-0.00580851806430466,0.133333333333333
"70-75%",186,5,0.71875,16,16.3333333333333,-0.0048325910870139,0.0666666666666667
"70-75%",186,5,0.71875,17,16.3333333333333,-0.00152373149635648,0.2
"70-75%",186,5,0.71875,18,17.2,0.0106614958772367,0.0666666666666667
"70-75%",186,5,0.71875,19,18.6,0.027110772757833,0.266666666666667
"70-75%",186,5,0.71875,20,18.2,0.0584871035520463,0.466666666666667
"70-75%",186,5,0.71875,21,19.0666666666667,0.0923182594689219,0.2
"70-75%",186,5,0.71875,22,21.5333333333333,0.13395941375618,0.2
"70-75%",186,5,0.71875,23,22.6666666666667,0.184325200838955,0.533333333333333
"70-75%",186,5,0.71875,24,23.2666666666667,0.244546998954655,0.533333333333333
"70-75%",186,5,0.71875,25,24.9333333333333,0.310281437823507,0.8
"70-75%",186,5,0.71875,26,25.9333333333333,0.379859760861609,0.533333333333333
"70-75%",186,5,0.71875,27,26.9333333333333,0.46464528776113,0.8
"70-75%",186,5,0.71875,28,27.9333333333333,0.553896539795514,1.13333333333333
"70-75%",186,5,0.71875,29,29,0.651625896297596,1.13333333333333
"70-75%",186,5,0.71875,30,29.8666666666667,0.760985673484301,1.53333333333333
"70-75%",186,5,0.71875,31,31,0.876145091776738,1.73333333333333
"70-75%",186,5,0.71875,32,32,1,2
"70-75%",194,6,0.71875,1,30.9333333333333,0.876448217631844,0.8
"70-75%",194,6,0.71875,2,29.8666666666667,0.762539130896454,0.6
"70-75%",194,6,0.71875,3,29,0.65053565677694,0.2
"70-75%",194,6,0.71875,4,27.9333333333333,0.55368954551888,0.133333333333333
"70-75%",194,6,0.71875,5,26.9333333333333,0.465197298900087,0.0666666666666667
"70-75%",194,6,0.71875,6,26,0.378835412256165,0.0666666666666667
"70-75%",194,6,0.71875,7,24.4666666666667,0.313591717207747,0.0666666666666667
"70-75%",194,6,0.71875,8,23.4,0.243403501858672,0
"70-75%",194,6,0.71875,9,22.2,0.186202751770484,0
"70-75%",194,6,0.71875,10,21.2,0.131624218344848,0
"70-75%",194,6,0.71875,11,19.8666666666667,0.0881837661740254,0
"70-75%",194,6,0.71875,12,18.4666666666667,0.0556785520545119,0
"70-75%",194,6,0.71875,13,16.1333333333333,0.0315654737906516,0
"70-75%",194,6,0.71875,14,16.2,0.0119083093782488,0
"70-75%",194,6,0.71875,15,16.2666666666667,-0.00130594907459528,0
"70-75%",194,6,0.71875,16,16.0666666666667,-0.00279980607614981,0
"70-75%",194,6,0.71875,17,15.8666666666667,-0.000505878146089733,0
"70-75%",194,6,0.71875,18,17,0.0061674133017171,0
"70-75%",194,6,0.71875,19,17.7333333333333,0.0272754841451816,0
"70-75%",194,6,0.71875,20,18.5333333333333,0.0592877052302648,0
"70-75%",194,6,0.71875,21,20.8,0.0901335438920931,0
"70-75%",194,6,0.71875,22,20.5333333333333,0.13697236074182,0
"70-75%",194,6,0.71875,23,22.4666666666667,0.185557904054747,0
"70-75%",194,6,0.71875,24,24,0.242195524614344,0
"70-75%",194,6,0.71875,25,25,0.308615435979155,0
"70-75%",194,6,0.71875,26,26,0.384716848570532,0.133333333333333
"70-75%",194,6,0.71875,27,27,0.465424844669308,0.133333333333333
"70-75%",194,6,0.71875,28,27.8666666666667,0.554029813224591,0.2
"70-75%",194,6,0.71875,29,28.9333333333333,0.65901633284481,0.666666666666667
"70-75%",194,6,0.71875,30,29.9333333333333,0.760420104399711,0.4
"70-75%",194,6,0.71875,31,30.8666666666667,0.876145091776738,0.866666666666667
"70-75%",194,6,0.71875,32,32,1,2
"70-75%",222,7,0.71875,1,30.8,0.875841965921631,0.733333333333333
"70-75%",222,7,0.71875,2,29.9333333333333,0.760455916860115,0.4
"70-75%",222,7,0.71875,3,28.8666666666667,0.656026202978019,0.4
"70-75%",222,7,0.71875,4,27.9333333333333,0.55368954551888,0.133333333333333
"70-75%",222,7,0.71875,5,26.9333333333333,0.467516630672808,0.0666666666666667
"70-75%",222,7,0.71875,6,26,0.376977790077497,0.266666666666667
"70-75%",222,7,0.71875,7,24.4666666666667,0.30751871306057,0
"70-75%",222,7,0.71875,8,23.4666666666667,0.24373520482675,0
"70-75%",222,7,0.71875,9,21,0.183110878867267,0
"70-75%",222,7,0.71875,10,20.9333333333333,0.137025932160709,0
"70-75%",222,7,0.71875,11,20.3333333333333,0.0903195207807806,0
"70-75%",222,7,0.71875,12,18.4,0.0601029576749876,0
"70-75%",222,7,0.71875,13,17.4666666666667,0.0295408057101485,0
"70-75%",222,7,0.71875,14,16.8,0.00657121560177439,0
"70-75%",222,7,0.71875,15,15.9333333333333,-0.00151018113288063,0
"70-75%",222,7,0.71875,16,16.0666666666667,-0.00361292008049545,0
"70-75%",222,7,0.71875,17,16.4666666666667,-0.00357078393292582,0
"70-75%",222,7,0.71875,18,16.8,0.00903786133998296,0
"70-75%",222,7,0.71875,19,17.3333333333333,0.0317663254574377,0
"70-75%",222,7,0.71875,20,19.1333333333333,0.05769382725708,0
"70-75%",222,7,0.71875,21,20.2,0.0875606465476891,0
"70-75%",222,7,0.71875,22,21.4666666666667,0.123775127440833,0
"70-75%",222,7,0.71875,23,22.4666666666667,0.183156077721585,0
"70-75%",222,7,0.71875,24,24,0.238902750358378,0
"70-75%",222,7,0.71875,25,25,0.305020988238639,0
"70-75%",222,7,0.71875,26,26,0.381844688768335,0.0666666666666667
"70-75%",222,7,0.71875,27,26.8666666666667,0.464417741991909,0
"70-75%",222,7,0.71875,28,27.9333333333333,0.555343317921111,0.133333333333333
"70-75%",222,7,0.71875,29,29,0.652855552376471,0.266666666666667
"70-75%",222,7,0.71875,30,29.7333333333333,0.760455916860115,0.266666666666667
"70-75%",222,7,0.71875,31,30.9333333333333,0.875993528849184,0.866666666666667
"70-75%",222,7,0.71875,32,32,1,2
"70-75%",223,8,0.71875,1,31,0.875993528849184,1.73333333333333
"70-75%",223,8,0.71875,2,29.8,0.761515430108487,1.53333333333333
"70-75%",223,8,0.71875,3,28.8,0.657675864310289,1.4
"70-75%",223,8,0.71875,4,27.7333333333333,0.557696607390772,1.13333333333333
"70-75%",223,8,0.71875,5,26.8,0.463527085243398,0.933333333333333
"70-75%",223,8,0.71875,6,25.7333333333333,0.380850920588771,0.8
"70-75%",223,8,0.71875,7,24.9333333333333,0.311267412735358,0.866666666666667
"70-75%",223,8,0.71875,8,23.4,0.242533975905332,0.733333333333333
"70-75%",223,8,0.71875,9,22.9333333333333,0.184038303943644,0.666666666666667
"70-75%",223,8,0.71875,10,21.9333333333333,0.133835721947611,0.4
"70-75%",223,8,0.71875,11,21,0.0921159071779536,0.266666666666667
"70-75%",223,8,0.71875,12,19.2,0.0500262410312126,0.333333333333333
"70-75%",223,8,0.71875,13,17.6,0.0311605539097489,0.0666666666666667
"70-75%",223,8,0.71875,14,17.7333333333333,0.0110964921096219,0.0666666666666667
"70-75%",223,8,0.71875,15,17.6,-0.00172686124092183,0.0666666666666667
"70-75%",223,8,0.71875,16,17.6,-0.004014226842576,0.333333333333333
"70-75%",223,8,0.71875,17,17.6666666666667,-0.00214667109352837,0.0666666666666667
"70-75%",223,8,0.71875,18,18.2,0.0135340502497588,0.0666666666666667
"70-75%",223,8,0.71875,19,18.0666666666667,0.0329823513968856,0.533333333333333
"70-75%",223,8,0.71875,20,19.4666666666667,0.0516727607312758,0.333333333333333
"70-75%",223,8,0.71875,21,21.1333333333333,0.0889766525235373,0.266666666666667
"70-75%",223,8,0.71875,22,21.2666666666667,0.134266970145505,0.4
"70-75%",223,8,0.71875,23,21.9333333333333,0.179114281666451,0.533333333333333
"70-75%",223,8,0.71875,24,23.6666666666667,0.242214952509403,1
"70-75%",223,8,0.71875,25,24.7333333333333,0.312361909971267,0.866666666666667
"70-75%",223,8,0.71875,26,25.8666666666667,0.386628429071447,1.13333333333333
"70-75%",223,8,0.71875,27,26.6,0.46752952330735,1.06666666666667
"70-75%",223,8,0.71875,28,27.9333333333333,0.556453325941403,1.33333333333333
"70-75%",223,8,0.71875,29,28.8,0.653515042148507,1.33333333333333
"70-75%",223,8,0.71875,30,30,0.761479617648082,1.66666666666667
"70-75%",223,8,0.71875,31,31,0.876296654704291,1.93333333333333
"70-75%",223,8,0.71875,32,32,1,2
"70-75%",232,9,0.71875,1,31.0666666666667,0.875690402994078,1.73333333333333
"70-75%",232,9,0.71875,2,30.0666666666667,0.762045186732672,1.8
"70-75%",232,9,0.71875,3,29.2,0.652605323362606,1.53333333333333
"70-75%",232,9,0.71875,4,28.2,0.557046939175531,1.8
"70-75%",232,9,0.71875,5,27.1333333333333,0.46464528776113,1.33333333333333
"70-75%",232,9,0.71875,6,26.4,0.377525938634628,1.33333333333333
"70-75%",232,9,0.71875,7,24.7333333333333,0.315642079266225,1.53333333333333
"70-75%",232,9,0.71875,8,24.2,0.241345426556063,0.733333333333333
"70-75%",232,9,0.71875,9,23.1333333333333,0.18676715037574,0.733333333333333
"70-75%",232,9,0.71875,10,21.0666666666667,0.134667691836943,0.666666666666667
"70-75%",232,9,0.71875,11,21.6,0.0926983272413971,0.866666666666667
"70-75%",232,9,0.71875,12,19.7333333333333,0.0552892392902809,0.533333333333333
"70-75%",232,9,0.71875,13,19.6,0.0289313726242194,0.533333333333333
"70-75%",232,9,0.71875,14,18.9333333333333,0.0135340502497588,0.266666666666667
"70-75%",232,9,0.71875,15,18.6666666666667,0.00174430403504495,0.666666666666667
"70-75%",232,9,0.71875,16,18.0666666666667,-0.00361292008049545,0.2
"70-75%",232,9,0.71875,17,18.6666666666667,-0.000302748401524386,0.266666666666667
"70-75%",232,9,0.71875,18,19.4666666666667,0.00865472130097279,0.333333333333333
"70-75%",232,9,0.71875,19,19.8666666666667,0.0269087234702967,0.4
"70-75%",232,9,0.71875,20,20.9333333333333,0.0572825383430925,0.6
"70-75%",232,9,0.71875,21,21.2,0.0905382484740298,0.6
"70-75%",232,9,0.71875,22,21.6,0.136170917358943,0.533333333333333
"70-75%",232,9,0.71875,23,24.2666666666667,0.18523012783979,1.26666666666667
"70-75%",232,9,0.71875,24,23.8,0.242713919704547,1.13333333333333
"70-75%",232,9,0.71875,25,24.8,0.312981926560689,1.06666666666667
"70-75%",232,9,0.71875,26,25.9333333333333,0.384927312686316,1.26666666666667
"70-75%",232,9,0.71875,27,27.2666666666667,0.46210485653646,1.66666666666667
"70-75%",232,9,0.71875,28,28.1333333333333,0.554026315624185,1.66666666666667
"70-75%",232,9,0.71875,29,28.8666666666667,0.654866255178253,1.53333333333333
"70-75%",232,9,0.71875,30,30,0.762009374272268,1.66666666666667
"70-75%",232,9,0.71875,31,31,0.876145091776738,1.93333333333333
"70-75%",232,9,0.71875,32,32,1,2
"70-75%",289,10,0.71875,1,30.9333333333333,0.876296654704291,1.86666666666667
"70-75%",289,10,0.71875,2,30.0666666666667,0.761479617648082,1.93333333333333
"70-75%",289,10,0.71875,3,29.1333333333333,0.651264854828085,1.46666666666667
"70-75%",289,10,0.71875,4,27.9333333333333,0.554412934581678,1.26666666666667
"70-75%",289,10,0.71875,5,27.0666666666667,0.464651734078401,1.33333333333333
"70-75%",289,10,0.71875,6,26.2,0.377264210051495,1.4
"70-75%",289,10,0.71875,7,25.0666666666667,0.309674815072342,1.2
"70-75%",289,10,0.71875,8,24,0.244208547663667,1
"70-75%",289,10,0.71875,9,23.4666666666667,0.188931598202581,1.06666666666667
"70-75%",289,10,0.71875,10,22.3333333333333,0.13662521046927,0.933333333333333
"70-75%",289,10,0.71875,11,20.5333333333333,0.09449471363857,0.533333333333333
"70-75%",289,10,0.71875,12,20.6666666666667,0.0572825383430925,0.666666666666667
"70-75%",289,10,0.71875,13,19.9333333333333,0.0287296996516033,0.333333333333333
"70-75%",289,10,0.71875,14,19.3333333333333,0.00946864490385584,0.4
"70-75%",289,10,0.71875,15,19,-0.000913239948940434,0.8
"70-75%",289,10,0.71875,16,18.5333333333333,-0.0048325910870139,0.4
"70-75%",289,10,0.71875,17,19.0666666666667,0.00011706145108216,0.6
"70-75%",289,10,0.71875,18,18.4666666666667,0.00865472130097279,0.333333333333333
"70-75%",289,10,0.71875,19,19.8,0.0275153163238155,0.6
"70-75%",289,10,0.71875,20,20.3333333333333,0.0568785748123571,0.666666666666667
"70-75%",289,10,0.71875,21,21.2666666666667,0.0925042363576095,0.8
"70-75%",289,10,0.71875,22,22,0.133087849983622,0.6
"70-75%",289,10,0.71875,23,23.0666666666667,0.186305698956506,1
"70-75%",289,10,0.71875,24,24.1333333333333,0.238033224405038,1.26666666666667
"70-75%",289,10,0.71875,25,25,0.304118643450488,1
"70-75%",289,10,0.71875,26,26.3333333333333,0.382552036973902,1.26666666666667
"70-75%",289,10,0.71875,27,26.9333333333333,0.466977512168393,1.33333333333333
"70-75%",289,10,0.71875,28,27.8666666666667,0.557111827089866,1.2
"70-75%",289,10,0.71875,29,29.0666666666667,0.651695604576705,1.8
"70-75%",289,10,0.71875,30,30,0.75992616023593,1.73333333333333
"70-75%",289,10,0.71875,31,31,0.875993528849184,1.8
"70-75%",289,10,0.71875,32,32,1,2
"70-75%",311,11,0.71875,1,30.9333333333333,0.876448217631844,1.86666666666667
"70-75%",311,11,0.71875,2,29.9333333333333,0.760949861023897,1.73333333333333
"70-75%",311,11,0.71875,3,28.9333333333333,0.652045901550991,1.33333333333333
"70-75%",311,11,0.71875,4,27.9333333333333,0.556716375199151,1.33333333333333
"70-75%",311,11,0.71875,5,26.8666666666667,0.464976199448138,1.33333333333333
"70-75%",311,11,0.71875,6,25.9333333333333,0.384063458687213,1.2
"70-75%",311,11,0.71875,7,24.9333333333333,0.305305156594914,0.866666666666667
"70-75%",311,11,0.71875,8,23.4,0.241022480323279,0.733333333333333
"70-75%",311,11,0.71875,9,22.7333333333333,0.177299554717321,0.4
"70-75%",311,11,0.71875,10,21.0666666666667,0.132015872659516,0.4
"70-75%",311,11,0.71875,11,21,0.0928924181251846,0.333333333333333
"70-75%",311,11,0.71875,12,19.2,0.0568859001956093,0.2
"70-75%",311,11,0.71875,13,19.6,0.0272754841451816,0.266666666666667
"70-75%",311,11,0.71875,14,18.1333333333333,0.00860497144185393,0.2
"70-75%",311,11,0.71875,15,18.0666666666667,-0.00152373149635648,0.133333333333333
"70-75%",311,11,0.71875,16,18.2666666666667,-0.00523914808918672,0.0666666666666667
"70-75%",311,11,0.71875,17,18.0666666666667,0.00133804454591426,0.2
"70-75%",311,11,0.71875,18,18.2,0.0119083093782488,0.266666666666667
"70-75%",311,11,0.71875,19,18.9333333333333,0.0287313422632634,0.6
"70-75%",311,11,0.71875,20,19.3333333333333,0.0552864563581372,0.2
"70-75%",311,11,0.71875,21,20.7333333333333,0.0952712245858011,0.6
"70-75%",311,11,0.71875,22,20.6,0.130806225991178,0.266666666666667
"70-75%",311,11,0.71875,23,23.2,0.181399849579267,0.666666666666667
"70-75%",311,11,0.71875,24,23.8666666666667,0.2374570974894,1
"70-75%",311,11,0.71875,25,24.9333333333333,0.308366385765601,1
"70-75%",311,11,0.71875,26,25.9333333333333,0.383799036249181,1.06666666666667
"70-75%",311,11,0.71875,27,26.8666666666667,0.464534187920797,1.06666666666667
"70-75%",311,11,0.71875,28,27.8666666666667,0.556802426580336,1.33333333333333
"70-75%",311,11,0.71875,29,28.9333333333333,0.653095036895111,1.53333333333333
"70-75%",311,11,0.71875,30,29.9333333333333,0.761515430108487,1.53333333333333
"70-75%",311,11,0.71875,31,30.9333333333333,0.876145091776738,1.8
"70-75%",311,11,0.71875,32,32,1,2
"70-75%",317,12,0.71875,1,31,0.875993528849184,1
"70-75%",317,12,0.71875,2,29.9333333333333,0.759961972696334,0.4
"70-75%",317,12,0.71875,3,28.9333333333333,0.654866255178253,0.4
"70-75%",317,12,0.71875,4,27.8,0.556453325941403,0.0666666666666667
"70-75%",317,12,0.71875,5,27,0.466197955260215,0.0666666666666667
"70-75%",317,12,0.71875,6,25.9333333333333,0.378732864784876,0.0666666666666667
"70-75%",317,12,0.71875,7,25,0.305876661203358,0
"70-75%",317,12,0.71875,8,23.5333333333333,0.240152954369938,0
"70-75%",317,12,0.71875,9,22.4666666666667,0.186225249846025,0
"70-75%",317,12,0.71875,10,21.5333333333333,0.136949315829387,0
"70-75%",317,12,0.71875,11,19.3333333333333,0.0892036416239673,0
"70-75%",317,12,0.71875,12,18.8,0.0560825155852472,0
"70-75%",317,12,0.71875,13,17.4666666666667,0.0307539914171861,0
"70-75%",317,12,0.71875,14,17.1333333333333,0.0106636022114929,0
"70-75%",317,12,0.71875,15,16.3333333333333,-0.00192999098548718,0
"70-75%",317,12,0.71875,16,16.5333333333333,-0.00646931957588971,0
"70-75%",317,12,0.71875,17,16.8,-0.00233625047461787,0
"70-75%",317,12,0.71875,18,16.6,0.0106884771410523,0
"70-75%",317,12,0.71875,19,18.2,0.0327794808035192,0
"70-75%",317,12,0.71875,20,18.6,0.0512290467212015,0
"70-75%",317,12,0.71875,21,20.2,0.088798624393181,0
"70-75%",317,12,0.71875,22,21.5333333333333,0.133866248454066,0
"70-75%",317,12,0.71875,23,22,0.182855875232864,0
"70-75%",317,12,0.71875,24,24,0.241022480323279,0
"70-75%",317,12,0.71875,25,23.8666666666667,0.310037605498878,0
"70-75%",317,12,0.71875,26,25.9333333333333,0.383195615875305,0.2
"70-75%",317,12,0.71875,27,26.8666666666667,0.471498442179672,0.2
"70-75%",317,12,0.71875,28,28,0.556001819069574,0.266666666666667
"70-75%",317,12,0.71875,29,28.8,0.657186150777784,0.4
"70-75%",317,12,0.71875,30,29.9333333333333,0.760985673484301,0.533333333333333
"70-75%",317,12,0.71875,31,31,0.875690402994078,0.866666666666667
"70-75%",317,12,0.71875,32,32,1,2
"70-75%",337,13,0.71875,1,31,0.876599780559398,1
"70-75%",337,13,0.71875,2,30,0.76049172932052,0.533333333333333
"70-75%",337,13,0.71875,3,28.8666666666667,0.654494469213517,0.333333333333333
"70-75%",337,13,0.71875,4,27.9333333333333,0.560598996575188,0.4
"70-75%",337,13,0.71875,5,26.9333333333333,0.466535313264494,0.133333333333333
"70-75%",337,13,0.71875,6,25.9333333333333,0.385741197175977,0
"70-75%",337,13,0.71875,7,25,0.310333117700379,0
"70-75%",337,13,0.71875,8,22.9333333333333,0.246099358739211,0
"70-75%",337,13,0.71875,9,22.4666666666667,0.186588276317145,0
"70-75%",337,13,0.71875,10,22,0.129226384137857,0
"70-75%",337,13,0.71875,11,19.6,0.0885555725393198,0
"70-75%",337,13,0.71875,12,18.1333333333333,0.0568904426467179,0
"70-75%",337,13,0.71875,13,16.7333333333333,0.0323757585433667,0
"70-75%",337,13,0.71875,14,16.6,0.00700410549990342,0
"70-75%",337,13,0.71875,15,16.1333333333333,0.00133804454591426,0
"70-75%",337,13,0.71875,16,16.0666666666667,-0.00320636307832263,0
"70-75%",337,13,0.71875,17,16.3333333333333,0.000727552998498208,0
"70-75%",337,13,0.71875,18,17.3333333333333,0.00862984637141336,0
"70-75%",337,13,0.71875,19,18.5333333333333,0.0252491734530185,0
"70-75%",337,13,0.71875,20,18.0666666666667,0.0540274899033401,0
"70-75%",337,13,0.71875,21,19.8,0.0899394530083055,0
"70-75%",337,13,0.71875,22,21,0.131700834676169,0.0666666666666667
"70-75%",337,13,0.71875,23,22.1333333333333,0.188142923981177,0
"70-75%",337,13,0.71875,24,24,0.242439948561904,0
"70-75%",337,13,0.71875,25,25,0.312039455576377,0.2
"70-75%",337,13,0.71875,26,26,0.387018776877136,0.133333333333333
"70-75%",337,13,0.71875,27,26.9333333333333,0.467295531220858,0.133333333333333
"70-75%",337,13,0.71875,28,27.8666666666667,0.558558605215463,0.2
"70-75%",337,13,0.71875,29,28.9333333333333,0.652185318109211,0.133333333333333
"70-75%",337,13,0.71875,30,29.9333333333333,0.760985673484301,0.466666666666667
"70-75%",337,13,0.71875,31,30.9333333333333,0.876296654704291,0.933333333333333
"70-75%",337,13,0.71875,32,32,1,2
"70-75%",339,14,0.71875,1,31,0.875993528849184,1.86666666666667
"70-75%",339,14,0.71875,2,30.2666666666667,0.759432216072148,1.66666666666667
"70-75%",339,14,0.71875,3,29.4,0.652675031641716,1.73333333333333
"70-75%",339,14,0.71875,4,28.0666666666667,0.552449761669917,1.53333333333333
"70-75%",339,14,0.71875,5,26.8666666666667,0.46607396278534,1.4
"70-75%",339,14,0.71875,6,26.0666666666667,0.380789759737011,1.2
"70-75%",339,14,0.71875,7,24.8666666666667,0.310072723641599,1
"70-75%",339,14,0.71875,8,24.4,0.241921553471701,1.13333333333333
"70-75%",339,14,0.71875,9,22.6666666666667,0.182470350686202,1
"70-75%",339,14,0.71875,10,21.4,0.132416594350955,0.8
"70-75%",339,14,0.71875,11,20.3333333333333,0.0944700768291084,0.733333333333333
"70-75%",339,14,0.71875,12,19.8,0.057287080794201,0.4
"70-75%",339,14,0.71875,13,19.8666666666667,0.0285292929757271,0.6
"70-75%",339,14,0.71875,14,18.4666666666667,0.0102555872429233,0.266666666666667
"70-75%",339,14,0.71875,15,19.6,-0.00546876071966131,0.4
"70-75%",339,14,0.71875,16,18.6666666666667,-0.00401947708266827,0.333333333333333
"70-75%",339,14,0.71875,17,18.9333333333333,-8.60682934831875e-05,0.6
"70-75%",339,14,0.71875,18,19,0.0102576935771795,0.6
"70-75%",339,14,0.71875,19,18.4,0.0321728879500004,0.466666666666667
"70-75%",339,14,0.71875,20,19.9333333333333,0.0596989941442523,1
"70-75%",339,14,0.71875,21,20.5333333333333,0.0921648681480272,0.666666666666667
"70-75%",339,14,0.71875,22,22.6,0.128478512173868,1
"70-75%",339,14,0.71875,23,22.9333333333333,0.181619055185635,0.8
"70-75%",339,14,0.71875,24,23.2,0.238780538384598,0.866666666666667
"70-75%",339,14,0.71875,25,24.8,0.310446857913361,1.2
"70-75%",339,14,0.71875,26,25.9333333333333,0.38074699275708,1.2
"70-75%",339,14,0.71875,27,27,0.466749966399172,1.4
"70-75%",339,14,0.71875,28,27.6,0.559810719598054,1.53333333333333
"70-75%",339,14,0.71875,29,28.9333333333333,0.655175447976003,1.46666666666667
"70-75%",339,14,0.71875,30,30.0666666666667,0.762539130896454,1.93333333333333
"70-75%",339,14,0.71875,31,31,0.875993528849184,1.93333333333333
"70-75%",339,14,0.71875,32,32,1,2
"70-75%",351,15,0.71875,1,31,0.875690402994078,0.933333333333333
"70-75%",351,15,0.71875,2,29.8,0.762009374272268,0.466666666666667
"70-75%",351,15,0.71875,3,28.9333333333333,0.654015500176237,0.266666666666667
"70-75%",351,15,0.71875,4,27.8666666666667,0.556453325941403,0.266666666666667
"70-75%",351,15,0.71875,5,26.8666666666667,0.464527554226967,0.2
"70-75%",351,15,0.71875,6,26,0.382731920663806,0.0666666666666667
"70-75%",351,15,0.71875,7,24.4666666666667,0.305354610789111,0
"70-75%",351,15,0.71875,8,23.4,0.241525370355278,0
"70-75%",351,15,0.71875,9,23,0.180127028800767,0
"70-75%",351,15,0.71875,10,22,0.130004782608301,0
"70-75%",351,15,0.71875,11,20.8,0.0821079218050108,0
"70-75%",351,15,0.71875,12,20,0.0556785520545119,0
"70-75%",351,15,0.71875,13,17.9333333333333,0.022819961806533,0
"70-75%",351,15,0.71875,14,17.2666666666667,0.0123142180125623,0
"70-75%",351,15,0.71875,15,16.3333333333333,0.00174430403504495,0
"70-75%",351,15,0.71875,16,16,-0.0048325910870139,0
"70-75%",351,15,0.71875,17,16.4666666666667,0.00011706145108216,0
"70-75%",351,15,0.71875,18,16.7333333333333,0.0115024007439354,0
"70-75%",351,15,0.71875,19,17.8,0.0293371138109522,0
"70-75%",351,15,0.71875,20,19.0666666666667,0.0592995730646255,0
"70-75%",351,15,0.71875,21,20.6,0.0913147594212609,0
"70-75%",351,15,0.71875,22,21.4666666666667,0.132817316042393,0
"70-75%",351,15,0.71875,23,22.0666666666667,0.185212502711709,0
"70-75%",351,15,0.71875,24,24,0.245000913896513,0.0666666666666667
"70-75%",351,15,0.71875,25,25,0.30689775425793,0
"70-75%",351,15,0.71875,26,26,0.381551066264825,0.133333333333333
"70-75%",351,15,0.71875,27,26.9333333333333,0.463099066579316,0
"70-75%",351,15,0.71875,28,28,0.552514649584252,0.133333333333333
"70-75%",351,15,0.71875,29,28.9333333333333,0.654196020910992,0.333333333333333
"70-75%",351,15,0.71875,30,29.9333333333333,0.761551242568891,0.6
"70-75%",351,15,0.71875,31,30.9333333333333,0.875841965921631,0.866666666666667
"70-75%",351,15,0.71875,32,32,1,2
"70-75%",354,16,0.71875,1,31,0.875993528849184,1.93333333333333
"70-75%",354,16,0.71875,2,30.2,0.759997785156738,1.73333333333333
"70-75%",354,16,0.71875,3,28.8666666666667,0.657186150777784,1.53333333333333
"70-75%",354,16,0.71875,4,28.1333333333333,0.55368954551888,1.6
"70-75%",354,16,0.71875,5,27.1333333333333,0.466977512168393,1.73333333333333
"70-75%",354,16,0.71875,6,26.2,0.382805268069617,1.13333333333333
"70-75%",354,16,0.71875,7,25.2666666666667,0.308271313793183,1.26666666666667
"70-75%",354,16,0.71875,8,24.2666666666667,0.239985690142872,1.4
"70-75%",354,16,0.71875,9,23,0.185252625915331,1.13333333333333
"70-75%",354,16,0.71875,10,21.7333333333333,0.13812843599127,0.866666666666667
"70-75%",354,16,0.71875,11,21.6,0.0890256134936109,0.866666666666667
"70-75%",354,16,0.71875,12,19.6,0.0600956322917354,0.466666666666667
"70-75%",354,16,0.71875,13,20,0.0303494478512037,0.4
"70-75%",354,16,0.71875,14,19.1333333333333,0.0119083093782488,0.666666666666667
"70-75%",354,16,0.71875,15,18.3333333333333,0.000727552998498208,0.466666666666667
"70-75%",354,16,0.71875,16,18.8,-0.00609219305674004,0.333333333333333
"70-75%",354,16,0.71875,17,18.9333333333333,-0.00214777340724838,0.466666666666667
"70-75%",354,16,0.71875,18,18.9333333333333,0.00984967860860985,0.4
"70-75%",354,16,0.71875,19,20.2,0.0286935593721658,0.666666666666667
"70-75%",354,16,0.71875,20,20.4666666666667,0.0576865018738278,0.866666666666667
"70-75%",354,16,0.71875,21,21.7333333333333,0.0851979028405039,0.733333333333333
"70-75%",354,16,0.71875,22,21.7333333333333,0.127753685122313,0.733333333333333
"70-75%",354,16,0.71875,23,23.4,0.181843128098547,0.866666666666667
"70-75%",354,16,0.71875,24,23.8666666666667,0.244775917844012,1.06666666666667
"70-75%",354,16,0.71875,25,25.2,0.307185090510099,1
"70-75%",354,16,0.71875,26,26,0.382445500689808,1
"70-75%",354,16,0.71875,27,27.4,0.465300664817874,1.66666666666667
"70-75%",354,16,0.71875,28,28,0.555665048964269,1.66666666666667
"70-75%",354,16,0.71875,29,29.1333333333333,0.655175447976003,1.8
"70-75%",354,16,0.71875,30,29.9333333333333,0.760455916860115,1.86666666666667
"70-75%",354,16,0.71875,31,30.9333333333333,0.875538840066524,1.6
"70-75%",354,16,0.71875,32,32,1,2
"70-75%",355,17,0.71875,1,30.8,0.876145091776738,1.53333333333333
"70-75%",355,17,0.71875,2,29.8666666666667,0.759468028532552,1.13333333333333
"70-75%",355,17,0.71875,3,29,0.653834979441481,1.2
"70-75%",355,17,0.71875,4,27.8,0.553819321347551,0.666666666666667
"70-75%",355,17,0.71875,5,26.9333333333333,0.469406656176172,1.26666666666667
"70-75%",355,17,0.71875,6,25.8666666666667,0.383723080390967,0.866666666666667
"70-75%",355,17,0.71875,7,24.9333333333333,0.308528637959561,0.933333333333333
"70-75%",355,17,0.71875,8,23,0.238384355268175,0.133333333333333
"70-75%",355,17,0.71875,9,22.4,0.189720272423985,0.866666666666667
"70-75%",355,17,0.71875,10,20.5333333333333,0.129680677248184,0.266666666666667
"70-75%",355,17,0.71875,11,19.9333333333333,0.0907406007649982,0.333333333333333
"70-75%",355,17,0.71875,12,18.8666666666667,0.0588956095338901,0.266666666666667
"70-75%",355,17,0.71875,13,17.7333333333333,0.0325766102101528,0.266666666666667
"70-75%",355,17,0.71875,14,17.5333333333333,0.00903575500572681,0.0666666666666667
"70-75%",355,17,0.71875,15,16.8,-0.00294784433575392,0.2
"70-75%",355,17,0.71875,16,16.5333333333333,-0.00569088629465949,0.0666666666666667
"70-75%",355,17,0.71875,17,16.4666666666667,-0.00396459537230067,0.2
"70-75%",355,17,0.71875,18,17.2,0.00987665987242544,0.266666666666667
"70-75%",355,17,0.71875,19,18,0.0272754841451816,0.2
"70-75%",355,17,0.71875,20,19,0.0613001975006892,0.4
"70-75%",355,17,0.71875,21,20.6,0.0891383052516128,0.4
"70-75%",355,17,0.71875,22,21.3333333333333,0.129035037963079,0.2
"70-75%",355,17,0.71875,23,23,0.184038303943644,0.466666666666667
"70-75%",355,17,0.71875,24,23.4,0.242942838593904,0.466666666666667
"70-75%",355,17,0.71875,25,25,0.305725577164979,0.533333333333333
"70-75%",355,17,0.71875,26,25.7333333333333,0.382625384379712,0.733333333333333
"70-75%",355,17,0.71875,27,27,0.46153995276296,0.933333333333333
"70-75%",355,17,0.71875,28,28,0.551339753649625,0.933333333333333
"70-75%",355,17,0.71875,29,28.7333333333333,0.653584750427617,1.13333333333333
"70-75%",355,17,0.71875,30,29.9333333333333,0.761479617648082,1.53333333333333
"70-75%",355,17,0.71875,31,30.8,0.875690402994078,1.33333333333333
"70-75%",355,17,0.71875,32,32,1,2
"70-75%",356,18,0.71875,1,30.8666666666667,0.875841965921631,0.8
"70-75%",356,18,0.71875,2,29.9333333333333,0.761057298405109,0.6
"70-75%",356,18,0.71875,3,28.8,0.655355968710758,0.266666666666667
"70-75%",356,18,0.71875,4,27.7333333333333,0.557977322514963,0.2
"70-75%",356,18,0.71875,5,26.8,0.469510209470518,0.133333333333333
"70-75%",356,18,0.71875,6,25.9333333333333,0.38048395067945,0.0666666666666667
"70-75%",356,18,0.71875,7,24.4666666666667,0.309387478820174,0.0666666666666667
"70-75%",356,18,0.71875,8,24,0.240655844401938,0
"70-75%",356,18,0.71875,9,23,0.185297824769649,0
"70-75%",356,18,0.71875,10,20.7333333333333,0.134213398726616,0
"70-75%",356,18,0.71875,11,19.4666666666667,0.0938959181728457,0
"70-75%",356,18,0.71875,12,19.3333333333333,0.0560825155852472,0
"70-75%",356,18,0.71875,13,16.2666666666667,0.0311597326039189,0
"70-75%",356,18,0.71875,14,16.5333333333333,0.00822393773709991,0
"70-75%",356,18,0.71875,15,15.9333333333333,-0.00172686124092183,0
"70-75%",356,18,0.71875,16,16.1333333333333,-0.00279980607614981,0
"70-75%",356,18,0.71875,17,16.5333333333333,-0.00396459537230067,0
"70-75%",356,18,0.71875,18,17.4666666666667,0.0102825685067389,0
"70-75%",356,18,0.71875,19,17.6,0.0299465468968812,0
"70-75%",356,18,0.71875,20,18.4666666666667,0.0600883069084832,0
"70-75%",356,18,0.71875,21,20.1333333333333,0.0878197611549815,0
"70-75%",356,18,0.71875,22,20.3333333333333,0.137350037520826,0
"70-75%",356,18,0.71875,23,22.0666666666667,0.183312453704639,0
"70-75%",356,18,0.71875,24,23.4666666666667,0.244208547663667,0
"70-75%",356,18,0.71875,25,23.9333333333333,0.30930068080058,0
"70-75%",356,18,0.71875,26,25.8666666666667,0.385677427871813,0.133333333333333
"70-75%",356,18,0.71875,27,26.8666666666667,0.465528210587095,0.133333333333333
"70-75%",356,18,0.71875,28,27.9333333333333,0.554619928858313,0.2
"70-75%",356,18,0.71875,29,28.9333333333333,0.652966364832117,0.333333333333333
"70-75%",356,18,0.71875,30,29.9333333333333,0.760527541780924,0.533333333333333
"70-75%",356,18,0.71875,31,30.8,0.876145091776738,0.8
"70-75%",356,18,0.71875,32,32,1,2
"70-75%",358,19,0.71875,1,30.9333333333333,0.876296654704291,1.73333333333333
"70-75%",358,19,0.71875,2,30,0.760455916860115,1.73333333333333
"70-75%",358,19,0.71875,3,28.8666666666667,0.654685734443497,1.6
"70-75%",358,19,0.71875,4,28,0.556660320218037,1.66666666666667
"70-75%",358,19,0.71875,5,27.0666666666667,0.465190852582816,1.13333333333333
"70-75%",358,19,0.71875,6,25.8666666666667,0.385213732660314,1.2
"70-75%",358,19,0.71875,7,24.8,0.31004578144821,1.26666666666667
"70-75%",358,19,0.71875,8,24.2,0.244379734727589,1.06666666666667
"70-75%",358,19,0.71875,9,23.2666666666667,0.18549939960702,1.06666666666667
"70-75%",358,19,0.71875,10,21.6,0.133542143093949,0.333333333333333
"70-75%",358,19,0.71875,11,20.7333333333333,0.0940736336543525,0.533333333333333
"70-75%",358,19,0.71875,12,19,0.0600956322917354,0.333333333333333
"70-75%",358,19,0.71875,13,19.6,0.0303502691570337,0.466666666666667
"70-75%",358,19,0.71875,14,18.4,0.0131281416154453,0.266666666666667
"70-75%",358,19,0.71875,15,19.2666666666667,-0.00294784433575392,0.4
"70-75%",358,19,0.71875,16,19.0666666666667,-0.00687587657806253,0.133333333333333
"70-75%",358,19,0.71875,17,18.4666666666667,-0.00050698045980974,0.533333333333333
"70-75%",358,19,0.71875,18,18.7333333333333,0.0119083093782488,0.2
"70-75%",358,19,0.71875,19,19.7333333333333,0.0303494478512037,0.666666666666667
"70-75%",358,19,0.71875,20,19.9333333333333,0.0592877052302648,0.533333333333333
"70-75%",358,19,0.71875,21,20.5333333333333,0.0899801525711983,0.4
"70-75%",358,19,0.71875,22,20.7333333333333,0.137373082433259,0.4
"70-75%",358,19,0.71875,23,22.8666666666667,0.187152674922401,1
"70-75%",358,19,0.71875,24,23.9333333333333,0.23832662344274,0.866666666666667
"70-75%",358,19,0.71875,25,24.9333333333333,0.307835217188803,0.866666666666667
"70-75%",358,19,0.71875,26,25.6666666666667,0.381167920988649,1.06666666666667
"70-75%",358,19,0.71875,27,26.6,0.464976199448138,1.26666666666667
"70-75%",358,19,0.71875,28,27.7333333333333,0.553238038647051,1.2
"70-75%",358,19,0.71875,29,28.8,0.653525786643732,1.4
"70-75%",358,19,0.71875,30,30,0.763598644144825,1.93333333333333
"70-75%",358,19,0.71875,31,30.9333333333333,0.876296654704291,1.86666666666667
"70-75%",358,19,0.71875,32,32,1,2
"70-75%",359,20,0.71875,1,30.8,0.876145091776738,0.8
"70-75%",359,20,0.71875,2,30,0.760985673484301,0.533333333333333
"70-75%",359,20,0.71875,3,28.8666666666667,0.651695604576705,0.0666666666666667
"70-75%",359,20,0.71875,4,28,0.552966156456081,0.133333333333333
"70-75%",359,20,0.71875,5,27,0.464417741991909,0.133333333333333
"70-75%",359,20,0.71875,6,26,0.384009500364966,0.133333333333333
"70-75%",359,20,0.71875,7,24.4666666666667,0.305914947241973,0
"70-75%",359,20,0.71875,8,24,0.24660224877121,0
"70-75%",359,20,0.71875,9,21.2,0.189133173039952,0
"70-75%",359,20,0.71875,10,21.5333333333333,0.138552202595141,0
"70-75%",359,20,0.71875,11,19.8666666666667,0.0905543112274611,0
"70-75%",359,20,0.71875,12,18.4,0.0568831172634657,0
"70-75%",359,20,0.71875,13,16.9333333333333,0.0258586065389476,0
"70-75%",359,20,0.71875,14,17.3333333333333,0.0127222329811319,0
"70-75%",359,20,0.71875,15,16.0666666666667,-0.000492327782613882,0
"70-75%",359,20,0.71875,16,16.0666666666667,-0.00524439832927899,0
"70-75%",359,20,0.71875,17,16.4666666666667,-0.00213422304377253,0
"70-75%",359,20,0.71875,18,17.4,0.0123142180125623,0
"70-75%",359,20,0.71875,19,17.7333333333333,0.0295408057101485,0
"70-75%",359,20,0.71875,20,18.3333333333333,0.0572752129598403,0
"70-75%",359,20,0.71875,21,19.5333333333333,0.0936935658818773,0
"70-75%",359,20,0.71875,22,20.5333333333333,0.136247533690264,0
"70-75%",359,20,0.71875,23,22,0.177022803482484,0
"70-75%",359,20,0.71875,24,22.8,0.242713919704547,0
"70-75%",359,20,0.71875,25,25,0.307878511280857,0
"70-75%",359,20,0.71875,26,25.9333333333333,0.379386254668195,0
"70-75%",359,20,0.71875,27,27,0.463657524035545,0.2
"70-75%",359,20,0.71875,28,28,0.556790096046708,0.2
"70-75%",359,20,0.71875,29,28.8666666666667,0.655536489445513,0.4
"70-75%",359,20,0.71875,30,29.8,0.763104699981044,0.666666666666667
"70-75%",359,20,0.71875,31,31,0.875993528849184,1
"70-75%",359,20,0.71875,32,32,1,2
"75-80%",59,1,0.78125,1,30.9333333333333,0.869993579081069,1.93333333333333
"75-80%",59,1,0.78125,2,29.9333333333333,0.750169659785115,1.86666666666667
"75-80%",59,1,0.78125,3,29.0666666666667,0.649410427447598,1.8
"75-80%",59,1,0.78125,4,28.3333333333333,0.540435461050972,1.66666666666667
"75-80%",59,1,0.78125,5,26.7333333333333,0.448991558742952,1.4
"75-80%",59,1,0.78125,6,26.1333333333333,0.370389514810966,1.33333333333333
"75-80%",59,1,0.78125,7,25.5333333333333,0.301731498827102,1.33333333333333
"75-80%",59,1,0.78125,8,24.3333333333333,0.225618002901496,1
"75-80%",59,1,0.78125,9,23.5333333333333,0.17543577332081,0.8
"75-80%",59,1,0.78125,10,22.6,0.127195509027026,0.6
"75-80%",59,1,0.78125,11,21.5333333333333,0.0839853479105725,0.733333333333333
"75-80%",59,1,0.78125,12,20.7333333333333,0.0465595662714721,0.666666666666667
"75-80%",59,1,0.78125,13,20.3333333333333,0.0217607939937753,0.8
"75-80%",59,1,0.78125,14,18.4666666666667,0.0109945660264126,0.466666666666667
"75-80%",59,1,0.78125,15,19.0666666666667,-0.00564575803503013,0.666666666666667
"75-80%",59,1,0.78125,16,18.2,-0.00477972431228161,0.333333333333333
"75-80%",59,1,0.78125,17,18.2666666666667,0.00203311396500172,0.466666666666667
"75-80%",59,1,0.78125,18,18.7333333333333,0.0103056009478469,0.533333333333333
"75-80%",59,1,0.78125,19,20.1333333333333,0.0238527985753869,0.466666666666667
"75-80%",59,1,0.78125,20,20.6,0.0555817087685694,0.666666666666667
"75-80%",59,1,0.78125,21,20.6666666666667,0.0915969311699855,0.733333333333333
"75-80%",59,1,0.78125,22,22.6,0.124458504202332,0.666666666666667
"75-80%",59,1,0.78125,23,23.9333333333333,0.172230927125911,1.2
"75-80%",59,1,0.78125,24,24.0666666666667,0.238168862056811,1.06666666666667
"75-80%",59,1,0.78125,25,25.3333333333333,0.285475186892016,1.26666666666667
"75-80%",59,1,0.78125,26,26.0666666666667,0.371699684499801,1.26666666666667
"75-80%",59,1,0.78125,27,27,0.451237868014321,1.6
"75-80%",59,1,0.78125,28,27.8666666666667,0.537151775135899,1.13333333333333
"75-80%",59,1,0.78125,29,29.1333333333333,0.639351346951216,1.73333333333333
"75-80%",59,1,0.78125,30,30.1333333333333,0.751349548977008,1.8
"75-80%",59,1,0.78125,31,31.1333333333333,0.868826423609653,2
"75-80%",59,1,0.78125,32,32,1,2
"75-80%",66,2,0.78125,1,31.2,0.868826423609653,1.93333333333333
"75-80%",66,2,0.78125,2,30.1333333333333,0.748989770593222,1.66666666666667
"75-80%",66,2,0.78125,3,28.7333333333333,0.640563041474016,1.4
"75-80%",66,2,0.78125,4,28,0.538751358024021,1.2
"75-80%",66,2,0.78125,5,27.0666666666667,0.45081858876805,1.33333333333333
"75-80%",66,2,0.78125,6,25.8666666666667,0.370047875171388,1.26666666666667
"75-80%",66,2,0.78125,7,25,0.307385640058295,1.26666666666667
"75-80%",66,2,0.78125,8,24.2666666666667,0.246126014990048,1.26666666666667
"75-80%",66,2,0.78125,9,23.7333333333333,0.169602266905166,1
"75-80%",66,2,0.78125,10,21.8666666666667,0.130549251811248,1
"75-80%",66,2,0.78125,11,21,0.0826215690836406,0.733333333333333
"75-80%",66,2,0.78125,12,20.8666666666667,0.0500376658952845,0.666666666666667
"75-80%",66,2,0.78125,13,20.1333333333333,0.0297737920100682,0.733333333333333
"75-80%",66,2,0.78125,14,18.9333333333333,0.0102998739945012,0.6
"75-80%",66,2,0.78125,15,18.8666666666667,-0.000401177318592754,0.533333333333333
"75-80%",66,2,0.78125,16,18.6666666666667,-0.00548406704268306,0.333333333333333
"75-80%",66,2,0.78125,17,18.6666666666667,-0.00144567300737992,0.333333333333333
"75-80%",66,2,0.78125,18,19.3333333333333,0.00890476297733264,0.466666666666667
"75-80%",66,2,0.78125,19,19.8,0.0290794304836937,1
"75-80%",66,2,0.78125,20,20.6,0.0555857405137638,0.933333333333333
"75-80%",66,2,0.78125,21,21.5333333333333,0.0864044409677103,0.666666666666667
"75-80%",66,2,0.78125,22,21.7333333333333,0.128521868496179,0.6
"75-80%",66,2,0.78125,23,23.5333333333333,0.165235979930679,1
"75-80%",66,2,0.78125,24,24.1333333333333,0.229108428960818,1
"75-80%",66,2,0.78125,25,25.2666666666667,0.301731498827102,1.46666666666667
"75-80%",66,2,0.78125,26,25.8,0.378409139462712,1
"75-80%",66,2,0.78125,27,27.1333333333333,0.459714033269523,1.6
"75-80%",66,2,0.78125,28,28.2666666666667,0.543634626827217,1.4
"75-80%",66,2,0.78125,29,28.8666666666667,0.643932761821685,1.66666666666667
"75-80%",66,2,0.78125,30,30,0.747463800912116,1.73333333333333
"75-80%",66,2,0.78125,31,30.9333333333333,0.869604527257263,1.8
"75-80%",66,2,0.78125,32,32,1,2
"75-80%",75,3,0.75,1,30.9333333333333,0.873489575081659,1.8
"75-80%",75,3,0.75,2,29.8666666666667,0.753960056480328,1.4
"75-80%",75,3,0.75,3,28.9333333333333,0.645300974195193,1.46666666666667
"75-80%",75,3,0.75,4,27.8666666666667,0.545504392906194,1.2
"75-80%",75,3,0.75,5,26.8,0.463560048248548,1.33333333333333
"75-80%",75,3,0.75,6,25.8,0.382724234347162,1.2
"75-80%",75,3,0.75,7,25,0.301965417107279,1.13333333333333
"75-80%",75,3,0.75,8,24.0666666666667,0.238544274044881,1
"75-80%",75,3,0.75,9,22.3333333333333,0.186730292373416,0.8
"75-80%",75,3,0.75,10,21.8666666666667,0.13469869266544,0.8
"75-80%",75,3,0.75,11,20.2666666666667,0.0929327036271104,0.0666666666666667
"75-80%",75,3,0.75,12,19.1333333333333,0.056797527067422,0.333333333333333
"75-80%",75,3,0.75,13,18.8666666666667,0.0282994826074578,0.333333333333333
"75-80%",75,3,0.75,14,19.4666666666667,0.00913193327691393,0.0666666666666667
"75-80%",75,3,0.75,15,18.4666666666667,-0.00343784951698086,0.0666666666666667
"75-80%",75,3,0.75,16,18.7333333333333,-0.00810160434419989,0.0666666666666667
"75-80%",75,3,0.75,17,18.4,-0.0029058803283968,0.0666666666666667
"75-80%",75,3,0.75,18,19,0.00884947874724255,0.333333333333333
"75-80%",75,3,0.75,19,18.4666666666667,0.0266892738609406,0.266666666666667
"75-80%",75,3,0.75,20,20.7333333333333,0.0508863691658114,0.533333333333333
"75-80%",75,3,0.75,21,21.1333333333333,0.0834011256087227,0.6
"75-80%",75,3,0.75,22,22.5333333333333,0.126942484838157,0.666666666666667
"75-80%",75,3,0.75,23,22.7333333333333,0.178590734922797,0.666666666666667
"75-80%",75,3,0.75,24,23.5333333333333,0.245277525188409,1
"75-80%",75,3,0.75,25,24.7333333333333,0.304262186750033,0.933333333333333
"75-80%",75,3,0.75,26,25.7333333333333,0.379902975885365,1.13333333333333
"75-80%",75,3,0.75,27,26.8666666666667,0.456089478285807,1.26666666666667
"75-80%",75,3,0.75,28,27.8666666666667,0.544653106738022,1.13333333333333
"75-80%",75,3,0.75,29,28.8,0.644521897751094,1.26666666666667
"75-80%",75,3,0.75,30,29.9333333333333,0.755598551433828,1.66666666666667
"75-80%",75,3,0.75,31,31,0.872748331712664,1.8
"75-80%",75,3,0.75,32,32,1,2
"75-80%",84,4,0.78125,1,31,0.869215475433458,1
"75-80%",84,4,0.78125,2,29.9333333333333,0.748989770593222,0.466666666666667
"75-80%",84,4,0.78125,3,29,0.637846578143492,0.466666666666667
"75-80%",84,4,0.78125,4,27.8666666666667,0.536104219688987,0.133333333333333
"75-80%",84,4,0.78125,5,26.6666666666667,0.46270910844943,0.133333333333333
"75-80%",84,4,0.78125,6,26,0.364281621407461,0.133333333333333
"75-80%",84,4,0.78125,7,24.9333333333333,0.289218940373338,0.133333333333333
"75-80%",84,4,0.78125,8,23.9333333333333,0.226811575849779,0.0666666666666667
"75-80%",84,4,0.78125,9,22.6,0.178058481033935,0
"75-80%",84,4,0.78125,10,21.7333333333333,0.132596931369078,0
"75-80%",84,4,0.78125,11,19.4666666666667,0.0946711333160074,0
"75-80%",84,4,0.78125,12,19.2666666666667,0.056952365609887,0.133333333333333
"75-80%",84,4,0.78125,13,18.5333333333333,0.0217718749073066,0
"75-80%",84,4,0.78125,14,17.4666666666667,0.00961090891593546,0
"75-80%",84,4,0.78125,15,16.8666666666667,-0.00214271979746526,0
"75-80%",84,4,0.78125,16,16.2,-0.00269363567965455,0
"75-80%",84,4,0.78125,17,16.2666666666667,-0.00181737317126498,0
"75-80%",84,4,0.78125,18,17.0666666666667,0.00746048083681384,0
"75-80%",84,4,0.78125,19,17.9333333333333,0.0245471601017615,0
"75-80%",84,4,0.78125,20,19.5333333333333,0.05280032038497,0.0666666666666667
"75-80%",84,4,0.78125,21,20.6,0.0902026327635089,0
"75-80%",84,4,0.78125,22,21.7333333333333,0.125816858493298,0
"75-80%",84,4,0.78125,23,22.5333333333333,0.173104118959313,0
"75-80%",84,4,0.78125,24,24,0.224389129176993,0
"75-80%",84,4,0.78125,25,24.9333333333333,0.300150663504329,0
"75-80%",84,4,0.78125,26,25.9333333333333,0.372642885698785,0.0666666666666667
"75-80%",84,4,0.78125,27,26.9333333333333,0.454562435629373,0.2
"75-80%",84,4,0.78125,28,28,0.537151775135899,0.2
"75-80%",84,4,0.78125,29,28.8666666666667,0.643301874286973,0.333333333333333
"75-80%",84,4,0.78125,30,29.9333333333333,0.746629992209435,0.333333333333333
"75-80%",84,4,0.78125,31,30.9333333333333,0.869215475433458,0.8
"75-80%",84,4,0.78125,32,32,1,2
"75-80%",123,5,0.75,1,31,0.873983737327655,0.866666666666667
"75-80%",123,5,0.75,2,29.8,0.757959021790205,0.533333333333333
"75-80%",123,5,0.75,3,28.8666666666667,0.651757430581715,0.4
"75-80%",123,5,0.75,4,27.8666666666667,0.552287823597105,0.266666666666667
"75-80%",123,5,0.75,5,27,0.455005969453722,0.2
"75-80%",123,5,0.75,6,25.9333333333333,0.368323717579723,0.0666666666666667
"75-80%",123,5,0.75,7,24.9333333333333,0.310118570969737,0
"75-80%",123,5,0.75,8,22.4666666666667,0.238971803284673,0
"75-80%",123,5,0.75,9,22,0.181740066900917,0
"75-80%",123,5,0.75,10,20.9333333333333,0.128262078891526,0
"75-80%",123,5,0.75,11,20.6,0.0913431297979803,0
"75-80%",123,5,0.75,12,18.8,0.0565218957970168,0
"75-80%",123,5,0.75,13,16.7333333333333,0.0266890545654909,0
"75-80%",123,5,0.75,14,17,0.00914513509046977,0
"75-80%",123,5,0.75,15,16.8666666666667,-0.00182963263149937,0
"75-80%",123,5,0.75,16,16.2,-0.00403880232418146,0
"75-80%",123,5,0.75,17,16.4666666666667,0.000335172082024812,0
"75-80%",123,5,0.75,18,17.2666666666667,0.0096696506043568,0
"75-80%",123,5,0.75,19,17.9333333333333,0.0293728820066527,0
"75-80%",123,5,0.75,20,19,0.0532938467677419,0
"75-80%",123,5,0.75,21,20.2666666666667,0.0824014583406269,0
"75-80%",123,5,0.75,22,21,0.129283030444833,0.0666666666666667
"75-80%",123,5,0.75,23,23,0.183796836123635,0
"75-80%",123,5,0.75,24,24,0.235441677307375,0
"75-80%",123,5,0.75,25,25,0.300176241485206,0
"75-80%",123,5,0.75,26,25.8666666666667,0.379004236783053,0.0666666666666667
"75-80%",123,5,0.75,27,26.6666666666667,0.45893155226557,0
"75-80%",123,5,0.75,28,28,0.55166184033901,0.333333333333333
"75-80%",123,5,0.75,29,28.8666666666667,0.654596120552926,0.533333333333333
"75-80%",123,5,0.75,30,30,0.753043536929704,0.4
"75-80%",123,5,0.75,31,31,0.873983737327655,1
"75-80%",123,5,0.75,32,32,1,2
"75-80%",154,6,0.75,1,30.9333333333333,0.87324249395866,1.8
"75-80%",154,6,0.75,2,29.9333333333333,0.757198137557779,1.6
"75-80%",154,6,0.75,3,28.7333333333333,0.64916947092996,1.46666666666667
"75-80%",154,6,0.75,4,27.6666666666667,0.551233707100247,1.13333333333333
"75-80%",154,6,0.75,5,26.7333333333333,0.465982034493536,1.33333333333333
"75-80%",154,6,0.75,6,25.8666666666667,0.38181223241028,1.06666666666667
"75-80%",154,6,0.75,7,24.8666666666667,0.298093710952972,0.4
"75-80%",154,6,0.75,8,23.7333333333333,0.240562962374568,0.866666666666667
"75-80%",154,6,0.75,9,22.4,0.186762381445438,0.6
"75-80%",154,6,0.75,10,21.8666666666667,0.129257274476813,0.466666666666667
"75-80%",154,6,0.75,11,20.7333333333333,0.0913431297979803,0.4
"75-80%",154,6,0.75,12,18.7333333333333,0.0597260633329138,0.533333333333333
"75-80%",154,6,0.75,13,18.7333333333333,0.0277626732601355,0.333333333333333
"75-80%",154,6,0.75,14,18.4,0.00913153922451983,0.333333333333333
"75-80%",154,6,0.75,15,17.8,-0.0039882826851589,0.133333333333333
"75-80%",154,6,0.75,16,17.9333333333333,-0.00727261065799923,0.133333333333333
"75-80%",154,6,0.75,17,17.8666666666667,-0.00241118929457674,0
"75-80%",154,6,0.75,18,18.2666666666667,0.00833816504691137,0.266666666666667
"75-80%",154,6,0.75,19,18.7333333333333,0.027786225806968,0.266666666666667
"75-80%",154,6,0.75,20,19.5333333333333,0.0570544730696637,0.4
"75-80%",154,6,0.75,21,19.8,0.0945222774562404,0.133333333333333
"75-80%",154,6,0.75,22,22.0666666666667,0.123076206606225,0.466666666666667
"75-80%",154,6,0.75,23,22.8666666666667,0.184717282870825,0.8
"75-80%",154,6,0.75,24,24,0.236936491771751,0.933333333333333
"75-80%",154,6,0.75,25,24.6,0.303308662195025,0.8
"75-80%",154,6,0.75,26,25.9333333333333,0.37836309713619,1.06666666666667
"75-80%",154,6,0.75,27,26.8,0.465034676500281,1.26666666666667
"75-80%",154,6,0.75,28,27.8,0.551297682445516,1.4
"75-80%",154,6,0.75,29,28.6666666666667,0.648918740610504,1.46666666666667
"75-80%",154,6,0.75,30,29.8,0.755559642604279,1.46666666666667
"75-80%",154,6,0.75,31,30.8666666666667,0.873983737327655,1.8
"75-80%",154,6,0.75,32,32,1,2
"75-80%",181,7,0.75,1,31.0666666666667,0.874230818450653,2
"75-80%",181,7,0.75,2,30.1333333333333,0.756398344495803,1.93333333333333
"75-80%",181,7,0.75,3,29.2,0.650978354137616,1.73333333333333
"75-80%",181,7,0.75,4,28.2666666666667,0.553203085110546,1.6
"75-80%",181,7,0.75,5,27.1333333333333,0.461928967391278,1.53333333333333
"75-80%",181,7,0.75,6,26.4,0.37569429584439,1.06666666666667
"75-80%",181,7,0.75,7,25.1333333333333,0.306829496042678,1.2
"75-80%",181,7,0.75,8,24.4666666666667,0.237897529432626,1.06666666666667
"75-80%",181,7,0.75,9,22.9333333333333,0.174904299671318,0.933333333333333
"75-80%",181,7,0.75,10,22.2,0.133978488216797,1
"75-80%",181,7,0.75,11,21,0.0887143704735494,0.533333333333333
"75-80%",181,7,0.75,12,20.4,0.051423298388466,0.733333333333333
"75-80%",181,7,0.75,13,18.9333333333333,0.0310066433000025,0.333333333333333
"75-80%",181,7,0.75,14,19.2666666666667,0.00968285241791264,0.6
"75-80%",181,7,0.75,15,18.9333333333333,-0.00344400417684552,0.333333333333333
"75-80%",181,7,0.75,16,18.2,-0.00376981230966199,0.4
"75-80%",181,7,0.75,17,18.4,0.000873295930473528,0.4
"75-80%",181,7,0.75,18,18.9333333333333,0.00859382189707696,0.666666666666667
"75-80%",181,7,0.75,19,19.1333333333333,0.0315434526473248,0.466666666666667
"75-80%",181,7,0.75,20,21.4,0.0556955650651295,1
"75-80%",181,7,0.75,21,21.5333333333333,0.0881568798900344,0.666666666666667
"75-80%",181,7,0.75,22,22.4,0.126417992490456,0.933333333333333
"75-80%",181,7,0.75,23,23,0.178230289957959,0.666666666666667
"75-80%",181,7,0.75,24,23.8666666666667,0.24177745541577,1.2
"75-80%",181,7,0.75,25,25,0.303327398862222,1.26666666666667
"75-80%",181,7,0.75,26,26.4,0.377180232909291,1.26666666666667
"75-80%",181,7,0.75,27,27.2666666666667,0.457636344470902,1.4
"75-80%",181,7,0.75,28,28.1333333333333,0.551030876771561,1.8
"75-80%",181,7,0.75,29,29.1333333333333,0.65356631378937,1.8
"75-80%",181,7,0.75,30,29.8666666666667,0.754682031883205,1.6
"75-80%",181,7,0.75,31,30.9333333333333,0.872995412835662,1.8
"75-80%",181,7,0.75,32,32,1,2
"75-80%",191,8,0.78125,1,30.8666666666667,0.868437371785847,0.733333333333333
"75-80%",191,8,0.78125,2,29.9333333333333,0.749996619540509,0.533333333333333
"75-80%",191,8,0.78125,3,28.9333333333333,0.642405623531529,0.466666666666667
"75-80%",191,8,0.78125,4,27.9333333333333,0.537151775135899,0.266666666666667
"75-80%",191,8,0.78125,5,26.8666666666667,0.452316126358004,0.2
"75-80%",191,8,0.78125,6,26,0.362586089326118,0.2
"75-80%",191,8,0.78125,7,25,0.292196706131788,0
"75-80%",191,8,0.78125,8,24,0.226738165009372,0.0666666666666667
"75-80%",191,8,0.78125,9,23,0.153113585324321,0
"75-80%",191,8,0.78125,10,22,0.125191522870061,0.0666666666666667
"75-80%",191,8,0.78125,11,20.3333333333333,0.0884997487963472,0
"75-80%",191,8,0.78125,12,19.0666666666667,0.0470977189717806,0
"75-80%",191,8,0.78125,13,18.6666666666667,0.0283850689573191,0
"75-80%",191,8,0.78125,14,17.0666666666667,0.00960518196258975,0
"75-80%",191,8,0.78125,15,17.0666666666667,-0.00915094526527669,0
"75-80%",191,8,0.78125,16,16.4,-0.00826551855285247,0
"75-80%",191,8,0.78125,17,17.0666666666667,-0.00318721548625242,0
"75-80%",191,8,0.78125,18,17.6,0.00612599484968699,0
"75-80%",191,8,0.78125,19,18.4666666666667,0.0315075349149612,0
"75-80%",191,8,0.78125,20,19.1333333333333,0.0555710383650443,0
"75-80%",191,8,0.78125,21,19.9333333333333,0.0874598153198728,0
"75-80%",191,8,0.78125,22,22,0.131927902344976,0
"75-80%",191,8,0.78125,23,22.9333333333333,0.174525038339218,0.0666666666666667
"75-80%",191,8,0.78125,24,23.8666666666667,0.232329400165108,0.0666666666666667
"75-80%",191,8,0.78125,25,24.9333333333333,0.290810585004753,0.133333333333333
"75-80%",191,8,0.78125,26,25.8666666666667,0.377323312878678,0.133333333333333
"75-80%",191,8,0.78125,27,26.9333333333333,0.440665312300642,0
"75-80%",191,8,0.78125,28,27.8666666666667,0.547002832881118,0.266666666666667
"75-80%",191,8,0.78125,29,29,0.640878485241373,0.533333333333333
"75-80%",191,8,0.78125,30,29.9333333333333,0.748816730348616,0.466666666666667
"75-80%",191,8,0.78125,31,30.9333333333333,0.869993579081069,0.933333333333333
"75-80%",191,8,0.78125,32,32,1,2
"75-80%",192,9,0.75,1,30.8666666666667,0.873983737327655,0.866666666666667
"75-80%",192,9,0.75,2,30,0.753998965309877,0.333333333333333
"75-80%",192,9,0.75,3,28.9333333333333,0.647810675326233,0.2
"75-80%",192,9,0.75,4,28,0.548135332954942,0.0666666666666667
"75-80%",192,9,0.75,5,26.9333333333333,0.460717974268784,0.133333333333333
"75-80%",192,9,0.75,6,25.9333333333333,0.375066419032096,0.0666666666666667
"75-80%",192,9,0.75,7,25,0.313620668150193,0.133333333333333
"75-80%",192,9,0.75,8,22.9333333333333,0.244767084344523,0
"75-80%",192,9,0.75,9,23,0.173738212255129,0
"75-80%",192,9,0.75,10,21.2,0.130322288644419,0
"75-80%",192,9,0.75,11,20.9333333333333,0.0908219166589892,0
"75-80%",192,9,0.75,12,19.8,0.0490526282435343,0
"75-80%",192,9,0.75,13,18.4666666666667,0.0272496357550954,0
"75-80%",192,9,0.75,14,16.6666666666667,0.0137177026357047,0
"75-80%",192,9,0.75,15,16.2666666666667,-0.00182963263149937,0
"75-80%",192,9,0.75,16,16.4,-0.00675270216521311,0
"75-80%",192,9,0.75,17,16.6,-0.00236160182008343,0
"75-80%",192,9,0.75,18,16.9333333333333,0.0137173085833106,0
"75-80%",192,9,0.75,19,17.5333333333333,0.0299332439008075,0
"75-80%",192,9,0.75,20,18.4666666666667,0.0543944014154993,0
"75-80%",192,9,0.75,21,19.4666666666667,0.0866327587002663,0
"75-80%",192,9,0.75,22,21.2,0.134137320982746,0
"75-80%",192,9,0.75,23,22.4666666666667,0.187228440143085,0
"75-80%",192,9,0.75,24,24,0.247526332938808,0
"75-80%",192,9,0.75,25,25,0.302335026081132,0.133333333333333
"75-80%",192,9,0.75,26,25.8666666666667,0.382169246932556,0
"75-80%",192,9,0.75,27,27,0.458320067334916,0.2
"75-80%",192,9,0.75,28,27.9333333333333,0.547804551935718,0
"75-80%",192,9,0.75,29,28.9333333333333,0.650121019172802,0.466666666666667
"75-80%",192,9,0.75,30,29.9333333333333,0.758797723681729,0.666666666666667
"75-80%",192,9,0.75,31,31,0.873983737327655,1
"75-80%",192,9,0.75,32,32,1,2
"75-80%",207,10,0.75,1,31,0.872501250589666,1.8
"75-80%",207,10,0.75,2,30,0.754643123053655,1.66666666666667
"75-80%",207,10,0.75,3,28.8666666666667,0.652008160901172,1.6
"75-80%",207,10,0.75,4,27.9333333333333,0.548007382264404,1.4
"75-80%",207,10,0.75,5,26.8666666666667,0.464507406241802,1.4
"75-80%",207,10,0.75,6,26.2,0.378125387315041,1.6
"75-80%",207,10,0.75,7,25.4666666666667,0.29762638450585,1
"75-80%",207,10,0.75,8,24.5333333333333,0.237867741610386,1.2
"75-80%",207,10,0.75,9,22.6666666666667,0.180225205167994,0.933333333333333
"75-80%",207,10,0.75,10,22.7333333333333,0.126942484838157,0.666666666666667
"75-80%",207,10,0.75,11,22.4666666666667,0.0845122453087481,0.8
"75-80%",207,10,0.75,12,19.8666666666667,0.0570602323742065,0.666666666666667
"75-80%",207,10,0.75,13,20.1333333333333,0.0229555995674164,0.866666666666667
"75-80%",207,10,0.75,14,20.2666666666667,0.00257071976934698,0.733333333333333
"75-80%",207,10,0.75,15,18.7333333333333,-0.00507068504192099,0.133333333333333
"75-80%",207,10,0.75,16,18.7333333333333,-0.00511673843545405,0.666666666666667
"75-80%",207,10,0.75,17,18.8666666666667,-0.00128535412318599,0.266666666666667
"75-80%",207,10,0.75,18,19.0666666666667,0.00671102314623872,0.466666666666667
"75-80%",207,10,0.75,19,19.4,0.0288598445016126,0.333333333333333
"75-80%",207,10,0.75,20,21,0.0482529937140951,0.666666666666667
"75-80%",207,10,0.75,21,19.6,0.0939880971111709,0.333333333333333
"75-80%",207,10,0.75,22,22.7333333333333,0.136510805836747,1.2
"75-80%",207,10,0.75,23,23.4666666666667,0.177814510949721,1
"75-80%",207,10,0.75,24,24.2,0.241510567014019,1.46666666666667
"75-80%",207,10,0.75,25,25.0666666666667,0.300545850459058,1.13333333333333
"75-80%",207,10,0.75,26,26,0.375456586023241,1.4
"75-80%",207,10,0.75,27,27,0.458271908712676,1.46666666666667
"75-80%",207,10,0.75,28,28.3333333333333,0.550746578825569,1.66666666666667
"75-80%",207,10,0.75,29,28.9333333333333,0.653817044108827,1.8
"75-80%",207,10,0.75,30,29.9333333333333,0.757959021790205,1.8
"75-80%",207,10,0.75,31,30.9333333333333,0.873983737327655,1.86666666666667
"75-80%",207,10,0.75,32,32,1,2
"75-80%",249,11,0.75,1,30.8666666666667,0.873983737327655,1.8
"75-80%",249,11,0.75,2,30,0.755598551433828,1.8
"75-80%",249,11,0.75,3,29,0.644271167431638,1.46666666666667
"75-80%",249,11,0.75,4,27.8666666666667,0.547943406919134,1.4
"75-80%",249,11,0.75,5,26.8,0.460981609398024,1.13333333333333
"75-80%",249,11,0.75,6,25.8,0.373777512938639,1.13333333333333
"75-80%",249,11,0.75,7,25,0.302685898387786,1
"75-80%",249,11,0.75,8,23.5333333333333,0.24495079275976,0.866666666666667
"75-80%",249,11,0.75,9,22.6,0.181177740987205,0.666666666666667
"75-80%",249,11,0.75,10,20.9333333333333,0.138360936930086,0.8
"75-80%",249,11,0.75,11,20.8,0.0892485508186189,0.266666666666667
"75-80%",249,11,0.75,12,19.6666666666667,0.0538675834473952,0.466666666666667
"75-80%",249,11,0.75,13,18.0666666666667,0.0326170713419694,0.0666666666666667
"75-80%",249,11,0.75,14,18.6666666666667,0.0088622865084043,0.266666666666667
"75-80%",249,11,0.75,15,17.4,0.00141141977892224,0.2
"75-80%",249,11,0.75,16,18,-0.00648371215069364,0.266666666666667
"75-80%",249,11,0.75,17,18.4666666666667,-0.00074723027473728,0.266666666666667
"75-80%",249,11,0.75,18,19.1333333333333,0.0107590751775866,0.266666666666667
"75-80%",249,11,0.75,19,19.0666666666667,0.0299330246053579,0.0666666666666667
"75-80%",249,11,0.75,20,19.9333333333333,0.0578612742581808,0.666666666666667
"75-80%",249,11,0.75,21,20.2666666666667,0.0956036053524578,0.533333333333333
"75-80%",249,11,0.75,22,21.7333333333333,0.12715790821485,0.733333333333333
"75-80%",249,11,0.75,23,22.4,0.186340082467917,0.8
"75-80%",249,11,0.75,24,24,0.235892274124363,1.13333333333333
"75-80%",249,11,0.75,25,24.7333333333333,0.304884883060487,1.2
"75-80%",249,11,0.75,26,25.8,0.372245160570299,0.866666666666667
"75-80%",249,11,0.75,27,26.6,0.456113557596927,0.733333333333333
"75-80%",249,11,0.75,28,28,0.546558509403052,1.26666666666667
"75-80%",249,11,0.75,29,28.7333333333333,0.648139664166405,1.4
"75-80%",249,11,0.75,30,29.8666666666667,0.756398344495803,1.53333333333333
"75-80%",249,11,0.75,31,30.9333333333333,0.873489575081659,1.73333333333333
"75-80%",249,11,0.75,32,32,1,2
"75-80%",262,12,0.78125,1,30.8666666666667,0.869215475433458,1.73333333333333
"75-80%",262,12,0.78125,2,30.0666666666667,0.750169659785115,1.8
"75-80%",262,12,0.78125,3,28.8,0.647883289157442,1.66666666666667
"75-80%",262,12,0.78125,4,28.0666666666667,0.539265975038646,1.4
"75-80%",262,12,0.78125,5,27.2,0.443646952511368,1.2
"75-80%",262,12,0.78125,6,25.8666666666667,0.375212567375909,1.26666666666667
"75-80%",262,12,0.78125,7,25.4666666666667,0.281470506505178,1.13333333333333
"75-80%",262,12,0.78125,8,24.5333333333333,0.230370761383462,1.06666666666667
"75-80%",262,12,0.78125,9,23.4,0.180099066154545,1.13333333333333
"75-80%",262,12,0.78125,10,22.0666666666667,0.135970970396062,1.13333333333333
"75-80%",262,12,0.78125,11,22.1333333333333,0.0891626992870345,0.933333333333333
"75-80%",262,12,0.78125,12,19.6666666666667,0.0569670677586065,0.466666666666667
"75-80%",262,12,0.78125,13,20.2,0.0268876724711987,0.6
"75-80%",262,12,0.78125,14,19.0666666666667,0.00750965196016411,0.333333333333333
"75-80%",262,12,0.78125,15,19,-0.00987009432786358,0.533333333333333
"75-80%",262,12,0.78125,16,18.6,-0.00757015567531011,0.4
"75-80%",262,12,0.78125,17,18.4,-0.00390421555615763,0.466666666666667
"75-80%",262,12,0.78125,18,19.6,0.00542557586442988,0.466666666666667
"75-80%",262,12,0.78125,19,19.5333333333333,0.0259458836125202,0.4
"75-80%",262,12,0.78125,20,20.1333333333333,0.0562824517539769,0.533333333333333
"75-80%",262,12,0.78125,21,20.9333333333333,0.0925988057149869,0.6
"75-80%",262,12,0.78125,22,22.1333333333333,0.135301941371959,1
"75-80%",262,12,0.78125,23,23.2666666666667,0.173487502193117,0.8
"75-80%",262,12,0.78125,24,24.1333333333333,0.244902837858339,0.933333333333333
"75-80%",262,12,0.78125,25,25.6,0.29996789748702,1.33333333333333
"75-80%",262,12,0.78125,26,26,0.369104673972404,1.13333333333333
"75-80%",262,12,0.78125,27,27.2666666666667,0.446415762809315,1.6
"75-80%",262,12,0.78125,28,28.0666666666667,0.5405199811898,1.6
"75-80%",262,12,0.78125,29,29.1333333333333,0.640878485241373,1.86666666666667
"75-80%",262,12,0.78125,30,30.1333333333333,0.751176508732402,1.73333333333333
"75-80%",262,12,0.78125,31,31.0666666666667,0.869604527257263,2
"75-80%",262,12,0.78125,32,32,1,2
"75-80%",263,13,0.75,1,30.9333333333333,0.873983737327655,1.86666666666667
"75-80%",263,13,0.75,2,29.8666666666667,0.757997930619754,1.66666666666667
"75-80%",263,13,0.75,3,28.9333333333333,0.649870288853345,1.53333333333333
"75-80%",263,13,0.75,4,27.7333333333333,0.553405915439232,1.26666666666667
"75-80%",263,13,0.75,5,26.5333333333333,0.458559623153036,1.06666666666667
"75-80%",263,13,0.75,6,25.8,0.377603552369305,1.06666666666667
"75-80%",263,13,0.75,7,25,0.310118570969737,1.26666666666667
"75-80%",263,13,0.75,8,24.4,0.236289747159496,1.53333333333333
"75-80%",263,13,0.75,9,22.6,0.180603744425389,0.733333333333333
"75-80%",263,13,0.75,10,22.1333333333333,0.129015222587496,0.8
"75-80%",263,13,0.75,11,20.8666666666667,0.0817914823238284,0.4
"75-80%",263,13,0.75,12,20.2,0.0533191356156549,0.333333333333333
"75-80%",263,13,0.75,13,20.1333333333333,0.025079284409873,0.2
"75-80%",263,13,0.75,14,19.1333333333333,0.00940079194063536,0.266666666666667
"75-80%",263,13,0.75,15,18.7333333333333,-0.00074723027473728,0.333333333333333
"75-80%",263,13,0.75,16,19.1333333333333,-0.0096994489482586,0.266666666666667
"75-80%",263,13,0.75,17,18.9333333333333,-0.00456983934823626,0.133333333333333
"75-80%",263,13,0.75,18,19.2666666666667,0.00562159857300894,0.133333333333333
"75-80%",263,13,0.75,19,20,0.0234688563679061,0.333333333333333
"75-80%",263,13,0.75,20,19.6,0.0519544683065779,0.2
"75-80%",263,13,0.75,21,20.2666666666667,0.0887143704735494,0.2
"75-80%",263,13,0.75,22,21.7333333333333,0.130054480787082,0.666666666666667
"75-80%",263,13,0.75,23,22.5333333333333,0.183266599281945,1
"75-80%",263,13,0.75,24,24.0666666666667,0.237570797003976,1.26666666666667
"75-80%",263,13,0.75,25,24.7333333333333,0.306402234678762,1.06666666666667
"75-80%",263,13,0.75,26,25.9333333333333,0.379665266064216,1.46666666666667
"75-80%",263,13,0.75,27,27.1333333333333,0.454113857817515,1.46666666666667
"75-80%",263,13,0.75,28,27.6666666666667,0.549061498761262,1.26666666666667
"75-80%",263,13,0.75,29,28.8666666666667,0.648918740610504,1.6
"75-80%",263,13,0.75,30,29.8,0.759597516743705,1.66666666666667
"75-80%",263,13,0.75,31,31,0.87324249395866,1.93333333333333
"75-80%",263,13,0.75,32,32,1,2
"75-80%",281,14,0.78125,1,31,0.869604527257263,1.86666666666667
"75-80%",281,14,0.78125,2,30,0.751349548977008,1.86666666666667
"75-80%",281,14,0.78125,3,28.8,0.645459900111842,1.53333333333333
"75-80%",281,14,0.78125,4,28,0.542226537520871,1.53333333333333
"75-80%",281,14,0.78125,5,27,0.440755099111768,1.2
"75-80%",281,14,0.78125,6,26.2666666666667,0.367452864643991,1.06666666666667
"75-80%",281,14,0.78125,7,25,0.308481180208266,1.33333333333333
"75-80%",281,14,0.78125,8,24,0.240179683559798,1.13333333333333
"75-80%",281,14,0.78125,9,23.3333333333333,0.174744077260323,0.933333333333333
"75-80%",281,14,0.78125,10,22.9333333333333,0.120380532113732,1.06666666666667
"75-80%",281,14,0.78125,11,21.7333333333333,0.0884692292168025,0.866666666666667
"75-80%",281,14,0.78125,12,21.0666666666667,0.0535117337739025,0.733333333333333
"75-80%",281,14,0.78125,13,20.1333333333333,0.0262819834621761,0.8
"75-80%",281,14,0.78125,14,19.1333333333333,0.00751537891350981,0.533333333333333
"75-80%",281,14,0.78125,15,19.5333333333333,-0.0073630492487194,0.466666666666667
"75-80%",281,14,0.78125,16,18.5333333333333,-0.00547508718982396,0.533333333333333
"75-80%",281,14,0.78125,17,19.4,-0.00390636454883931,0.533333333333333
"75-80%",281,14,0.78125,18,19.2,0.00960518196258975,0.466666666666667
"75-80%",281,14,0.78125,19,19.2666666666667,0.0297727115545465,0.533333333333333
"75-80%",281,14,0.78125,20,20.2,0.0542044132689211,0.533333333333333
"75-80%",281,14,0.78125,21,21.2666666666667,0.0833226994697601,0.866666666666667
"75-80%",281,14,0.78125,22,21.4666666666667,0.130601542875823,0.866666666666667
"75-80%",281,14,0.78125,23,23.5333333333333,0.175545330899523,0.933333333333333
"75-80%",281,14,0.78125,24,24.6666666666667,0.222832999383161,1.26666666666667
"75-80%",281,14,0.78125,25,25.4,0.289669176820271,1.13333333333333
"75-80%",281,14,0.78125,26,26.3333333333333,0.362655140929321,1.53333333333333
"75-80%",281,14,0.78125,27,27.2666666666667,0.447720291807835,1
"75-80%",281,14,0.78125,28,28.1333333333333,0.537151775135899,1.53333333333333
"75-80%",281,14,0.78125,29,28.9333333333333,0.641216298491161,1.53333333333333
"75-80%",281,14,0.78125,30,30.2,0.749996619540509,1.73333333333333
"75-80%",281,14,0.78125,31,30.9333333333333,0.869604527257263,1.93333333333333
"75-80%",281,14,0.78125,32,32,1,2
"75-80%",284,15,0.78125,1,30.9333333333333,0.869604527257263,1.86666666666667
"75-80%",284,15,0.78125,2,30,0.750169659785115,1.66666666666667
"75-80%",284,15,0.78125,3,29.1333333333333,0.645144456344485,1.73333333333333
"75-80%",284,15,0.78125,4,27.6666666666667,0.543719146966045,1.33333333333333
"75-80%",284,15,0.78125,5,26.6,0.461211570859477,1.33333333333333
"75-80%",284,15,0.78125,6,26.2,0.367819833133842,1.53333333333333
"75-80%",284,15,0.78125,7,24.8666666666667,0.296396100714364,0.933333333333333
"75-80%",284,15,0.78125,8,24.4666666666667,0.232239412571682,1.26666666666667
"75-80%",284,15,0.78125,9,23.2666666666667,0.175528087313727,1.06666666666667
"75-80%",284,15,0.78125,10,22,0.131258873320873,1
"75-80%",284,15,0.78125,11,22.0666666666667,0.0774519381450226,0.8
"75-80%",284,15,0.78125,12,20.8,0.0507531110294115,0.533333333333333
"75-80%",284,15,0.78125,13,20.2,0.0231484365910027,0.6
"75-80%",284,15,0.78125,14,19.1333333333333,0.00612026789634129,0.466666666666667
"75-80%",284,15,0.78125,15,18.6666666666667,-0.00460126234624296,0.466666666666667
"75-80%",284,15,0.78125,16,18.5333333333333,-0.0019982728021122,0.466666666666667
"75-80%",284,15,0.78125,17,18.2666666666667,0.00168351607361821,0.4
"75-80%",284,15,0.78125,18,18.7333333333333,0.00612026789634129,0.266666666666667
"75-80%",284,15,0.78125,19,19.2666666666667,0.0262930643757075,0.466666666666667
"75-80%",284,15,0.78125,20,19.7333333333333,0.0514230248853217,0.466666666666667
"75-80%",284,15,0.78125,21,21.4666666666667,0.0908806619580528,0.866666666666667
"75-80%",284,15,0.78125,22,22.7333333333333,0.131250275657164,1.13333333333333
"75-80%",284,15,0.78125,23,23.3333333333333,0.181793811189541,0.933333333333333
"75-80%",284,15,0.78125,24,24.3333333333333,0.227718377072383,1.06666666666667
"75-80%",284,15,0.78125,25,25.4,0.296487483723019,1.33333333333333
"75-80%",284,15,0.78125,26,26,0.375696832400538,1.53333333333333
"75-80%",284,15,0.78125,27,26.8,0.45704845052476,1.33333333333333
"75-80%",284,15,0.78125,28,27.7333333333333,0.545594743574773,1.46666666666667
"75-80%",284,15,0.78125,29,29.2,0.63903590318386,1.73333333333333
"75-80%",284,15,0.78125,30,30.0666666666667,0.752529438168901,1.93333333333333
"75-80%",284,15,0.78125,31,31.0666666666667,0.869604527257263,1.8
"75-80%",284,15,0.78125,32,32,1,2
"75-80%",286,16,0.78125,1,30.8666666666667,0.868826423609653,1.8
"75-80%",286,16,0.78125,2,30,0.747636841156722,1.73333333333333
"75-80%",286,16,0.78125,3,28.9333333333333,0.635085375848104,1.4
"75-80%",286,16,0.78125,4,27.9333333333333,0.535828205968382,1.33333333333333
"75-80%",286,16,0.78125,5,27.0666666666667,0.4559701864082,1.33333333333333
"75-80%",286,16,0.78125,6,26.2,0.379892994555802,1.4
"75-80%",286,16,0.78125,7,24.8,0.301149415991325,1.06666666666667
"75-80%",286,16,0.78125,8,24.5333333333333,0.236467085625318,1.13333333333333
"75-80%",286,16,0.78125,9,23.8666666666667,0.158091127603101,0.8
"75-80%",286,16,0.78125,10,21.4666666666667,0.135991266638823,0.8
"75-80%",286,16,0.78125,11,20.5333333333333,0.0919130560825989,0.666666666666667
"75-80%",286,16,0.78125,12,20.8,0.0459124180546703,0.666666666666667
"75-80%",286,16,0.78125,13,19.8,0.0283850689573191,0.466666666666667
"75-80%",286,16,0.78125,14,19,0.00612026789634129,0.333333333333333
"75-80%",286,16,0.78125,15,18.9333333333333,-0.00492660897244324,0.533333333333333
"75-80%",286,16,0.78125,16,18.9333333333333,-0.0111152667823767,0.466666666666667
"75-80%",286,16,0.78125,17,19.0666666666667,-0.00320931775875397,0.533333333333333
"75-80%",286,16,0.78125,18,19.3333333333333,0.00960518196258975,0.466666666666667
"75-80%",286,16,0.78125,19,19.8,0.0315075349149612,0.666666666666667
"75-80%",286,16,0.78125,20,19.4,0.0590451062436623,0.466666666666667
"75-80%",286,16,0.78125,21,21.3333333333333,0.0853797672810083,0.733333333333333
"75-80%",286,16,0.78125,22,22,0.129880222787146,0.866666666666667
"75-80%",286,16,0.78125,23,22.9333333333333,0.183030086694353,1.06666666666667
"75-80%",286,16,0.78125,24,24.8666666666667,0.235140893469779,1.33333333333333
"75-80%",286,16,0.78125,25,24.8,0.298963740345703,1
"75-80%",286,16,0.78125,26,26.1333333333333,0.376038472040116,1.4
"75-80%",286,16,0.78125,27,26.9333333333333,0.453064898039419,1.33333333333333
"75-80%",286,16,0.78125,28,27.8666666666667,0.543719146966045,1.53333333333333
"75-80%",286,16,0.78125,29,29.1333333333333,0.639982234485929,1.66666666666667
"75-80%",286,16,0.78125,30,30.0666666666667,0.750169659785115,1.8
"75-80%",286,16,0.78125,31,31.1333333333333,0.869604527257263,2
"75-80%",286,16,0.78125,32,32,1,2
"75-80%",287,17,0.78125,1,31,0.869604527257263,0.866666666666667
"75-80%",287,17,0.78125,2,29.9333333333333,0.748989770593222,0.6
"75-80%",287,17,0.78125,3,28.8666666666667,0.643617318054329,0.466666666666667
"75-80%",287,17,0.78125,4,27.8666666666667,0.54691831274229,0.4
"75-80%",287,17,0.78125,5,26.8666666666667,0.452735405604274,0.2
"75-80%",287,17,0.78125,6,25.9333333333333,0.375212567375909,0.333333333333333
"75-80%",287,17,0.78125,7,24.8666666666667,0.297982340691458,0.0666666666666667
"75-80%",287,17,0.78125,8,24,0.236321004062132,0.133333333333333
"75-80%",287,17,0.78125,9,22.9333333333333,0.177147746052344,0.133333333333333
"75-80%",287,17,0.78125,10,21.9333333333333,0.125515451551925,0
"75-80%",287,17,0.78125,11,20.6,0.0898407284815784,0
"75-80%",287,17,0.78125,12,19.6666666666667,0.0569670677586065,0
"75-80%",287,17,0.78125,13,18.8,0.0276807069729349,0
"75-80%",287,17,0.78125,14,17.3333333333333,0.00816089982207095,0
"75-80%",287,17,0.78125,15,17,-0.00283761759486891,0
"75-80%",287,17,0.78125,16,16.6,-0.00688377265062685,0
"75-80%",287,17,0.78125,17,16.8666666666667,-0.00286186886005215,0
"75-80%",287,17,0.78125,18,17.4,0.000244999878355826,0
"75-80%",287,17,0.78125,19,18.6,0.0297616306410152,0
"75-80%",287,17,0.78125,20,19.6666666666667,0.0472562775116852,0
"75-80%",287,17,0.78125,21,20.5333333333333,0.0870900696361391,0
"75-80%",287,17,0.78125,22,22,0.126474188938349,0
"75-80%",287,17,0.78125,23,22.8666666666667,0.171957101470821,0.0666666666666667
"75-80%",287,17,0.78125,24,24,0.233565604727221,0
"75-80%",287,17,0.78125,25,24.9333333333333,0.293223620760176,0.0666666666666667
"75-80%",287,17,0.78125,26,25.9333333333333,0.377323312878678,0.2
"75-80%",287,17,0.78125,27,26.7333333333333,0.459714033269523,0.2
"75-80%",287,17,0.78125,28,27.8,0.548517895630412,0.4
"75-80%",287,17,0.78125,29,28.8,0.646671594634642,0.533333333333333
"75-80%",287,17,0.78125,30,29.8,0.752529438168901,0.533333333333333
"75-80%",287,17,0.78125,31,31,0.869993579081069,1
"75-80%",287,17,0.78125,32,32,1,2
"75-80%",290,18,0.78125,1,30.8666666666667,0.869993579081069,1.73333333333333
"75-80%",290,18,0.78125,2,29.8,0.748816730348616,1.33333333333333
"75-80%",290,18,0.78125,3,28.9333333333333,0.635085375848104,1.26666666666667
"75-80%",290,18,0.78125,4,28,0.542035043939094,1.4
"75-80%",290,18,0.78125,5,26.7333333333333,0.438688363462652,0.6
"75-80%",290,18,0.78125,6,25.8,0.367962458518893,0.866666666666667
"75-80%",290,18,0.78125,7,24.5333333333333,0.301063437636991,0.8
"75-80%",290,18,0.78125,8,23.6666666666667,0.237138252616835,0.733333333333333
"75-80%",290,18,0.78125,9,22.7333333333333,0.18151998553445,0.466666666666667
"75-80%",290,18,0.78125,10,21.2666666666667,0.129912217608959,0.533333333333333
"75-80%",290,18,0.78125,11,21.2666666666667,0.0901795315719333,0.8
"75-80%",290,18,0.78125,12,19.8666666666667,0.0555897722589583,0.333333333333333
"75-80%",290,18,0.78125,13,19,0.0234945368986683,0.333333333333333
"75-80%",290,18,0.78125,14,18.2666666666667,0.00820434399207552,0.2
"75-80%",290,18,0.78125,15,17.5333333333333,-0.00494871124494479,0.133333333333333
"75-80%",290,18,0.78125,16,17.2,-0.00477972431228161,0
"75-80%",290,18,0.78125,17,17.6,-0.00494871124494479,0.133333333333333
"75-80%",290,18,0.78125,18,18.8,0.00751537891350981,0.133333333333333
"75-80%",290,18,0.78125,19,19.1333333333333,0.0207203321597351,0.266666666666667
"75-80%",290,18,0.78125,20,19.1333333333333,0.0507303453903031,0
"75-80%",290,18,0.78125,21,20.8,0.0857110310194348,0.466666666666667
"75-80%",290,18,0.78125,22,21.4,0.135301941371959,0.533333333333333
"75-80%",290,18,0.78125,23,22.8666666666667,0.168132513298895,0.666666666666667
"75-80%",290,18,0.78125,24,23.8,0.231119250463805,0.933333333333333
"75-80%",290,18,0.78125,25,24.9333333333333,0.281384528150845,0.733333333333333
"75-80%",290,18,0.78125,26,25.6,0.378291842927935,1
"75-80%",290,18,0.78125,27,26.8666666666667,0.454472648818247,1.13333333333333
"75-80%",290,18,0.78125,28,27.8666666666667,0.548686935908069,1.4
"75-80%",290,18,0.78125,29,28.8,0.644829012577129,1.6
"75-80%",290,18,0.78125,30,29.8,0.747809881401328,1.4
"75-80%",290,18,0.78125,31,31,0.869604527257263,1.8
"75-80%",290,18,0.78125,32,32,1,2
"75-80%",294,19,0.78125,1,30.9333333333333,0.869604527257263,1.73333333333333
"75-80%",294,19,0.78125,2,30,0.752356397924296,1.73333333333333
"75-80%",294,19,0.78125,3,28.8,0.642090179764173,1.33333333333333
"75-80%",294,19,0.78125,4,27.8,0.5423110576597,1.26666666666667
"75-80%",294,19,0.78125,5,26.6666666666667,0.458216495679569,1
"75-80%",294,19,0.78125,6,25.8666666666667,0.354484746954621,0.666666666666667
"75-80%",294,19,0.78125,7,24.9333333333333,0.295905400887242,0.933333333333333
"75-80%",294,19,0.78125,8,24,0.241565824199813,0.933333333333333
"75-80%",294,19,0.78125,9,22.8666666666667,0.17880494793915,0.466666666666667
"75-80%",294,19,0.78125,10,21.1333333333333,0.129859926544384,0.333333333333333
"75-80%",294,19,0.78125,11,21,0.090541556817823,0.666666666666667
"75-80%",294,19,0.78125,12,18.7333333333333,0.0548970927639397,0.133333333333333
"75-80%",294,19,0.78125,13,19,0.0266402451388947,0.266666666666667
"75-80%",294,19,0.78125,14,17.8666666666667,0.00891048993067834,0.333333333333333
"75-80%",294,19,0.78125,15,16.9333333333333,-0.00214271979746526,0.266666666666667
"75-80%",294,19,0.78125,16,17.0666666666667,-0.00687479279776776,0
"75-80%",294,19,0.78125,17,17.7333333333333,-0.00109607511599641,0.133333333333333
"75-80%",294,19,0.78125,18,17.8666666666667,0.00890476297733264,0.2
"75-80%",294,19,0.78125,19,18.7333333333333,0.0259580449815732,0.133333333333333
"75-80%",294,19,0.78125,20,19.2,0.0555897722589583,0.333333333333333
"75-80%",294,19,0.78125,21,21.2666666666667,0.086065395949437,0.6
"75-80%",294,19,0.78125,22,21.4666666666667,0.135301941371959,0.666666666666667
"75-80%",294,19,0.78125,23,22.8666666666667,0.175545330899523,0.466666666666667
"75-80%",294,19,0.78125,24,23.7333333333333,0.22885200153619,0.533333333333333
"75-80%",294,19,0.78125,25,24.8666666666667,0.297400257855681,0.933333333333333
"75-80%",294,19,0.78125,26,26,0.359047877599736,0.933333333333333
"75-80%",294,19,0.78125,27,27,0.450069822859511,1.06666666666667
"75-80%",294,19,0.78125,28,27.8666666666667,0.543634626827217,1.2
"75-80%",294,19,0.78125,29,28.8666666666667,0.646356150867286,1.53333333333333
"75-80%",294,19,0.78125,30,29.8,0.751176508732402,1.4
"75-80%",294,19,0.78125,31,30.8,0.869215475433458,1.53333333333333
"75-80%",294,19,0.78125,32,32,1,2
"75-80%",301,20,0.75,1,31.0666666666667,0.872501250589666,1.8
"75-80%",301,20,0.75,2,29.8,0.75875881485218,1.73333333333333
"75-80%",301,20,0.75,3,29.2666666666667,0.64916947092996,1.8
"75-80%",301,20,0.75,4,28.3333333333333,0.555311318104262,1.6
"75-80%",301,20,0.75,5,26.8666666666667,0.45950698114629,1.4
"75-80%",301,20,0.75,6,25.8666666666667,0.380272353661105,1.26666666666667
"75-80%",301,20,0.75,7,25.1333333333333,0.302277373691068,1.26666666666667
"75-80%",301,20,0.75,8,24,0.242501660879553,1.13333333333333
"75-80%",301,20,0.75,9,22.0666666666667,0.179788911411008,0.866666666666667
"75-80%",301,20,0.75,10,22.7333333333333,0.126712694902851,1.06666666666667
"75-80%",301,20,0.75,11,21.3333333333333,0.0855119125768438,0.8
"75-80%",301,20,0.75,12,21.2,0.0543944014154993,0.733333333333333
"75-80%",301,20,0.75,13,19.8666666666667,0.027786225806968,0.6
"75-80%",301,20,0.75,14,19.4666666666667,0.00858022603112702,0.733333333333333
"75-80%",301,20,0.75,15,19.1333333333333,-0.00781089175865788,0.333333333333333
"75-80%",301,20,0.75,16,19.2666666666667,-0.00781059068703816,0.533333333333333
"75-80%",301,20,0.75,17,18.7333333333333,-0.00127919946332133,0.4
"75-80%",301,20,0.75,18,19.1333333333333,0.00688763046441628,0.4
"75-80%",301,20,0.75,19,19.9333333333333,0.0277860065115183,0.466666666666667
"75-80%",301,20,0.75,20,21.3333333333333,0.0541201774996291,1.06666666666667
"75-80%",301,20,0.75,21,21.4,0.0950564578013099,0.733333333333333
"75-80%",301,20,0.75,22,22.5333333333333,0.127399960104168,0.533333333333333
"75-80%",301,20,0.75,23,23.2666666666667,0.186383842188044,1.46666666666667
"75-80%",301,20,0.75,24,24.2,0.239772200107507,1.06666666666667
"75-80%",301,20,0.75,25,25.2666666666667,0.306149147342161,1.2
"75-80%",301,20,0.75,26,26,0.37836309713619,1.33333333333333
"75-80%",301,20,0.75,27,26.9333333333333,0.464795120682162,1.4
"75-80%",301,20,0.75,28,28.2,0.550115615258119,1.53333333333333
"75-80%",301,20,0.75,29,29.2666666666667,0.64806140564569,1.86666666666667
"75-80%",301,20,0.75,30,29.8,0.758797723681729,1.6
"75-80%",301,20,0.75,31,31,0.872995412835662,1.8
"75-80%",301,20,0.75,32,32,1,2
"80-85%",101,1,0.8125,1,30.8666666666667,0.863114343220481,1.86666666666667
"80-85%",101,1,0.8125,2,30.1333333333333,0.735553048737667,1.86666666666667
"80-85%",101,1,0.8125,3,29,0.632278532298194,1.86666666666667
"80-85%",101,1,0.8125,4,28.1333333333333,0.518494302994399,1.4
"80-85%",101,1,0.8125,5,27.4,0.424235177278336,1.4
"80-85%",101,1,0.8125,6,26.1333333333333,0.351449365511122,1.26666666666667
"80-85%",101,1,0.8125,7,25,0.292625085529669,1.33333333333333
"80-85%",101,1,0.8125,8,23.6666666666667,0.248308224754608,1.26666666666667
"80-85%",101,1,0.8125,9,23.2,0.179427621170382,1.2
"80-85%",101,1,0.8125,10,22.9333333333333,0.119590462540507,1
"80-85%",101,1,0.8125,11,22.0666666666667,0.073680578665136,1
"80-85%",101,1,0.8125,12,20.8666666666667,0.0493751958600311,0.733333333333333
"80-85%",101,1,0.8125,13,19.6666666666667,0.0268113517364009,0.533333333333333
"80-85%",101,1,0.8125,14,18.8666666666667,0.00323789157235447,0.4
"80-85%",101,1,0.8125,15,18.2,-0.00538507759027115,0.2
"80-85%",101,1,0.8125,16,18.4,-0.0101774333561336,0.2
"80-85%",101,1,0.8125,17,18,-0.00184715522457141,0.133333333333333
"80-85%",101,1,0.8125,18,19.0666666666667,0.00901554684939123,0.6
"80-85%",101,1,0.8125,19,19.7333333333333,0.0134935315783431,0.333333333333333
"80-85%",101,1,0.8125,20,20.8,0.0471651964250703,0.6
"80-85%",101,1,0.8125,21,21.4,0.0824761589195967,0.8
"80-85%",101,1,0.8125,22,22.7333333333333,0.109145145873861,1.06666666666667
"80-85%",101,1,0.8125,23,23.6666666666667,0.170876062652828,1.33333333333333
"80-85%",101,1,0.8125,24,24.7333333333333,0.205322525318866,1
"80-85%",101,1,0.8125,25,25.4666666666667,0.283898517784989,1.4
"80-85%",101,1,0.8125,26,26.4666666666667,0.36054445225403,1.46666666666667
"80-85%",101,1,0.8125,27,27.1333333333333,0.438573130142486,1.53333333333333
"80-85%",101,1,0.8125,28,27.8666666666667,0.538036927019289,1.46666666666667
"80-85%",101,1,0.8125,29,29,0.636739043269273,1.6
"80-85%",101,1,0.8125,30,29.7333333333333,0.742484708147214,1.6
"80-85%",101,1,0.8125,31,30.8666666666667,0.863721530604187,1.86666666666667
"80-85%",101,1,0.8125,32,32,1,2
"80-85%",121,2,0.8125,1,30.8666666666667,0.863114343220481,1.66666666666667
"80-85%",121,2,0.8125,2,29.9333333333333,0.73258392691776,1.46666666666667
"80-85%",121,2,0.8125,3,28.8,0.637085293652661,1.53333333333333
"80-85%",121,2,0.8125,4,27.8,0.533318853868004,1.26666666666667
"80-85%",121,2,0.8125,5,26.7333333333333,0.441283007884984,1.13333333333333
"80-85%",121,2,0.8125,6,25.8,0.354715963783976,1
"80-85%",121,2,0.8125,7,24.6,0.291890683938314,0.733333333333333
"80-85%",121,2,0.8125,8,23.8,0.214332377211727,0.466666666666667
"80-85%",121,2,0.8125,9,23,0.147764872930817,0.533333333333333
"80-85%",121,2,0.8125,10,21.6666666666667,0.132216473398671,0.666666666666667
"80-85%",121,2,0.8125,11,20.6666666666667,0.0823093151078948,0.4
"80-85%",121,2,0.8125,12,20.2666666666667,0.0542158972844773,0.666666666666667
"80-85%",121,2,0.8125,13,18.6,0.0276905676167506,0.266666666666667
"80-85%",121,2,0.8125,14,17.9333333333333,0.0125541968415808,0.133333333333333
"80-85%",121,2,0.8125,15,17.7333333333333,-0.00273163581599634,0.133333333333333
"80-85%",121,2,0.8125,16,18,-0.00575020316070207,0.2
"80-85%",121,2,0.8125,17,17.9333333333333,-0.00273163581599634,0
"80-85%",121,2,0.8125,18,18.2,0.00440159992479294,0.4
"80-85%",121,2,0.8125,19,19.2666666666667,0.0232750777028491,0.2
"80-85%",121,2,0.8125,20,19.9333333333333,0.0492666771960224,0.533333333333333
"80-85%",121,2,0.8125,21,21.2,0.0877396958646841,0.6
"80-85%",121,2,0.8125,22,21.8,0.126577119915099,0.4
"80-85%",121,2,0.8125,23,23.0666666666667,0.163177716338782,0.6
"80-85%",121,2,0.8125,24,23.8,0.222703310154284,0.6
"80-85%",121,2,0.8125,25,24.7333333333333,0.296685100157581,0.933333333333333
"80-85%",121,2,0.8125,26,25.8666666666667,0.361474802711479,1
"80-85%",121,2,0.8125,27,26.8666666666667,0.443094016404932,1.26666666666667
"80-85%",121,2,0.8125,28,27.8,0.527956553485777,1.26666666666667
"80-85%",121,2,0.8125,29,28.9333333333333,0.621819755637273,1.13333333333333
"80-85%",121,2,0.8125,30,29.9333333333333,0.737285963590054,1.6
"80-85%",121,2,0.8125,31,30.9333333333333,0.861899968453069,1.66666666666667
"80-85%",121,2,0.8125,32,32,1,2
"80-85%",146,3,0.8125,1,30.8666666666667,0.864328717987893,0.866666666666667
"80-85%",146,3,0.8125,2,29.8,0.740339724305654,0.533333333333333
"80-85%",146,3,0.8125,3,28.9333333333333,0.632278532298194,0.466666666666667
"80-85%",146,3,0.8125,4,27.8666666666667,0.532996740252533,0.333333333333333
"80-85%",146,3,0.8125,5,26.8666666666667,0.440833573273709,0.2
"80-85%",146,3,0.8125,6,25.8666666666667,0.363811050526884,0.133333333333333
"80-85%",146,3,0.8125,7,24.8666666666667,0.296685100157581,0.0666666666666667
"80-85%",146,3,0.8125,8,23.9333333333333,0.23262182043528,0.133333333333333
"80-85%",146,3,0.8125,9,22.8666666666667,0.161475295486387,0
"80-85%",146,3,0.8125,10,21.7333333333333,0.123955595623345,0.133333333333333
"80-85%",146,3,0.8125,11,21,0.0868492438211758,0
"80-85%",146,3,0.8125,12,19.6666666666667,0.0467328871948413,0
"80-85%",146,3,0.8125,13,19.0666666666667,0.0223919797200689,0.0666666666666667
"80-85%",146,3,0.8125,14,17.8666666666667,-0.000795016465434489,0
"80-85%",146,3,0.8125,15,16.6,-0.00184715522457141,0
"80-85%",146,3,0.8125,16,17,-0.0048660561449555,0
"80-85%",146,3,0.8125,17,16.8,-0.00716462508107948,0
"80-85%",146,3,0.8125,18,18.0666666666667,0.0103413529037987,0
"80-85%",146,3,0.8125,19,18.7333333333333,0.0241581756856294,0
"80-85%",146,3,0.8125,20,18.7333333333333,0.0524498137554501,0
"80-85%",146,3,0.8125,21,20.6666666666667,0.081576180567463,0.133333333333333
"80-85%",146,3,0.8125,22,22,0.125658917969483,0.0666666666666667
"80-85%",146,3,0.8125,23,22.9333333333333,0.158009523477067,0
"80-85%",146,3,0.8125,24,23.8666666666667,0.20835412636058,0.133333333333333
"80-85%",146,3,0.8125,25,24.8666666666667,0.281523356419713,0.0666666666666667
"80-85%",146,3,0.8125,26,26,0.35713264234725,0.133333333333333
"80-85%",146,3,0.8125,27,26.8666666666667,0.453933527374925,0.266666666666667
"80-85%",146,3,0.8125,28,27.8666666666667,0.523373432953419,0.333333333333333
"80-85%",146,3,0.8125,29,28.8666666666667,0.630394527196042,0.4
"80-85%",146,3,0.8125,30,29.7333333333333,0.740339724305654,0.466666666666667
"80-85%",146,3,0.8125,31,31,0.864935905371599,1
"80-85%",146,3,0.8125,32,32,1,2
"80-85%",162,4,0.8125,1,31.0666666666667,0.864328717987893,1.93333333333333
"80-85%",162,4,0.8125,2,29.8666666666667,0.742484708147214,1.73333333333333
"80-85%",162,4,0.8125,3,29.0666666666667,0.632278532298194,1.66666666666667
"80-85%",162,4,0.8125,4,27.9333333333333,0.528278667101249,1.53333333333333
"80-85%",162,4,0.8125,5,27,0.431791800748818,1.4
"80-85%",162,4,0.8125,6,26.4,0.367303291181533,1.46666666666667
"80-85%",162,4,0.8125,7,25.0666666666667,0.29046597424432,1.26666666666667
"80-85%",162,4,0.8125,8,24.2666666666667,0.221407097069811,0.933333333333333
"80-85%",162,4,0.8125,9,23.0666666666667,0.18027416718473,0.866666666666667
"80-85%",162,4,0.8125,10,22.0666666666667,0.12915411900668,0.866666666666667
"80-85%",162,4,0.8125,11,21.4666666666667,0.0877391028952921,0.933333333333333
"80-85%",162,4,0.8125,12,20.3333333333333,0.0382467100009783,0.2
"80-85%",162,4,0.8125,13,19.6,0.0250412736684097,0.666666666666667
"80-85%",162,4,0.8125,14,18.8666666666667,0.00813009255623478,0.333333333333333
"80-85%",162,4,0.8125,15,18.4666666666667,-0.00183656891661294,0.533333333333333
"80-85%",162,4,0.8125,16,18.7333333333333,-0.0137567114443039,0.2
"80-85%",162,4,0.8125,17,19.1333333333333,-0.00449001069088774,0.4
"80-85%",162,4,0.8125,18,19.8,0.00326405291941958,0.666666666666667
"80-85%",162,4,0.8125,19,19.3333333333333,0.0258724317469894,0.333333333333333
"80-85%",162,4,0.8125,20,20.8666666666667,0.0520209128393965,1.06666666666667
"80-85%",162,4,0.8125,21,22,0.0647383931550079,0.533333333333333
"80-85%",162,4,0.8125,22,22.4,0.124392681023779,0.666666666666667
"80-85%",162,4,0.8125,23,23.5333333333333,0.170859911872954,0.933333333333333
"80-85%",162,4,0.8125,24,24.8,0.221876580585177,1.33333333333333
"80-85%",162,4,0.8125,25,24.9333333333333,0.294525988872233,1.2
"80-85%",162,4,0.8125,26,25.8666666666667,0.367303291181533,1.13333333333333
"80-85%",162,4,0.8125,27,27,0.443992885627483,1.33333333333333
"80-85%",162,4,0.8125,28,28.1333333333333,0.530637703676891,1.73333333333333
"80-85%",162,4,0.8125,29,28.8666666666667,0.632624782681582,1.66666666666667
"80-85%",162,4,0.8125,30,30.2,0.738606809453267,1.8
"80-85%",162,4,0.8125,31,31,0.864328717987893,1.93333333333333
"80-85%",162,4,0.8125,32,32,1,2
"80-85%",185,5,0.8125,1,30.8666666666667,0.863721530604187,0.866666666666667
"80-85%",185,5,0.8125,2,29.9333333333333,0.738194740464094,0.6
"80-85%",185,5,0.8125,3,29,0.621819755637273,0.333333333333333
"80-85%",185,5,0.8125,4,27.8666666666667,0.532996740252533,0.333333333333333
"80-85%",185,5,0.8125,5,26.9333333333333,0.443992885627483,0.266666666666667
"80-85%",185,5,0.8125,6,25.9333333333333,0.366679013853748,0.333333333333333
"80-85%",185,5,0.8125,7,24.9333333333333,0.263465724896419,0.0666666666666667
"80-85%",185,5,0.8125,8,23.8666666666667,0.236518136074001,0.0666666666666667
"80-85%",185,5,0.8125,9,22.9333333333333,0.164868145732939,0.0666666666666667
"80-85%",185,5,0.8125,10,22,0.12353116404578,0
"80-85%",185,5,0.8125,11,20.8,0.0779165846196731,0
"80-85%",185,5,0.8125,12,20,0.0315324196739949,0
"80-85%",185,5,0.8125,13,18.2,0.0294645277871723,0
"80-85%",185,5,0.8125,14,17.2,-0.00270186140665132,0
"80-85%",185,5,0.8125,15,16.4,-0.00360553009946281,0
"80-85%",185,5,0.8125,16,16.9333333333333,-0.00663759773479796,0
"80-85%",185,5,0.8125,17,17.2,-0.00893358626392935,0
"80-85%",185,5,0.8125,18,17.8,0.00544915191991843,0
"80-85%",185,5,0.8125,19,18.4666666666667,0.0294684098896028,0
"80-85%",185,5,0.8125,20,19.4,0.0470658894130893,0
"80-85%",185,5,0.8125,21,21,0.0631451644051197,0.0666666666666667
"80-85%",185,5,0.8125,22,21.6,0.11485758284772,0
"80-85%",185,5,0.8125,23,22.8666666666667,0.168290634904701,0
"80-85%",185,5,0.8125,24,23.8666666666667,0.233948342162348,0.0666666666666667
"80-85%",185,5,0.8125,25,24.9333333333333,0.300833301762922,0.2
"80-85%",185,5,0.8125,26,26,0.368471415089236,0.266666666666667
"80-85%",185,5,0.8125,27,26.8666666666667,0.433602809268765,0.0666666666666667
"80-85%",185,5,0.8125,28,27.7333333333333,0.537875870211553,0.266666666666667
"80-85%",185,5,0.8125,29,29,0.634508787783733,0.6
"80-85%",185,5,0.8125,30,30,0.742484708147214,0.733333333333333
"80-85%",185,5,0.8125,31,30.8666666666667,0.863114343220481,0.866666666666667
"80-85%",185,5,0.8125,32,32,1,2
"80-85%",187,6,0.8125,1,31.1333333333333,0.862507155836775,1.86666666666667
"80-85%",187,6,0.8125,2,29.9333333333333,0.740751793294827,1.6
"80-85%",187,6,0.8125,3,28.9333333333333,0.623703760739424,1.33333333333333
"80-85%",187,6,0.8125,4,28.2666666666667,0.518359350375473,1.33333333333333
"80-85%",187,6,0.8125,5,27,0.446702763369981,1.46666666666667
"80-85%",187,6,0.8125,6,26.2,0.353322197494478,1.4
"80-85%",187,6,0.8125,7,25.2666666666667,0.292150827506957,1.2
"80-85%",187,6,0.8125,8,23.7333333333333,0.239726848935959,1.13333333333333
"80-85%",187,6,0.8125,9,23.2,0.169137180919049,0.866666666666667
"80-85%",187,6,0.8125,10,22.4,0.118716785795063,1.13333333333333
"80-85%",187,6,0.8125,11,21,0.0947537790627362,0.8
"80-85%",187,6,0.8125,12,20.7333333333333,0.051570180305112,0.733333333333333
"80-85%",187,6,0.8125,13,20.3333333333333,0.0135454714825437,0.533333333333333
"80-85%",187,6,0.8125,14,19,0.00724622185329644,0.6
"80-85%",187,6,0.8125,15,19.1333333333333,-0.0134500120542632,0.4
"80-85%",187,6,0.8125,16,18.8666666666667,-0.00752499230889385,0.466666666666667
"80-85%",187,6,0.8125,17,18.2,-0.000952088325188007,0.2
"80-85%",187,6,0.8125,18,19.4,-0.000300758419835101,0.2
"80-85%",187,6,0.8125,19,19.8666666666667,0.0197388036692974,0.4
"80-85%",187,6,0.8125,20,21.2666666666667,0.0529005462897346,0.8
"80-85%",187,6,0.8125,21,21.1333333333333,0.0868492438211758,0.6
"80-85%",187,6,0.8125,22,22.5333333333333,0.117422422171857,0.666666666666667
"80-85%",187,6,0.8125,23,23.2666666666667,0.159722925607273,1
"80-85%",187,6,0.8125,24,24.5333333333333,0.222703310154284,1.2
"80-85%",187,6,0.8125,25,25.2666666666667,0.281827593477069,1.26666666666667
"80-85%",187,6,0.8125,26,25.9333333333333,0.366453371471953,1.26666666666667
"80-85%",187,6,0.8125,27,27,0.441014465338093,1.6
"80-85%",187,6,0.8125,28,28,0.530637703676891,1.6
"80-85%",187,6,0.8125,29,29.0666666666667,0.625934016224963,1.53333333333333
"80-85%",187,6,0.8125,30,30.2,0.73687389460088,1.93333333333333
"80-85%",187,6,0.8125,31,31.2,0.861899968453069,1.86666666666667
"80-85%",187,6,0.8125,32,32,1,2
"80-85%",251,7,0.8125,1,31,0.862507155836775,0.933333333333333
"80-85%",251,7,0.8125,2,30,0.738606809453267,0.666666666666667
"80-85%",251,7,0.8125,3,28.8666666666667,0.625988166133932,0.4
"80-85%",251,7,0.8125,4,27.9333333333333,0.537875870211553,0.466666666666667
"80-85%",251,7,0.8125,5,26.9333333333333,0.423212732910048,0.0666666666666667
"80-85%",251,7,0.8125,6,25.8666666666667,0.341121373974452,0
"80-85%",251,7,0.8125,7,24.8666666666667,0.301999803514132,0.466666666666667
"80-85%",251,7,0.8125,8,23.9333333333333,0.232370456181312,0.333333333333333
"80-85%",251,7,0.8125,9,22.9333333333333,0.169189792580307,0.0666666666666667
"80-85%",251,7,0.8125,10,22,0.112179373588349,0
"80-85%",251,7,0.8125,11,20.6,0.0849312607871172,0
"80-85%",251,7,0.8125,12,19.5333333333333,0.0551013340726677,0.0666666666666667
"80-85%",251,7,0.8125,13,18.1333333333333,0.018799883679886,0
"80-85%",251,7,0.8125,14,17.8,0.0125541968415808,0
"80-85%",251,7,0.8125,15,16.8,-0.00628014448965455,0
"80-85%",251,7,0.8125,16,16.3333333333333,-0.00752174475054454,0
"80-85%",251,7,0.8125,17,17.4666666666667,-0.00273163581599634,0
"80-85%",251,7,0.8125,18,17.9333333333333,0.00456528121698009,0.133333333333333
"80-85%",251,7,0.8125,19,18.4666666666667,0.0268113517364009,0
"80-85%",251,7,0.8125,20,18.9333333333333,0.0542217006223296,0.0666666666666667
"80-85%",251,7,0.8125,21,20.6,0.0815958261541056,0.0666666666666667
"80-85%",251,7,0.8125,22,21.6,0.123522748978138,0.0666666666666667
"80-85%",251,7,0.8125,23,23,0.165707869791113,0.2
"80-85%",251,7,0.8125,24,23.8666666666667,0.232652129077876,0
"80-85%",251,7,0.8125,25,24.9333333333333,0.2849371564337,0.266666666666667
"80-85%",251,7,0.8125,26,25.8666666666667,0.359456759094196,0.133333333333333
"80-85%",251,7,0.8125,27,26.7333333333333,0.440833573273709,0.2
"80-85%",251,7,0.8125,28,27.8666666666667,0.540395963594931,0.4
"80-85%",251,7,0.8125,29,28.8666666666667,0.636739043269273,0.533333333333333
"80-85%",251,7,0.8125,30,29.9333333333333,0.742484708147214,0.666666666666667
"80-85%",251,7,0.8125,31,31,0.862507155836775,0.866666666666667
"80-85%",251,7,0.8125,32,32,1,2
"80-85%",265,8,0.8125,1,31,0.863721530604187,1.93333333333333
"80-85%",265,8,0.8125,2,30.1333333333333,0.740339724305654,1.73333333333333
"80-85%",265,8,0.8125,3,29.2,0.625587765841575,1.66666666666667
"80-85%",265,8,0.8125,4,28,0.533157797060269,1.73333333333333
"80-85%",265,8,0.8125,5,27.2,0.44580389414743,1.53333333333333
"80-85%",265,8,0.8125,6,26.3333333333333,0.361168729581816,1.33333333333333
"80-85%",265,8,0.8125,7,25.0666666666667,0.297679645317577,1.33333333333333
"80-85%",265,8,0.8125,8,24.4,0.205961444269171,0.8
"80-85%",265,8,0.8125,9,23.7333333333333,0.162285380619351,1.2
"80-85%",265,8,0.8125,10,22.3333333333333,0.12438469756875,0.933333333333333
"80-85%",265,8,0.8125,11,22.5333333333333,0.0798244483757144,1.06666666666667
"80-85%",265,8,0.8125,12,21,0.0386882308832351,0.666666666666667
"80-85%",265,8,0.8125,13,19.2666666666667,0.0294684098896028,0.666666666666667
"80-85%",265,8,0.8125,14,19.1333333333333,0.0076619958577005,0.466666666666667
"80-85%",265,8,0.8125,15,18.2666666666667,-0.00451118330680468,0.333333333333333
"80-85%",265,8,0.8125,16,18.3333333333333,-0.00752174475054454,0.4
"80-85%",265,8,0.8125,17,18.7333333333333,-0.00450059699884621,0.4
"80-85%",265,8,0.8125,18,19.4666666666667,0.0014439888194127,0.533333333333333
"80-85%",265,8,0.8125,19,19.1333333333333,0.0276425098149806,0.6
"80-85%",265,8,0.8125,20,21.1333333333333,0.0480448298754085,0.466666666666667
"80-85%",265,8,0.8125,21,21,0.0815958261541056,0.4
"80-85%",265,8,0.8125,22,22.5333333333333,0.126548993237597,0.866666666666667
"80-85%",265,8,0.8125,23,24.1333333333333,0.147062857162541,1
"80-85%",265,8,0.8125,24,24.4,0.220633308400591,0.8
"80-85%",265,8,0.8125,25,25.1333333333333,0.294525988872233,1.06666666666667
"80-85%",265,8,0.8125,26,26.0666666666667,0.355340241111761,1.26666666666667
"80-85%",265,8,0.8125,27,26.9333333333333,0.427914511236877,1
"80-85%",265,8,0.8125,28,27.8,0.528278667101249,1.26666666666667
"80-85%",265,8,0.8125,29,28.8,0.634855038167122,1.46666666666667
"80-85%",265,8,0.8125,30,29.9333333333333,0.744217622999601,1.8
"80-85%",265,8,0.8125,31,31,0.864328717987893,1.93333333333333
"80-85%",265,8,0.8125,32,32,1,2
"80-85%",273,9,0.8125,1,30.9333333333333,0.864328717987893,1.86666666666667
"80-85%",273,9,0.8125,2,29.8,0.742072639158041,1.53333333333333
"80-85%",273,9,0.8125,3,29,0.634508787783733,1.6
"80-85%",273,9,0.8125,4,27.9333333333333,0.535516833635911,1.33333333333333
"80-85%",273,9,0.8125,5,27,0.438573130142486,1.06666666666667
"80-85%",273,9,0.8125,6,25.9333333333333,0.359150685964533,0.866666666666667
"80-85%",273,9,0.8125,7,24.8666666666667,0.286835684867541,1
"80-85%",273,9,0.8125,8,23.8666666666667,0.221899212842468,0.8
"80-85%",273,9,0.8125,9,22.8,0.176028104734669,0.6
"80-85%",273,9,0.8125,10,21.9333333333333,0.11438021100234,0.266666666666667
"80-85%",273,9,0.8125,11,21.0666666666667,0.0807154933886146,0.466666666666667
"80-85%",273,9,0.8125,12,20.2,0.0404567094359392,0.2
"80-85%",273,9,0.8125,13,17.6,0.0170298056118949,0.2
"80-85%",273,9,0.8125,14,18.0666666666667,0.00813009255623478,0.333333333333333
"80-85%",273,9,0.8125,15,16.9333333333333,-0.00360553009946281,0.2
"80-85%",273,9,0.8125,16,17.1333333333333,-0.00530812965282878,0.333333333333333
"80-85%",273,9,0.8125,17,17.4,-0.00450059699884621,0.133333333333333
"80-85%",273,9,0.8125,18,18.1333333333333,0.00503337791551437,0.2
"80-85%",273,9,0.8125,19,18.7333333333333,0.028581429804392,0.2
"80-85%",273,9,0.8125,20,19.7333333333333,0.0537801797400728,0.333333333333333
"80-85%",273,9,0.8125,21,20.8666666666667,0.0851082238768363,0.4
"80-85%",273,9,0.8125,22,21.7333333333333,0.11963498774068,0.4
"80-85%",273,9,0.8125,23,22.8,0.176986540260693,0.8
"80-85%",273,9,0.8125,24,23.8666666666667,0.220854364011964,0.6
"80-85%",273,9,0.8125,25,24.8,0.289471429084324,0.6
"80-85%",273,9,0.8125,26,26,0.361168729581816,1
"80-85%",273,9,0.8125,27,26.9333333333333,0.425204633494379,0.733333333333333
"80-85%",273,9,0.8125,28,27.8666666666667,0.523005738026292,1.2
"80-85%",273,9,0.8125,29,28.8666666666667,0.632624782681582,1.46666666666667
"80-85%",273,9,0.8125,30,29.7333333333333,0.740751793294827,1.4
"80-85%",273,9,0.8125,31,30.8666666666667,0.861899968453069,1.53333333333333
"80-85%",273,9,0.8125,32,32,1,2
"80-85%",285,10,0.8125,1,31.0666666666667,0.864328717987893,1.86666666666667
"80-85%",285,10,0.8125,2,30.1333333333333,0.73687389460088,1.73333333333333
"80-85%",285,10,0.8125,3,29.0666666666667,0.624050011122812,1.53333333333333
"80-85%",285,10,0.8125,4,28,0.525758573717871,1.46666666666667
"80-85%",285,10,0.8125,5,27.1333333333333,0.438573130142486,1.4
"80-85%",285,10,0.8125,6,25.8,0.366135167273831,1.33333333333333
"80-85%",285,10,0.8125,7,25,0.286361866127694,0.933333333333333
"80-85%",285,10,0.8125,8,24.1333333333333,0.2284515082853,1.2
"80-85%",285,10,0.8125,9,23.1333333333333,0.16658405473067,0.8
"80-85%",285,10,0.8125,10,22.2666666666667,0.130464881152557,1
"80-85%",285,10,0.8125,11,22,0.0823093151078948,0.8
"80-85%",285,10,0.8125,12,20.4,0.0555486582927768,0.533333333333333
"80-85%",285,10,0.8125,13,19.6666666666667,0.0321177038379437,0.4
"80-85%",285,10,0.8125,14,19.3333333333333,0.00127872393700742,0.733333333333333
"80-85%",285,10,0.8125,15,18.6666666666667,-0.00450059699884621,0.266666666666667
"80-85%",285,10,0.8125,16,18.4,-0.00840913932464043,0.466666666666667
"80-85%",285,10,0.8125,17,19,-0.00813254219775515,0.666666666666667
"80-85%",285,10,0.8125,18,19.2,0.00102663122479052,0.466666666666667
"80-85%",285,10,0.8125,19,20,0.0268113517364009,0.6
"80-85%",285,10,0.8125,20,21,0.0489278716399221,0.733333333333333
"80-85%",285,10,0.8125,21,21.4,0.0717828341871119,0.6
"80-85%",285,10,0.8125,22,22.7333333333333,0.133947922422311,1.26666666666667
"80-85%",285,10,0.8125,23,23.4,0.171699635931127,1.2
"80-85%",285,10,0.8125,24,24.2666666666667,0.233948342162348,1.33333333333333
"80-85%",285,10,0.8125,25,25.2666666666667,0.286792030661691,1
"80-85%",285,10,0.8125,26,26,0.370489458706519,1.53333333333333
"80-85%",285,10,0.8125,27,26.8666666666667,0.462975299899816,1.46666666666667
"80-85%",285,10,0.8125,28,27.8666666666667,0.523077423526757,1.2
"80-85%",285,10,0.8125,29,29.5333333333333,0.623812060557362,1.66666666666667
"80-85%",285,10,0.8125,30,30.0666666666667,0.73472891075932,1.73333333333333
"80-85%",285,10,0.8125,31,31.0666666666667,0.863114343220481,1.93333333333333
"80-85%",285,10,0.8125,32,32,1,2
"80-85%",297,11,0.84375,1,30.9333333333333,0.854864622840508,0.933333333333333
"80-85%",297,11,0.84375,2,29.9333333333333,0.725758568093053,0.733333333333333
"80-85%",297,11,0.84375,3,28.8,0.609319879615473,0.333333333333333
"80-85%",297,11,0.84375,4,27.8666666666667,0.528477816993067,0.533333333333333
"80-85%",297,11,0.84375,5,26.8666666666667,0.414635329903925,0.333333333333333
"80-85%",297,11,0.84375,6,25.8666666666667,0.347489003787813,0.133333333333333
"80-85%",297,11,0.84375,7,24.8,0.261507413186153,0.266666666666667
"80-85%",297,11,0.84375,8,23.7333333333333,0.231511878837866,0
"80-85%",297,11,0.84375,9,22.8,0.173494918189767,0.0666666666666667
"80-85%",297,11,0.84375,10,22.0666666666667,0.122050032741885,0
"80-85%",297,11,0.84375,11,20.6666666666667,0.0830024848086583,0.0666666666666667
"80-85%",297,11,0.84375,12,19.6666666666667,0.0374411723322207,0
"80-85%",297,11,0.84375,13,18.8666666666667,0.0320751990643575,0.0666666666666667
"80-85%",297,11,0.84375,14,17.6,0.0100483186623103,0.0666666666666667
"80-85%",297,11,0.84375,15,16.5333333333333,-0.00395197206874418,0
"80-85%",297,11,0.84375,16,16.7333333333333,-0.00768598645391007,0
"80-85%",297,11,0.84375,17,17.1333333333333,-0.00339691288419071,0
"80-85%",297,11,0.84375,18,17.6,0.00556758439605611,0.0666666666666667
"80-85%",297,11,0.84375,19,18.8666666666667,0.0287243603443328,0.133333333333333
"80-85%",297,11,0.84375,20,20,0.0397243026356348,0
"80-85%",297,11,0.84375,21,20.7333333333333,0.0717904125661831,0.133333333333333
"80-85%",297,11,0.84375,22,21.9333333333333,0.125370883100247,0.133333333333333
"80-85%",297,11,0.84375,23,22.8,0.153854996098633,0.0666666666666667
"80-85%",297,11,0.84375,24,23.8,0.222643506872507,0.2
"80-85%",297,11,0.84375,25,24.9333333333333,0.272663756987644,0.0666666666666667
"80-85%",297,11,0.84375,26,25.8666666666667,0.351767830137837,0.333333333333333
"80-85%",297,11,0.84375,27,26.9333333333333,0.409365055900277,0.133333333333333
"80-85%",297,11,0.84375,28,27.8666666666667,0.510482740655777,0.333333333333333
"80-85%",297,11,0.84375,29,28.8666666666667,0.612588051039166,0.466666666666667
"80-85%",297,11,0.84375,30,29.9333333333333,0.731788003731894,0.8
"80-85%",297,11,0.84375,31,30.8666666666667,0.852937679289504,0.666666666666667
"80-85%",297,11,0.84375,32,32,1,2
"80-85%",305,12,0.8125,1,31,0.863114343220481,1
"80-85%",305,12,0.8125,2,30,0.735140979748493,0.533333333333333
"80-85%",305,12,0.8125,3,28.9333333333333,0.622166006020661,0.333333333333333
"80-85%",305,12,0.8125,4,28,0.523695546568891,0.266666666666667
"80-85%",305,12,0.8125,5,27,0.430892931526267,0.2
"80-85%",305,12,0.8125,6,25.8,0.366679013853748,0.2
"80-85%",305,12,0.8125,7,25,0.288781120981684,0.2
"80-85%",305,12,0.8125,8,24,0.227155295200828,0.0666666666666667
"80-85%",305,12,0.8125,9,23,0.162285380619351,0
"80-85%",305,12,0.8125,10,21.6666666666667,0.128704873838802,0
"80-85%",305,12,0.8125,11,21,0.0859784373643101,0
"80-85%",305,12,0.8125,12,19.5333333333333,0.0537835880542482,0
"80-85%",305,12,0.8125,13,18.4,0.0268113517364009,0
"80-85%",305,12,0.8125,14,17.9333333333333,0.00633460621307488,0
"80-85%",305,12,0.8125,15,17.1333333333333,-0.000952088325188007,0
"80-85%",305,12,0.8125,16,16.3333333333333,-0.0110680754885788,0
"80-85%",305,12,0.8125,17,16.6666666666667,-0.00449001069088774,0
"80-85%",305,12,0.8125,18,17.2,0.0107832882552679,0
"80-85%",305,12,0.8125,19,17.7333333333333,0.0250412736684097,0
"80-85%",305,12,0.8125,20,19.6666666666667,0.0480482381895839,0
"80-85%",305,12,0.8125,21,21,0.0772030956658839,0
"80-85%",305,12,0.8125,22,21.8666666666667,0.124153566298688,0.0666666666666667
"80-85%",305,12,0.8125,23,22.8666666666667,0.183696656356492,0.133333333333333
"80-85%",305,12,0.8125,24,23.8666666666667,0.22767771961608,0.0666666666666667
"80-85%",305,12,0.8125,25,24.8666666666667,0.295260390463587,0.133333333333333
"80-85%",305,12,0.8125,26,25.8666666666667,0.359376328346328,0.2
"80-85%",305,12,0.8125,27,26.8666666666667,0.434427298083654,0.266666666666667
"80-85%",305,12,0.8125,28,27.8666666666667,0.535516833635911,0.333333333333333
"80-85%",305,12,0.8125,29,28.9333333333333,0.62885677247728,0.533333333333333
"80-85%",305,12,0.8125,30,30,0.735553048737667,0.466666666666667
"80-85%",305,12,0.8125,31,31,0.863114343220481,1
"80-85%",305,12,0.8125,32,32,1,2
"80-85%",325,13,0.8125,1,30.9333333333333,0.863114343220481,0.8
"80-85%",325,13,0.8125,2,29.8,0.738194740464094,0.466666666666667
"80-85%",325,13,0.8125,3,28.8666666666667,0.626280266608352,0.333333333333333
"80-85%",325,13,0.8125,4,27.8666666666667,0.530798760484626,0.2
"80-85%",325,13,0.8125,5,26.8,0.452585223541099,0.4
"80-85%",325,13,0.8125,6,25.8666666666667,0.36054445225403,0.133333333333333
"80-85%",325,13,0.8125,7,25,0.307312571244825,0.333333333333333
"80-85%",325,13,0.8125,8,24,0.219745961546293,0.133333333333333
"80-85%",325,13,0.8125,9,23,0.171706457887302,0.0666666666666667
"80-85%",325,13,0.8125,10,22,0.128256060283537,0.0666666666666667
"80-85%",325,13,0.8125,11,19.8666666666667,0.0823093151078948,0
"80-85%",325,13,0.8125,12,19,0.0573113335076285,0
"80-85%",325,13,0.8125,13,18.7333333333333,0.0232231377986485,0.0666666666666667
"80-85%",325,13,0.8125,14,17.6,-0.000326919766900212,0
"80-85%",325,13,0.8125,15,16.6666666666667,-0.00361611640742128,0
"80-85%",325,13,0.8125,16,16.7333333333333,-0.00530812965282878,0
"80-85%",325,13,0.8125,17,16.8666666666667,-0.000952088325188007,0
"80-85%",325,13,0.8125,18,17.0666666666667,0.00279595622088531,0
"80-85%",325,13,0.8125,19,18.5333333333333,0.0312307237527329,0.0666666666666667
"80-85%",325,13,0.8125,20,19,0.0533420671719914,0
"80-85%",325,13,0.8125,21,21,0.0938734462972452,0
"80-85%",325,13,0.8125,22,21.9333333333333,0.114388194457369,0
"80-85%",325,13,0.8125,23,23,0.181120713199078,0.133333333333333
"80-85%",325,13,0.8125,24,23.9333333333333,0.20927471820745,0.133333333333333
"80-85%",325,13,0.8125,25,24.9333333333333,0.287570086458895,0.2
"80-85%",325,13,0.8125,26,25.9333333333333,0.355340241111761,0.133333333333333
"80-85%",325,13,0.8125,27,26.8666666666667,0.443094016404932,0.266666666666667
"80-85%",325,13,0.8125,28,27.9333333333333,0.530772656295817,0.4
"80-85%",325,13,0.8125,29,28.9333333333333,0.630394527196042,0.466666666666667
"80-85%",325,13,0.8125,30,29.8,0.738606809453267,0.4
"80-85%",325,13,0.8125,31,31,0.864328717987893,1
"80-85%",325,13,0.8125,32,32,1,2
"80-85%",328,14,0.8125,1,31,0.863114343220481,0.933333333333333
"80-85%",328,14,0.8125,2,29.8666666666667,0.740751793294827,0.533333333333333
"80-85%",328,14,0.8125,3,29,0.632278532298194,0.533333333333333
"80-85%",328,14,0.8125,4,27.9333333333333,0.52087944375885,0.2
"80-85%",328,14,0.8125,5,26.9333333333333,0.438304587595595,0.266666666666667
"80-85%",328,14,0.8125,6,25.9333333333333,0.35883248176641,0.266666666666667
"80-85%",328,14,0.8125,7,24.8,0.292106734018242,0.133333333333333
"80-85%",328,14,0.8125,8,23.9333333333333,0.222180885739032,0
"80-85%",328,14,0.8125,9,22.9333333333333,0.163161565558908,0
"80-85%",328,14,0.8125,10,21.8,0.123522748978138,0.0666666666666667
"80-85%",328,14,0.8125,11,21,0.0815862998454803,0
"80-85%",328,14,0.8125,12,18.8666666666667,0.0577528543898853,0
"80-85%",328,14,0.8125,13,19.2,0.0250451557708403,0
"80-85%",328,14,0.8125,14,18.1333333333333,0.0094574822008604,0.0666666666666667
"80-85%",328,14,0.8125,15,16.5333333333333,-0.00538507759027115,0
"80-85%",328,14,0.8125,16,16.6666666666667,-0.00575020316070207,0
"80-85%",328,14,0.8125,17,16.6,-6.76077337630726e-05,0
"80-85%",328,14,0.8125,18,16.8666666666667,0.0107832882552679,0
"80-85%",328,14,0.8125,19,18.8666666666667,0.0196829816626663,0
"80-85%",328,14,0.8125,20,19.4666666666667,0.0489278716399221,0.0666666666666667
"80-85%",328,14,0.8125,21,20.7333333333333,0.0798250413451063,0
"80-85%",328,14,0.8125,22,22,0.112215915333493,0
"80-85%",328,14,0.8125,23,22.9333333333333,0.156871403196013,0.0666666666666667
"80-85%",328,14,0.8125,24,23.8,0.231543726612205,0
"80-85%",328,14,0.8125,25,24.8666666666667,0.294309938792305,0
"80-85%",328,14,0.8125,26,25.9333333333333,0.353322197494478,0.0666666666666667
"80-85%",328,14,0.8125,27,27,0.428095403301261,0.133333333333333
"80-85%",328,14,0.8125,28,27.8666666666667,0.520718386951115,0.266666666666667
"80-85%",328,14,0.8125,29,28.9333333333333,0.637085293652661,0.666666666666667
"80-85%",328,14,0.8125,30,30,0.738194740464094,0.666666666666667
"80-85%",328,14,0.8125,31,30.9333333333333,0.864328717987893,0.933333333333333
"80-85%",328,14,0.8125,32,32,1,2
"80-85%",332,15,0.8125,1,30.9333333333333,0.861899968453069,0.933333333333333
"80-85%",332,15,0.8125,2,29.7333333333333,0.73901887844244,0.333333333333333
"80-85%",332,15,0.8125,3,28.8,0.630394527196042,0.333333333333333
"80-85%",332,15,0.8125,4,27.8,0.535490729447102,0.4
"80-85%",332,15,0.8125,5,26.9333333333333,0.448513771889928,0.4
"80-85%",332,15,0.8125,6,25.8,0.36528524756425,0.0666666666666667
"80-85%",332,15,0.8125,7,24.8,0.284846594547548,0
"80-85%",332,15,0.8125,8,23.9333333333333,0.210563850104917,0
"80-85%",332,15,0.8125,9,23,0.169924293315965,0.0666666666666667
"80-85%",332,15,0.8125,10,21.3333333333333,0.123522748978138,0
"80-85%",332,15,0.8125,11,20.7333333333333,0.0772132149439012,0.0666666666666667
"80-85%",332,15,0.8125,12,19.3333333333333,0.0449644086421372,0
"80-85%",332,15,0.8125,13,17.8666666666667,0.0294645277871723,0.0666666666666667
"80-85%",332,15,0.8125,14,17.3333333333333,0.01299613219305,0
"80-85%",332,15,0.8125,15,17.0666666666667,-0.00450059699884621,0
"80-85%",332,15,0.8125,16,16.6,-0.00973860740660961,0
"80-85%",332,15,0.8125,17,17.1333333333333,-0.00626955818169608,0
"80-85%",332,15,0.8125,18,17.5333333333333,0.0014439888194127,0
"80-85%",332,15,0.8125,19,18.2,0.0188518235840866,0
"80-85%",332,15,0.8125,20,18.7333333333333,0.0514742816073064,0
"80-85%",332,15,0.8125,21,21,0.0666867340231183,0
"80-85%",332,15,0.8125,22,21.8666666666667,0.128308568938739,0
"80-85%",332,15,0.8125,23,22.9333333333333,0.185389748385188,0
"80-85%",332,15,0.8125,24,24,0.223225734569535,0.2
"80-85%",332,15,0.8125,25,24.8666666666667,0.282471433182272,0
"80-85%",332,15,0.8125,26,25.9333333333333,0.351304153877195,0
"80-85%",332,15,0.8125,27,26.8,0.455744535894872,0.333333333333333
"80-85%",332,15,0.8125,28,27.8,0.526054583144533,0.133333333333333
"80-85%",332,15,0.8125,29,28.9333333333333,0.625587765841575,0.266666666666667
"80-85%",332,15,0.8125,30,29.8666666666667,0.745950537851988,0.733333333333333
"80-85%",332,15,0.8125,31,30.9333333333333,0.864328717987893,0.933333333333333
"80-85%",332,15,0.8125,32,32,1,2
"80-85%",333,16,0.84375,1,30.8,0.855828094616009,1.8
"80-85%",333,16,0.84375,2,29.7333333333333,0.728342092921598,1.53333333333333
"80-85%",333,16,0.84375,3,28.9333333333333,0.619124393886553,1.6
"80-85%",333,16,0.84375,4,28,0.528477816993067,1.53333333333333
"80-85%",333,16,0.84375,5,27.3333333333333,0.418662534704452,1.46666666666667
"80-85%",333,16,0.84375,6,26.2666666666667,0.342719388168397,1.4
"80-85%",333,16,0.84375,7,25.1333333333333,0.282615931811137,1.13333333333333
"80-85%",333,16,0.84375,8,24.3333333333333,0.222942419093663,1.2
"80-85%",333,16,0.84375,9,23.3333333333333,0.155745761192108,1
"80-85%",333,16,0.84375,10,22.2666666666667,0.122050032741885,0.733333333333333
"80-85%",333,16,0.84375,11,21.6,0.0913380829165743,0.8
"80-85%",333,16,0.84375,12,19.9333333333333,0.0543276728258377,0.666666666666667
"80-85%",333,16,0.84375,13,20,0.0201378960257688,0.466666666666667
"80-85%",333,16,0.84375,14,18.6666666666667,0.00668503337371005,0.333333333333333
"80-85%",333,16,0.84375,15,18.2666666666667,-0.00511297334456814,0.666666666666667
"80-85%",333,16,0.84375,16,18.4,-0.00656781534023109,0.533333333333333
"80-85%",333,16,0.84375,17,18.8666666666667,-0.00339324262852065,0.333333333333333
"80-85%",333,16,0.84375,18,18.8666666666667,0.00220429910745587,0.4
"80-85%",333,16,0.84375,19,19.7333333333333,0.024256446120491,0.6
"80-85%",333,16,0.84375,20,20.4,0.0408912832838012,0.533333333333333
"80-85%",333,16,0.84375,21,21.7333333333333,0.0650224113580642,0.8
"80-85%",333,16,0.84375,22,22.8666666666667,0.124287541830791,1.13333333333333
"80-85%",333,16,0.84375,23,23.6666666666667,0.134731496272243,0.933333333333333
"80-85%",333,16,0.84375,24,24.2,0.219743513304648,1.33333333333333
"80-85%",333,16,0.84375,25,25.4666666666667,0.287908374020075,1.53333333333333
"80-85%",333,16,0.84375,26,25.5333333333333,0.353588205054125,1.06666666666667
"80-85%",333,16,0.84375,27,27.2666666666667,0.42341166568601,1.46666666666667
"80-85%",333,16,0.84375,28,28.4,0.521577124726917,1.86666666666667
"80-85%",333,16,0.84375,29,29,0.612321783271159,1.66666666666667
"80-85%",333,16,0.84375,30,30.2666666666667,0.724037429246257,1.86666666666667
"80-85%",333,16,0.84375,31,31.0666666666667,0.854864622840508,2
"80-85%",333,16,0.84375,32,32,1,2
"80-85%",335,17,0.8125,1,30.8,0.863721530604187,1.66666666666667
"80-85%",335,17,0.8125,2,30,0.737285963590054,1.53333333333333
"80-85%",335,17,0.8125,3,28.8,0.632971033064971,1.4
"80-85%",335,17,0.8125,4,27.8,0.523399537142228,1
"80-85%",335,17,0.8125,5,26.8666666666667,0.434052243880041,0.866666666666667
"80-85%",335,17,0.8125,6,25.9333333333333,0.345395234659273,0.666666666666667
"80-85%",335,17,0.8125,7,24.9333333333333,0.295000246894945,0.8
"80-85%",335,17,0.8125,8,23.6666666666667,0.23184803176606,0.733333333333333
"80-85%",335,17,0.8125,9,22.8666666666667,0.178551436230825,0.866666666666667
"80-85%",335,17,0.8125,10,21.8666666666667,0.121350469854262,0.4
"80-85%",335,17,0.8125,11,21.2666666666667,0.0763227629003929,0.333333333333333
"80-85%",335,17,0.8125,12,19.8666666666667,0.0475132136331984,0.266666666666667
"80-85%",335,17,0.8125,13,19,0.0276944497191812,0.2
"80-85%",335,17,0.8125,14,18.6,0.00235402086941614,0.133333333333333
"80-85%",335,17,0.8125,15,17.3333333333333,-0.00450059699884621,0.0666666666666667
"80-85%",335,17,0.8125,16,17.4,-0.00442073507873289,0.266666666666667
"80-85%",335,17,0.8125,17,16.9333333333333,-0.00272104950803787,0
"80-85%",335,17,0.8125,18,17.8,0.00724463826307832,0.266666666666667
"80-85%",335,17,0.8125,19,18.4666666666667,0.0178648457929051,0
"80-85%",335,17,0.8125,20,19.6666666666667,0.0476067173073271,0.266666666666667
"80-85%",335,17,0.8125,21,20.8666666666667,0.0833564916850877,0.4
"80-85%",335,17,0.8125,22,21.9333333333333,0.121771156732025,0.533333333333333
"80-85%",335,17,0.8125,23,22.8,0.176005131998621,0.6
"80-85%",335,17,0.8125,24,23.8,0.242007293565745,0.933333333333333
"80-85%",335,17,0.8125,25,24.6666666666667,0.308307116404821,1.06666666666667
"80-85%",335,17,0.8125,26,25.8,0.355340241111761,0.8
"80-85%",335,17,0.8125,27,26.8,0.445535351600539,1.2
"80-85%",335,17,0.8125,28,27.9333333333333,0.530476646869155,1.2
"80-85%",335,17,0.8125,29,28.9333333333333,0.621819755637273,1.26666666666667
"80-85%",335,17,0.8125,30,29.9333333333333,0.735553048737667,1.4
"80-85%",335,17,0.8125,31,30.8666666666667,0.862507155836775,1.6
"80-85%",335,17,0.8125,32,32,1,2
"80-85%",340,18,0.8125,1,30.9333333333333,0.863721530604187,1.8
"80-85%",340,18,0.8125,2,29.8666666666667,0.740339724305654,1.53333333333333
"80-85%",340,18,0.8125,3,29,0.639315549138201,1.8
"80-85%",340,18,0.8125,4,27.9333333333333,0.535516833635911,1.53333333333333
"80-85%",340,18,0.8125,5,27.2666666666667,0.436044144464372,1.4
"80-85%",340,18,0.8125,6,26.1333333333333,0.349205679512044,1.53333333333333
"80-85%",340,18,0.8125,7,25.3333333333333,0.284890688036262,1.13333333333333
"80-85%",340,18,0.8125,8,24.2666666666667,0.2284515082853,0.933333333333333
"80-85%",340,18,0.8125,9,23.8,0.164884296512813,1.06666666666667
"80-85%",340,18,0.8125,10,23.0666666666667,0.108279452583447,1.06666666666667
"80-85%",340,18,0.8125,11,21.4,0.0638681796675342,0.6
"80-85%",340,18,0.8125,12,20.4666666666667,0.0407897116541872,0.666666666666667
"80-85%",340,18,0.8125,13,19.4,0.0276944497191812,0.4
"80-85%",340,18,0.8125,14,19.2666666666667,0.010784871845486,0.4
"80-85%",340,18,0.8125,15,19.2666666666667,-0.00538507759027115,0.266666666666667
"80-85%",340,18,0.8125,16,19.1333333333333,-0.00840913932464043,0.6
"80-85%",340,18,0.8125,17,18.3333333333333,-0.000952088325188007,0.333333333333333
"80-85%",340,18,0.8125,18,19.4,0.00857044431748582,0.866666666666667
"80-85%",340,18,0.8125,19,19.6,0.0285775477019615,0.6
"80-85%",340,18,0.8125,20,20.9333333333333,0.048480547419813,0.466666666666667
"80-85%",340,18,0.8125,21,21.8,0.0877396958646841,0.866666666666667
"80-85%",340,18,0.8125,22,22.6,0.126532594714926,1.13333333333333
"80-85%",340,18,0.8125,23,23.8,0.162285380619351,0.933333333333333
"80-85%",340,18,0.8125,24,24.6,0.201926001838106,1.2
"80-85%",340,18,0.8125,25,25.1333333333333,0.284890688036262,1.2
"80-85%",340,18,0.8125,26,26.1333333333333,0.358526408636747,1.4
"80-85%",340,18,0.8125,27,27.0666666666667,0.435594709853097,1.26666666666667
"80-85%",340,18,0.8125,28,28,0.533157797060269,1.46666666666667
"80-85%",340,18,0.8125,29,29,0.632278532298194,1.66666666666667
"80-85%",340,18,0.8125,30,30,0.747683452704374,2
"80-85%",340,18,0.8125,31,30.9333333333333,0.863114343220481,1.8
"80-85%",340,18,0.8125,32,32,1,2
"80-85%",341,19,0.8125,1,30.9333333333333,0.862507155836775,0.8
"80-85%",341,19,0.8125,2,30,0.740751793294827,0.666666666666667
"80-85%",341,19,0.8125,3,28.8666666666667,0.630740777579431,0.466666666666667
"80-85%",341,19,0.8125,4,27.8666666666667,0.530637703676891,0.266666666666667
"80-85%",341,19,0.8125,5,26.8666666666667,0.441014465338093,0.133333333333333
"80-85%",341,19,0.8125,6,25.9333333333333,0.355964518439547,0.0666666666666667
"80-85%",341,19,0.8125,7,24.9333333333333,0.290896138778318,0
"80-85%",341,19,0.8125,8,23.7333333333333,0.233666669265784,0.0666666666666667
"80-85%",341,19,0.8125,9,22.8,0.181973925402587,0
"80-85%",341,19,0.8125,10,21.2,0.137443123459508,0
"80-85%",341,19,0.8125,11,20.6,0.0912515006180228,0.0666666666666667
"80-85%",341,19,0.8125,12,19.6,0.0546598131904109,0
"80-85%",341,19,0.8125,13,18.8,0.0250412736684097,0.133333333333333
"80-85%",341,19,0.8125,14,17.3333333333333,0.00857202790770394,0
"80-85%",341,19,0.8125,15,16.9333333333333,-0.00716462508107948,0
"80-85%",341,19,0.8125,16,16.8,-0.00530812965282878,0
"80-85%",341,19,0.8125,17,17.0666666666667,-0.01078598397203,0
"80-85%",341,19,0.8125,18,17.6666666666667,0.00766041226748238,0
"80-85%",341,19,0.8125,19,18.3333333333333,0.0312346058551634,0.0666666666666667
"80-85%",341,19,0.8125,20,19.6666666666667,0.0436248310054868,0
"80-85%",341,19,0.8125,21,21,0.0868688894078184,0
"80-85%",341,19,0.8125,22,22,0.122183860154758,0.0666666666666667
"80-85%",341,19,0.8125,23,22.8666666666667,0.167535824067533,0.0666666666666667
"80-85%",341,19,0.8125,24,23.9333333333333,0.22811689448885,0.133333333333333
"80-85%",341,19,0.8125,25,24.8666666666667,0.288002625901616,0.2
"80-85%",341,19,0.8125,26,25.8666666666667,0.34896790606179,0.0666666666666667
"80-85%",341,19,0.8125,27,26.7333333333333,0.446253328758705,0.0666666666666667
"80-85%",341,19,0.8125,28,27.8,0.535651786254838,0.333333333333333
"80-85%",341,19,0.8125,29,28.9333333333333,0.621819755637273,0.266666666666667
"80-85%",341,19,0.8125,30,29.8666666666667,0.742484708147214,0.6
"80-85%",341,19,0.8125,31,30.9333333333333,0.861292781069363,0.933333333333333
"80-85%",341,19,0.8125,32,32,1,2
"80-85%",347,20,0.84375,1,30.9333333333333,0.853901151065006,0.866666666666667
"80-85%",347,20,0.84375,2,29.9333333333333,0.723175043264507,0.666666666666667
"80-85%",347,20,0.84375,3,28.8666666666667,0.622126297542239,0.6
"80-85%",347,20,0.84375,4,27.9333333333333,0.506660721686745,0.4
"80-85%",347,20,0.84375,5,26.9333333333333,0.430778672148272,0.466666666666667
"80-85%",347,20,0.84375,6,25.9333333333333,0.315571267585699,0.133333333333333
"80-85%",347,20,0.84375,7,24.8666666666667,0.276993601675965,0.2
"80-85%",347,20,0.84375,8,23.9333333333333,0.206947890148591,0.2
"80-85%",347,20,0.84375,9,22.9333333333333,0.158780451988885,0.2
"80-85%",347,20,0.84375,10,21.9333333333333,0.120941270020938,0.0666666666666667
"80-85%",347,20,0.84375,11,20.5333333333333,0.0756964661833211,0.0666666666666667
"80-85%",347,20,0.84375,12,19.6666666666667,0.0509818251171013,0.0666666666666667
"80-85%",347,20,0.84375,13,18.6666666666667,0.0180616259261419,0
"80-85%",347,20,0.84375,14,17.6,-0.00116992453678278,0.0666666666666667
"80-85%",347,20,0.84375,15,17.3333333333333,-0.00623410248068529,0
"80-85%",347,20,0.84375,16,16.7333333333333,-0.0110693797147599,0
"80-85%",347,20,0.84375,17,17.8,-0.00395564232441425,0.0666666666666667
"80-85%",347,20,0.84375,18,18.4,0.0078134207070024,0
"80-85%",347,20,0.84375,19,18.1333333333333,0.0259062675970408,0.0666666666666667
"80-85%",347,20,0.84375,20,19.8666666666667,0.0554438224810853,0.133333333333333
"80-85%",347,20,0.84375,21,20.6,0.0773487714106683,0
"80-85%",347,20,0.84375,22,22,0.109980624561429,0.0666666666666667
"80-85%",347,20,0.84375,23,22.8666666666667,0.166116434084919,0.133333333333333
"80-85%",347,20,0.84375,24,23.9333333333333,0.204360196840764,0.0666666666666667
"80-85%",347,20,0.84375,25,24.9333333333333,0.273714670977114,0.0666666666666667
"80-85%",347,20,0.84375,26,25.8666666666667,0.345668628871524,0.2
"80-85%",347,20,0.84375,27,26.8666666666667,0.435493280087592,0.266666666666667
"80-85%",347,20,0.84375,28,27.6,0.521577124726917,0.133333333333333
"80-85%",347,20,0.84375,29,28.8,0.602783536768086,0.2
"80-85%",347,20,0.84375,30,29.8666666666667,0.729204478903348,0.666666666666667
"80-85%",347,20,0.84375,31,30.9333333333333,0.852937679289504,0.8
"80-85%",347,20,0.84375,32,32,1,2
"85-90%",215,1,0.875,1,30.9333333333333,0.839770934402156,1.86666666666667
"85-90%",215,1,0.875,2,29.8666666666667,0.701215275855892,1.66666666666667
"85-90%",215,1,0.875,3,28.9333333333333,0.604955474169815,1.86666666666667
"85-90%",215,1,0.875,4,27.9333333333333,0.486119357523504,1.53333333333333
"85-90%",215,1,0.875,5,27,0.409080604414448,1.4
"85-90%",215,1,0.875,6,25.8666666666667,0.323347152738339,1.2
"85-90%",215,1,0.875,7,25.2666666666667,0.252771825651833,1.13333333333333
"85-90%",215,1,0.875,8,23.9333333333333,0.198480795491104,0.933333333333333
"85-90%",215,1,0.875,9,23.4,0.149004580136477,1.26666666666667
"85-90%",215,1,0.875,10,22.5333333333333,0.102552390842173,0.8
"85-90%",215,1,0.875,11,22,0.0630615837287244,0.733333333333333
"85-90%",215,1,0.875,12,20.5333333333333,0.0366030302104441,0.8
"85-90%",215,1,0.875,13,19.4666666666667,0.0171581499091207,0.533333333333333
"85-90%",215,1,0.875,14,19.2666666666667,0.00897089017038652,0.666666666666667
"85-90%",215,1,0.875,15,19.2666666666667,-0.00645933027402881,0.666666666666667
"85-90%",215,1,0.875,16,18.2666666666667,-0.00637892920744501,0.333333333333333
"85-90%",215,1,0.875,17,18.4666666666667,-0.00502378755344172,0.466666666666667
"85-90%",215,1,0.875,18,19.5333333333333,-0.00880990525994857,0.4
"85-90%",215,1,0.875,19,19.6666666666667,0.0242809255194678,0.333333333333333
"85-90%",215,1,0.875,20,21.2,0.0380171356195776,0.866666666666667
"85-90%",215,1,0.875,21,21.9333333333333,0.0829708186792526,1.13333333333333
"85-90%",215,1,0.875,22,23,0.0768891197914096,0.8
"85-90%",215,1,0.875,23,23.5333333333333,0.129487292952056,1
"85-90%",215,1,0.875,24,24.3333333333333,0.188585048686451,0.866666666666667
"85-90%",215,1,0.875,25,24.9333333333333,0.261259760750442,1.26666666666667
"85-90%",215,1,0.875,26,26.4,0.326600817058917,1.53333333333333
"85-90%",215,1,0.875,27,27,0.414017614966815,1.33333333333333
"85-90%",215,1,0.875,28,27.8,0.49633602799068,1.33333333333333
"85-90%",215,1,0.875,29,29.1333333333333,0.594974860714684,1.73333333333333
"85-90%",215,1,0.875,30,30.2,0.697208692336525,1.8
"85-90%",215,1,0.875,31,31.2666666666667,0.831745516495524,1.86666666666667
"85-90%",215,1,0.875,32,32,1,2
"85-90%",254,2,0.875,1,30.9333333333333,0.83816585082083,1.8
"85-90%",254,2,0.875,2,29.8,0.709228442894625,1.73333333333333
"85-90%",254,2,0.875,3,28.9333333333333,0.590066582474416,1.66666666666667
"85-90%",254,2,0.875,4,27.7333333333333,0.48939622843915,1.33333333333333
"85-90%",254,2,0.875,5,26.8,0.423891636071551,1.46666666666667
"85-90%",254,2,0.875,6,25.7333333333333,0.353254230126398,1.33333333333333
"85-90%",254,2,0.875,7,24.7333333333333,0.245114553053547,1
"85-90%",254,2,0.875,8,24.0666666666667,0.186938207039755,0.8
"85-90%",254,2,0.875,9,23.4,0.130717471335289,0.666666666666667
"85-90%",254,2,0.875,10,22.1333333333333,0.104562386930406,0.933333333333333
"85-90%",254,2,0.875,11,21.4,0.0687639843179075,0.733333333333333
"85-90%",254,2,0.875,12,20.4666666666667,0.0373089809968555,0.466666666666667
"85-90%",254,2,0.875,13,19.4,0.0228543865971224,0.4
"85-90%",254,2,0.875,14,18.4,0.00897424428298401,0.133333333333333
"85-90%",254,2,0.875,15,18.4,-0.000769309632262854,0.333333333333333
"85-90%",254,2,0.875,16,18.6666666666667,-0.00851044570549358,0.2
"85-90%",254,2,0.875,17,17.8,-0.00644194686050134,0.2
"85-90%",254,2,0.875,18,19.2666666666667,-0.00814320357161005,0.4
"85-90%",254,2,0.875,19,19.5333333333333,0.0171581499091207,0.533333333333333
"85-90%",254,2,0.875,20,20.2666666666667,0.0493839983561647,0.6
"85-90%",254,2,0.875,21,21.4,0.0900285047773078,0.733333333333333
"85-90%",254,2,0.875,22,21.9333333333333,0.103162791273456,0.6
"85-90%",254,2,0.875,23,22.8666666666667,0.147601452042162,0.866666666666667
"85-90%",254,2,0.875,24,23.8666666666667,0.198480795491104,1
"85-90%",254,2,0.875,25,24.8,0.24915085497777,0.8
"85-90%",254,2,0.875,26,25.6,0.316199079118539,1
"85-90%",254,2,0.875,27,27,0.376991261036096,1.2
"85-90%",254,2,0.875,28,27.8666666666667,0.490311960598121,1.46666666666667
"85-90%",254,2,0.875,29,28.7333333333333,0.580414082968473,1.33333333333333
"85-90%",254,2,0.875,30,29.8,0.705221859375259,1.73333333333333
"85-90%",254,2,0.875,31,30.9333333333333,0.83816585082083,1.86666666666667
"85-90%",254,2,0.875,32,32,1,2
"85-90%",266,3,0.875,1,31,0.83816585082083,1.86666666666667
"85-90%",266,3,0.875,2,29.8,0.709228442894625,1.73333333333333
"85-90%",266,3,0.875,3,29.1333333333333,0.590066582474416,1.8
"85-90%",266,3,0.875,4,27.9333333333333,0.506552698457856,1.66666666666667
"85-90%",266,3,0.875,5,26.8666666666667,0.425081417419869,1.53333333333333
"85-90%",266,3,0.875,6,26.0666666666667,0.329197089925064,1.33333333333333
"85-90%",266,3,0.875,7,25.3333333333333,0.265296906193171,1.33333333333333
"85-90%",266,3,0.875,8,24.3333333333333,0.204661472656391,1
"85-90%",266,3,0.875,9,23.2666666666667,0.160551491662589,0.933333333333333
"85-90%",266,3,0.875,10,22.4,0.120103816372496,0.933333333333333
"85-90%",266,3,0.875,11,22.4,0.0758648965871225,0.933333333333333
"85-90%",266,3,0.875,12,20.7333333333333,0.0273810295648508,0.266666666666667
"85-90%",266,3,0.875,13,19.8,0.0228345485943624,0.533333333333333
"85-90%",266,3,0.875,14,19.5333333333333,0.0053791870957244,0.733333333333333
"85-90%",266,3,0.875,15,18.6666666666667,-0.00787748958108844,0.333333333333333
"85-90%",266,3,0.875,16,18.5333333333333,-0.00567015929550667,0.333333333333333
"85-90%",266,3,0.875,17,18.0666666666667,-0.00504117096696919,0.266666666666667
"85-90%",266,3,0.875,18,19.1333333333333,-0.000296449846544788,0.466666666666667
"85-90%",266,3,0.875,19,19.8,0.0242610875167078,0.4
"85-90%",266,3,0.875,20,20.7333333333333,0.0486780475697533,0.933333333333333
"85-90%",266,3,0.875,21,22.1333333333333,0.0630133477346496,0.8
"85-90%",266,3,0.875,22,22.6,0.120103816372496,0.933333333333333
"85-90%",266,3,0.875,23,23.6666666666667,0.153182337885425,1.06666666666667
"85-90%",266,3,0.875,24,24.2,0.18061216878432,0.666666666666667
"85-90%",266,3,0.875,25,25.0666666666667,0.270678079746466,1.46666666666667
"85-90%",266,3,0.875,26,26.2666666666667,0.303916109233473,1.26666666666667
"85-90%",266,3,0.875,27,27.2666666666667,0.398016801961394,1.53333333333333
"85-90%",266,3,0.875,28,28.2,0.474071222738386,1.6
"85-90%",266,3,0.875,29,29,0.585158304234147,1.6
"85-90%",266,3,0.875,30,30.2,0.701215275855892,1.86666666666667
"85-90%",266,3,0.875,31,30.9333333333333,0.841376017983483,1.93333333333333
"85-90%",266,3,0.875,32,32,1,2
"85-90%",327,4,0.875,1,30.8666666666667,0.839770934402156,1.8
"85-90%",327,4,0.875,2,29.9333333333333,0.701215275855892,1.86666666666667
"85-90%",327,4,0.875,3,29.1333333333333,0.600047195929547,1.93333333333333
"85-90%",327,4,0.875,4,27.8,0.500528631065297,1.53333333333333
"85-90%",327,4,0.875,5,27.0666666666667,0.409080604414448,1.4
"85-90%",327,4,0.875,6,26.2,0.317014619679482,1.26666666666667
"85-90%",327,4,0.875,7,25.2666666666667,0.229898885735561,1
"85-90%",327,4,0.875,8,24.7333333333333,0.173879441107384,1.06666666666667
"85-90%",327,4,0.875,9,23.6,0.155956967540058,1.2
"85-90%",327,4,0.875,10,22.2,0.106765015654905,0.733333333333333
"85-90%",327,4,0.875,11,22.1333333333333,0.0745096110782503,0.866666666666667
"85-90%",327,4,0.875,12,21.0666666666667,0.0451168762333153,0.866666666666667
"85-90%",327,4,0.875,13,20.0666666666667,0.0113869524583023,0.466666666666667
"85-90%",327,4,0.875,14,19.8666666666667,0.00254136862458981,0.933333333333333
"85-90%",327,4,0.875,15,19,0.000648849674796769,0.533333333333333
"85-90%",327,4,0.875,16,18.3333333333333,-0.00780167579355525,0.666666666666667
"85-90%",327,4,0.875,17,18.4666666666667,0.000648849674796769,0.266666666666667
"85-90%",327,4,0.875,18,18.9333333333333,0.00542110149702016,0.533333333333333
"85-90%",327,4,0.875,19,20.6,0.00580535253863727,0.733333333333333
"85-90%",327,4,0.875,20,20.9333333333333,0.03945604692416,0.8
"85-90%",327,4,0.875,21,21.6,0.0758699064100375,0.8
"85-90%",327,4,0.875,22,22.0666666666667,0.12221450582161,0.866666666666667
"85-90%",327,4,0.875,23,23.2,0.1420205661989,0.933333333333333
"85-90%",327,4,0.875,24,24,0.205082859002363,1
"85-90%",327,4,0.875,25,25.4,0.261259760750442,1.33333333333333
"85-90%",327,4,0.875,26,26.1333333333333,0.34285249218602,1.4
"85-90%",327,4,0.875,27,26.8,0.373331749199554,0.8
"85-90%",327,4,0.875,28,27.8666666666667,0.511661033691444,1.66666666666667
"85-90%",327,4,0.875,29,29.1333333333333,0.570433469513342,1.53333333333333
"85-90%",327,4,0.875,30,29.9333333333333,0.705221859375259,1.73333333333333
"85-90%",327,4,0.875,31,30.9333333333333,0.839770934402156,1.93333333333333
"85-90%",327,4,0.875,32,32,1,2
"85-90%",344,5,0.875,1,30.8666666666667,0.841376017983483,0.866666666666667
"85-90%",344,5,0.875,2,29.9333333333333,0.701215275855892,0.666666666666667
"85-90%",344,5,0.875,3,28.7333333333333,0.590066582474416,0.466666666666667
"85-90%",344,5,0.875,4,27.9333333333333,0.474986954897357,0.333333333333333
"85-90%",344,5,0.875,5,26.7333333333333,0.40414359386208,0.2
"85-90%",344,5,0.875,6,25.9333333333333,0.312945414797961,0.266666666666667
"85-90%",344,5,0.875,7,24.9333333333333,0.244699221803385,0.2
"85-90%",344,5,0.875,8,23.8,0.198902181837076,0.2
"85-90%",344,5,0.875,9,22.9333333333333,0.165872747576352,0.133333333333333
"85-90%",344,5,0.875,10,21.9333333333333,0.108683072467753,0.133333333333333
"85-90%",344,5,0.875,11,20.9333333333333,0.0684513390622553,0.2
"85-90%",344,5,0.875,12,19.4666666666667,0.0521918109516041,0.0666666666666667
"85-90%",344,5,0.875,13,19.0666666666667,0.0128035723792677,0.0666666666666667
"85-90%",344,5,0.875,14,18.3333333333333,0.00183275253495553,0
"85-90%",344,5,0.875,15,17.8,-0.00786010616756097,0.0666666666666667
"85-90%",344,5,0.875,16,16.8,-0.00851044570549358,0.2
"85-90%",344,5,0.875,17,17.2,-0.00644194686050134,0.0666666666666667
"85-90%",344,5,0.875,18,18.1333333333333,0.00258663713848306,0
"85-90%",344,5,0.875,19,19.3333333333333,0.0214377666761569,0.0666666666666667
"85-90%",344,5,0.875,20,19.8666666666667,0.0408475502741552,0.0666666666666667
"85-90%",344,5,0.875,21,21.2666666666667,0.0729945881184086,0.133333333333333
"85-90%",344,5,0.875,22,21.8,0.12361410147856,0.0666666666666667
"85-90%",344,5,0.875,23,22.8666666666667,0.15874741046169,0.0666666666666667
"85-90%",344,5,0.875,24,23.9333333333333,0.160820675175014,0.133333333333333
"85-90%",344,5,0.875,25,24.8,0.27471438167069,0.333333333333333
"85-90%",344,5,0.875,26,25.9333333333333,0.308393614044309,0.133333333333333
"85-90%",344,5,0.875,27,26.7333333333333,0.420144406867501,0.333333333333333
"85-90%",344,5,0.875,28,27.8,0.485203625364533,0.4
"85-90%",344,5,0.875,29,28.8666666666667,0.575505804728205,0.333333333333333
"85-90%",344,5,0.875,30,29.8666666666667,0.707404385815683,0.733333333333333
"85-90%",344,5,0.875,31,30.9333333333333,0.836560767239503,0.8
"85-90%",344,5,0.875,32,32,1,2
"85-90%",348,6,0.875,1,31,0.834955683658177,0.8
"85-90%",348,6,0.875,2,29.9333333333333,0.705221859375259,0.733333333333333
"85-90%",348,6,0.875,3,28.8,0.57534174775361,0.333333333333333
"85-90%",348,6,0.875,4,27.8666666666667,0.491227692757092,0.4
"85-90%",348,6,0.875,5,26.8666666666667,0.391162318123247,0.266666666666667
"85-90%",348,6,0.875,6,25.8666666666667,0.322049016305265,0.266666666666667
"85-90%",348,6,0.875,7,24.9333333333333,0.250081238875185,0.2
"85-90%",348,6,0.875,8,23.8666666666667,0.211539561423475,0.266666666666667
"85-90%",348,6,0.875,9,23,0.15612991725114,0.266666666666667
"85-90%",348,6,0.875,10,21.9333333333333,0.0983310119439447,0.266666666666667
"85-90%",348,6,0.875,11,20.8,0.0872114421255838,0.266666666666667
"85-90%",348,6,0.875,12,20.1333333333333,0.0408475502741552,0.2
"85-90%",348,6,0.875,13,18.8666666666667,0.0228444675957424,0
"85-90%",348,6,0.875,14,17.7333333333333,0.00187802104884878,0.0666666666666667
"85-90%",348,6,0.875,15,17.6,-0.00929564888814806,0.133333333333333
"85-90%",348,6,0.875,16,17.6666666666667,-0.00922442237966548,0.0666666666666667
"85-90%",348,6,0.875,17,18.2,-0.00786010616756097,0.0666666666666667
"85-90%",348,6,0.875,18,17.5333333333333,0.00112413644532125,0.0666666666666667
"85-90%",348,6,0.875,19,18.9333333333333,0.0156467312225786,0
"85-90%",348,6,0.875,20,20.3333333333333,0.0415783069560156,0.2
"85-90%",348,6,0.875,21,20.9333333333333,0.0400276506937351,0.133333333333333
"85-90%",348,6,0.875,22,22.0666666666667,0.108761173901257,0.0666666666666667
"85-90%",348,6,0.875,23,23,0.1404761149275,0.266666666666667
"85-90%",348,6,0.875,24,23.8666666666667,0.199851611881977,0.0666666666666667
"85-90%",348,6,0.875,25,25,0.242008635026737,0.133333333333333
"85-90%",348,6,0.875,26,25.6666666666667,0.341554355752946,0.266666666666667
"85-90%",348,6,0.875,27,26.8,0.420144406867501,0.4
"85-90%",348,6,0.875,28,27.9333333333333,0.491227692757092,0.466666666666667
"85-90%",348,6,0.875,29,28.8666666666667,0.585158304234147,0.533333333333333
"85-90%",348,6,0.875,30,29.9333333333333,0.713235026413992,0.866666666666667
"85-90%",348,6,0.875,31,31,0.834955683658177,0.866666666666667
"85-90%",348,6,0.875,32,32,1,2
"85-90%",352,7,0.875,1,30.9333333333333,0.834955683658177,0.8
"85-90%",352,7,0.875,2,29.8,0.697208692336525,0.466666666666667
"85-90%",352,7,0.875,3,28.8666666666667,0.600047195929547,0.666666666666667
"85-90%",352,7,0.875,4,27.7333333333333,0.477728517517968,0.266666666666667
"85-90%",352,7,0.875,5,26.8666666666667,0.409080604414448,0.4
"85-90%",352,7,0.875,6,25.8666666666667,0.303333013721858,0.133333333333333
"85-90%",352,7,0.875,7,24.8666666666667,0.26933236459889,0.333333333333333
"85-90%",352,7,0.875,8,23.7333333333333,0.218417650190558,0.2
"85-90%",352,7,0.875,9,22.8,0.151622073347028,0.133333333333333
"85-90%",352,7,0.875,10,22.0666666666667,0.0945412386826136,0.2
"85-90%",352,7,0.875,11,21.0666666666667,0.0631630655397891,0
"85-90%",352,7,0.875,12,19.7333333333333,0.0259195162011301,0
"85-90%",352,7,0.875,13,19.3333333333333,-0.00139238383452654,0.0666666666666667
"85-90%",352,7,0.875,14,18,0.00826227408075225,0.2
"85-90%",352,7,0.875,15,17.2,-0.00218746893932248,0
"85-90%",352,7,0.875,16,17.5333333333333,-0.00992798552937025,0
"85-90%",352,7,0.875,17,17.8,-0.0107138081952077,0.133333333333333
"85-90%",352,7,0.875,18,18.4666666666667,0.00755365799111797,0.133333333333333
"85-90%",352,7,0.875,19,18.6666666666667,0.0341873459648458,0
"85-90%",352,7,0.875,20,20.2,0.0351867209649999,0.0666666666666667
"85-90%",352,7,0.875,21,20.9333333333333,0.0655760207706264,0.0666666666666667
"85-90%",352,7,0.875,22,22,0.105351582156074,0.133333333333333
"85-90%",352,7,0.875,23,23.0666666666667,0.132120599429604,0.466666666666667
"85-90%",352,7,0.875,24,23.8666666666667,0.218417650190558,0.4
"85-90%",352,7,0.875,25,24.6,0.282786985519138,0.2
"85-90%",352,7,0.875,26,25.8666666666667,0.323347152738339,0.2
"85-90%",352,7,0.875,27,26.8,0.423891636071551,0.533333333333333
"85-90%",352,7,0.875,28,27.9333333333333,0.501444363224268,0.6
"85-90%",352,7,0.875,29,28.6666666666667,0.585322361208741,0.266666666666667
"85-90%",352,7,0.875,30,29.9333333333333,0.697208692336525,0.6
"85-90%",352,7,0.875,31,31,0.841376017983483,1
"85-90%",352,7,0.875,32,32,1,2
"85-90%",353,8,0.875,1,30.8666666666667,0.841376017983483,0.866666666666667
"85-90%",353,8,0.875,2,29.9333333333333,0.695384635257582,0.6
"85-90%",353,8,0.875,3,28.8666666666667,0.600047195929547,0.666666666666667
"85-90%",353,8,0.875,4,27.8,0.495420295831709,0.466666666666667
"85-90%",353,8,0.875,5,26.8666666666667,0.40414359386208,0.333333333333333
"85-90%",353,8,0.875,6,25.6666666666667,0.332450754245642,0.133333333333333
"85-90%",353,8,0.875,7,24.9333333333333,0.289514717738514,0.466666666666667
"85-90%",353,8,0.875,8,23.8666666666667,0.192024093069993,0.133333333333333
"85-90%",353,8,0.875,9,22.8666666666667,0.143423694293215,0.0666666666666667
"85-90%",353,8,0.875,10,21.8,0.117304625058595,0.2
"85-90%",353,8,0.875,11,21.0666666666667,0.0616480425799474,0.133333333333333
"85-90%",353,8,0.875,12,20.3333333333333,0.0408949582287425,0
"85-90%",353,8,0.875,13,19.3333333333333,0.0256876264390532,0.0666666666666667
"85-90%",353,8,0.875,14,17.8666666666667,0.00613307169925193,0.0666666666666667
"85-90%",353,8,0.875,15,17.8,-0.00644194686050134,0.0666666666666667
"85-90%",353,8,0.875,16,17.4666666666667,-0.00638413596967858,0.0666666666666667
"85-90%",353,8,0.875,17,17.5333333333333,-0.00218746893932248,0.0666666666666667
"85-90%",353,8,0.875,18,18.5333333333333,-0.00530538510047546,0
"85-90%",353,8,0.875,19,19.2,0.017063351143544,0
"85-90%",353,8,0.875,20,19.8,0.0429698103060108,0
"85-90%",353,8,0.875,21,21,0.0744513554383455,0
"85-90%",353,8,0.875,22,21.8666666666667,0.113083246160367,0.0666666666666667
"85-90%",353,8,0.875,23,22.6666666666667,0.170066318592299,0.0666666666666667
"85-90%",353,8,0.875,24,23.8,0.210590131378574,0.333333333333333
"85-90%",353,8,0.875,25,24.9333333333333,0.217374648712727,0.133333333333333
"85-90%",353,8,0.875,26,25.7333333333333,0.337002554999294,0.266666666666667
"85-90%",353,8,0.875,27,26.7333333333333,0.405333375210397,0.133333333333333
"85-90%",353,8,0.875,28,27.8666666666667,0.495420295831709,0.533333333333333
"85-90%",353,8,0.875,29,28.8666666666667,0.580414082968473,0.4
"85-90%",353,8,0.875,30,29.8,0.713235026413992,0.733333333333333
"85-90%",353,8,0.875,31,30.8666666666667,0.834955683658177,0.733333333333333
"85-90%",353,8,0.875,32,32,1,2
"85-90%",360,9,0.875,1,31,0.836560767239503,0.933333333333333
"85-90%",360,9,0.875,2,29.9333333333333,0.707404385815683,0.866666666666667
"85-90%",360,9,0.875,3,28.8,0.600047195929547,0.6
"85-90%",360,9,0.875,4,27.8666666666667,0.450355377032086,0.2
"85-90%",360,9,0.875,5,26.8666666666667,0.399206583309712,0.266666666666667
"85-90%",360,9,0.875,6,25.7333333333333,0.353254230126398,0.333333333333333
"85-90%",360,9,0.875,7,24.8666666666667,0.262605475898018,0.133333333333333
"85-90%",360,9,0.875,8,24,0.17208723837054,0.133333333333333
"85-90%",360,9,0.875,9,23.1333333333333,0.129157206796891,0.2
"85-90%",360,9,0.875,10,22,0.0911228928519336,0.2
"85-90%",360,9,0.875,11,21.1333333333333,0.0588309799282233,0.0666666666666667
"85-90%",360,9,0.875,12,19.6,0.0384992182311863,0
"85-90%",360,9,0.875,13,18.9333333333333,0.0242809255194678,0.133333333333333
"85-90%",360,9,0.875,14,18.5333333333333,0.00679977338759044,0.0666666666666667
"85-90%",360,9,0.875,15,17.5333333333333,-0.00929564888814806,0.0666666666666667
"85-90%",360,9,0.875,16,17.5333333333333,-0.00851044570549358,0
"85-90%",360,9,0.875,17,17.8,-0.0078948729946159,0
"85-90%",360,9,0.875,18,18,0.00400386931775161,0
"85-90%",360,9,0.875,19,18.7333333333333,0.0271042463600187,0.0666666666666667
"85-90%",360,9,0.875,20,19.7333333333333,0.0444087216105932,0
"85-90%",360,9,0.875,21,21.2,0.0615998065858726,0
"85-90%",360,9,0.875,22,22.1333333333333,0.093930838251331,0.133333333333333
"85-90%",360,9,0.875,23,22.8,0.155972780807057,0.2
"85-90%",360,9,0.875,24,24,0.204661472656391,0.266666666666667
"85-90%",360,9,0.875,25,25,0.258569173973795,0.2
"85-90%",360,9,0.875,26,25.7333333333333,0.333748890678716,0.133333333333333
"85-90%",360,9,0.875,27,26.8,0.40414359386208,0.333333333333333
"85-90%",360,9,0.875,28,27.9333333333333,0.468047155345826,0.4
"85-90%",360,9,0.875,29,28.7333333333333,0.585322361208741,0.333333333333333
"85-90%",360,9,0.875,30,29.8,0.695384635257582,0.533333333333333
"85-90%",360,9,0.875,31,31,0.83816585082083,0.866666666666667
"85-90%",360,9,0.875,32,32,1,2
"85-90%",362,10,0.875,1,31,0.839770934402156,1.93333333333333
"85-90%",362,10,0.875,2,29.6,0.713235026413992,1.53333333333333
"85-90%",362,10,0.875,3,28.9333333333333,0.580250025993879,1.6
"85-90%",362,10,0.875,4,28.1333333333333,0.474986954897357,1.53333333333333
"85-90%",362,10,0.875,5,27.2666666666667,0.399206583309712,1.6
"85-90%",362,10,0.875,6,25.9333333333333,0.329197089925064,1.06666666666667
"85-90%",362,10,0.875,7,25.0666666666667,0.26933236459889,1.26666666666667
"85-90%",362,10,0.875,8,24.2666666666667,0.183353801566065,1
"85-90%",362,10,0.875,9,23.8666666666667,0.133334964545839,0.933333333333333
"85-90%",362,10,0.875,10,22.2,0.116593531266431,0.933333333333333
"85-90%",362,10,0.875,11,21.6,0.0631148295457143,0.466666666666667
"85-90%",362,10,0.875,12,20.8,0.0522392189061913,0.8
"85-90%",362,10,0.875,13,19.5333333333333,0.0185747698300861,0.4
"85-90%",362,10,0.875,14,18.8,0.00755365799111797,0.466666666666667
"85-90%",362,10,0.875,15,17.8,-0.000769309632262854,0.4
"85-90%",362,10,0.875,16,18.8,-0.00496138938356834,0.466666666666667
"85-90%",362,10,0.875,17,19,-0.00931303230167553,0.6
"85-90%",362,10,0.875,18,18.8,0.00897089017038652,0.6
"85-90%",362,10,0.875,19,20.3333333333333,0.0228444675957424,0.733333333333333
"85-90%",362,10,0.875,20,21.1333333333333,0.0380419415150265,0.733333333333333
"85-90%",362,10,0.875,21,21.6666666666667,0.0659851380144282,0.866666666666667
"85-90%",362,10,0.875,22,22.4666666666667,0.103951986499123,0.866666666666667
"85-90%",362,10,0.875,23,23.9333333333333,0.130717471335289,0.8
"85-90%",362,10,0.875,24,24.1333333333333,0.210168745032602,0.933333333333333
"85-90%",362,10,0.875,25,25,0.266641777822242,1.2
"85-90%",362,10,0.875,26,26.2666666666667,0.326600817058917,1.33333333333333
"85-90%",362,10,0.875,27,26.7333333333333,0.399206583309712,1.13333333333333
"85-90%",362,10,0.875,28,27.8666666666667,0.485203625364533,1.4
"85-90%",362,10,0.875,29,29.2,0.575177690779016,1.66666666666667
"85-90%",362,10,0.875,30,29.9333333333333,0.709228442894625,1.73333333333333
"85-90%",362,10,0.875,31,31.0666666666667,0.836560767239503,1.93333333333333
"85-90%",362,10,0.875,32,32,1,2
"85-90%",363,11,0.875,1,31,0.83816585082083,1.86666666666667
"85-90%",363,11,0.875,2,30.0666666666667,0.699391218776949,1.66666666666667
"85-90%",363,11,0.875,3,28.8666666666667,0.584994247259553,1.6
"85-90%",363,11,0.875,4,28.0666666666667,0.52187770415862,1.73333333333333
"85-90%",363,11,0.875,5,27.0666666666667,0.40414359386208,1.4
"85-90%",363,11,0.875,6,26.4,0.317571511494428,1.4
"85-90%",363,11,0.875,7,25.2,0.261259760750442,1.06666666666667
"85-90%",363,11,0.875,8,24.7333333333333,0.208521903385905,1.2
"85-90%",363,11,0.875,9,23.8,0.139489753206768,1.13333333333333
"85-90%",363,11,0.875,10,22.6666666666667,0.118704220715546,1.06666666666667
"85-90%",363,11,0.875,11,22.0666666666667,0.0786919788846766,1
"85-90%",363,11,0.875,12,20.8,0.0385240241266353,0.666666666666667
"85-90%",363,11,0.875,13,19.5333333333333,0.0270943273586387,0.733333333333333
"85-90%",363,11,0.875,14,19.4666666666667,0.00254136862458981,0.8
"85-90%",363,11,0.875,15,18.5333333333333,-0.0036056282463821,0.4
"85-90%",363,11,0.875,16,17.8666666666667,-0.00567015929550667,0.266666666666667
"85-90%",363,11,0.875,17,18.4,-0.00502378755344172,0.133333333333333
"85-90%",363,11,0.875,18,19.0666666666667,-0.00526011658658221,0.2
"85-90%",363,11,0.875,19,19,0.0299374862019495,0.4
"85-90%",363,11,0.875,20,20.8,0.0479450870515822,0.733333333333333
"85-90%",363,11,0.875,21,21.2666666666667,0.0574706845964361,0.4
"85-90%",363,11,0.875,22,22.6,0.108072672036471,0.733333333333333
"85-90%",363,11,0.875,23,23.6,0.14744431559808,1.33333333333333
"85-90%",363,11,0.875,24,24.6666666666667,0.180336143528496,1.13333333333333
"85-90%",363,11,0.875,25,25.3333333333333,0.265296062674666,1.13333333333333
"85-90%",363,11,0.875,26,26.4,0.303916109233473,1.4
"85-90%",363,11,0.875,27,26.8,0.425081417419869,1.33333333333333
"85-90%",363,11,0.875,28,27.9333333333333,0.49633602799068,1.4
"85-90%",363,11,0.875,29,28.9333333333333,0.590066582474416,1.6
"85-90%",363,11,0.875,30,30.2666666666667,0.701215275855892,1.93333333333333
"85-90%",363,11,0.875,31,30.9333333333333,0.83816585082083,1.8
"85-90%",363,11,0.875,32,32,1,2
"85-90%",364,12,0.875,1,30.9333333333333,0.839770934402156,0.933333333333333
"85-90%",364,12,0.875,2,29.9333333333333,0.693202108817158,0.533333333333333
"85-90%",364,12,0.875,3,28.9333333333333,0.600047195929547,0.733333333333333
"85-90%",364,12,0.875,4,27.7333333333333,0.495420295831709,0.4
"85-90%",364,12,0.875,5,26.9333333333333,0.393079791409026,0.333333333333333
"85-90%",364,12,0.875,6,25.6,0.331152617812569,0.133333333333333
"85-90%",364,12,0.875,7,24.9333333333333,0.242939018924152,0.266666666666667
"85-90%",364,12,0.875,8,23.8,0.196833953844407,0.133333333333333
"85-90%",364,12,0.875,9,23.0666666666667,0.132277735873687,0.2
"85-90%",364,12,0.875,10,21.8666666666667,0.136966740038032,0.266666666666667
"85-90%",364,12,0.875,11,20.8,0.0786919788846766,0.0666666666666667
"85-90%",364,12,0.875,12,20.2,0.0238446641238618,0.266666666666667
"85-90%",364,12,0.875,13,18.8,0.021417928673397,0
"85-90%",364,12,0.875,14,18.4666666666667,0.000412166243089487,0
"85-90%",364,12,0.875,15,17.7333333333333,-0.0036056282463821,0.0666666666666667
"85-90%",364,12,0.875,16,17.3333333333333,-0.00709290588161691,0.2
"85-90%",364,12,0.875,17,18.1333333333333,-0.00929564888814806,0.0666666666666667
"85-90%",364,12,0.875,18,18.3333333333333,-0.00242229811544761,0.0666666666666667
"85-90%",364,12,0.875,19,19.4,0.0299374862019495,0
"85-90%",364,12,0.875,20,19.4666666666667,0.0536081201970483,0.0666666666666667
"85-90%",364,12,0.875,21,21,0.0745046012553353,0.2
"85-90%",364,12,0.875,22,21.9333333333333,0.076278719360127,0.0666666666666667
"85-90%",364,12,0.875,23,22.8666666666667,0.124979449047943,0
"85-90%",364,12,0.875,24,23.9333333333333,0.196412567498436,0.133333333333333
"85-90%",364,12,0.875,25,24.7333333333333,0.27471438167069,0.2
"85-90%",364,12,0.875,26,26,0.32789895349199,0.4
"85-90%",364,12,0.875,27,26.7333333333333,0.409080604414448,0.266666666666667
"85-90%",364,12,0.875,28,27.5333333333333,0.500528631065297,0.266666666666667
"85-90%",364,12,0.875,29,28.8666666666667,0.580085969019285,0.666666666666667
"85-90%",364,12,0.875,30,30,0.701215275855892,0.733333333333333
"85-90%",364,12,0.875,31,31,0.841376017983483,1
"85-90%",364,12,0.875,32,32,1,2
"85-90%",365,13,0.875,1,31.0666666666667,0.839770934402156,1.93333333333333
"85-90%",365,13,0.875,2,30,0.697208692336525,1.6
"85-90%",365,13,0.875,3,29.1333333333333,0.585322361208741,1.66666666666667
"85-90%",365,13,0.875,4,28.2,0.464770284430181,1.53333333333333
"85-90%",365,13,0.875,5,26.8,0.388142780856658,1.13333333333333
"85-90%",365,13,0.875,6,26.2,0.314243551231035,1.26666666666667
"85-90%",365,13,0.875,7,25.2666666666667,0.227208298958913,1.13333333333333
"85-90%",365,13,0.875,8,24,0.19367093471669,0.933333333333333
"85-90%",365,13,0.875,9,23.4,0.164328296304953,1.2
"85-90%",365,13,0.875,10,22,0.12221450582161,0.933333333333333
"85-90%",365,13,0.875,11,22,0.0642157254388391,0.866666666666667
"85-90%",365,13,0.875,12,21.4,0.0444335275060422,1.13333333333333
"85-90%",365,13,0.875,13,20.2,0.0214377666761569,0.4
"85-90%",365,13,0.875,14,19.4666666666667,0.00041552035568698,0.533333333333333
"85-90%",365,13,0.875,15,19.0666666666667,-0.00645933027402881,0.266666666666667
"85-90%",365,13,0.875,16,18.4666666666667,-0.00637892920744501,0.266666666666667
"85-90%",365,13,0.875,17,18.2666666666667,-0.0107311916087352,0.333333333333333
"85-90%",365,13,0.875,18,18.6,0.00258663713848306,0.4
"85-90%",365,13,0.875,19,19.8,0.0242610875167078,0.6
"85-90%",365,13,0.875,20,21.2,0.0255869939835268,0.6
"85-90%",365,13,0.875,21,21.4666666666667,0.0659369020203534,0.733333333333333
"85-90%",365,13,0.875,22,22.8666666666667,0.10095140846346,1.2
"85-90%",365,13,0.875,23,23.4666666666667,0.15612991725114,1.06666666666667
"85-90%",365,13,0.875,24,24.1333333333333,0.201919839874646,1
"85-90%",365,13,0.875,25,25.2666666666667,0.272023794894042,1.33333333333333
"85-90%",365,13,0.875,26,26.2666666666667,0.317497215551613,1.4
"85-90%",365,13,0.875,27,26.6666666666667,0.420144406867501,1.4
"85-90%",365,13,0.875,28,28.2666666666667,0.491227692757092,1.6
"85-90%",365,13,0.875,29,29.2666666666667,0.57534174775361,1.6
"85-90%",365,13,0.875,30,30,0.701215275855892,1.73333333333333
"85-90%",365,13,0.875,31,30.8666666666667,0.839770934402156,1.8
"85-90%",365,13,0.875,32,32,1,2
"85-90%",366,14,0.875,1,30.9333333333333,0.83816585082083,1.8
"85-90%",366,14,0.875,2,29.8666666666667,0.705221859375259,1.8
"85-90%",366,14,0.875,3,29,0.585322361208741,1.53333333333333
"85-90%",366,14,0.875,4,28.2,0.476812785358997,1.66666666666667
"85-90%",366,14,0.875,5,27.4,0.409080604414448,1.73333333333333
"85-90%",366,14,0.875,6,26,0.301245540424509,0.933333333333333
"85-90%",366,14,0.875,7,25,0.262190144647857,1.13333333333333
"85-90%",366,14,0.875,8,24.2,0.21978846658143,1.2
"85-90%",366,14,0.875,9,23.8666666666667,0.151936346235193,0.933333333333333
"85-90%",366,14,0.875,10,22.1333333333333,0.12361410147856,0.933333333333333
"85-90%",366,14,0.875,11,22.2,0.0516768218420185,0.666666666666667
"85-90%",366,14,0.875,12,20.9333333333333,0.0271571613900482,0.733333333333333
"85-90%",366,14,0.875,13,20.0666666666667,0.0157415299881553,0.4
"85-90%",366,14,0.875,14,18.6,0.00396195491645585,0.533333333333333
"85-90%",366,14,0.875,15,18.2,-0.00644194686050134,0.333333333333333
"85-90%",366,14,0.875,16,18,-0.00780167579355525,0.4
"85-90%",366,14,0.875,17,18.4666666666667,-0.0121319675022673,0.4
"85-90%",366,14,0.875,18,19.3333333333333,0.00968286037261829,0.533333333333333
"85-90%",366,14,0.875,19,19.5333333333333,0.0242610875167078,0.666666666666667
"85-90%",366,14,0.875,20,21.0666666666667,0.0413770408403512,1
"85-90%",366,14,0.875,21,21.6,0.0687589744949925,0.666666666666667
"85-90%",366,14,0.875,22,22.4,0.112193357573818,0.666666666666667
"85-90%",366,14,0.875,23,23.2666666666667,0.144983958831612,0.866666666666667
"85-90%",366,14,0.875,24,24.3333333333333,0.216349422197889,1.06666666666667
"85-90%",366,14,0.875,25,25.4666666666667,0.24915085497777,1.13333333333333
"85-90%",366,14,0.875,26,26,0.333748890678716,1.46666666666667
"85-90%",366,14,0.875,27,27.3333333333333,0.414017614966815,1.6
"85-90%",366,14,0.875,28,28,0.491227692757092,1.53333333333333
"85-90%",366,14,0.875,29,29.0666666666667,0.585158304234147,1.6
"85-90%",366,14,0.875,30,30,0.697208692336525,1.73333333333333
"85-90%",366,14,0.875,31,30.9333333333333,0.83816585082083,1.86666666666667
"85-90%",366,14,0.875,32,32,1,2
"85-90%",367,15,0.875,1,31,0.839770934402156,1.86666666666667
"85-90%",367,15,0.875,2,29.6666666666667,0.709228442894625,1.6
"85-90%",367,15,0.875,3,29,0.585322361208741,1.53333333333333
"85-90%",367,15,0.875,4,28,0.49633602799068,1.66666666666667
"85-90%",367,15,0.875,5,27.2666666666667,0.382015988955973,1.33333333333333
"85-90%",367,15,0.875,6,26,0.332450754245642,1.26666666666667
"85-90%",367,15,0.875,7,24.8666666666667,0.262605475898018,1.13333333333333
"85-90%",367,15,0.875,8,24.4,0.199851611881977,0.933333333333333
"85-90%",367,15,0.875,9,22.7333333333333,0.172683811802849,0.933333333333333
"85-90%",367,15,0.875,10,21.9333333333333,0.112294050934699,0.8
"85-90%",367,15,0.875,11,21.3333333333333,0.0716825287806962,0.8
"85-90%",367,15,0.875,12,21.2666666666667,0.0224057528192793,0.733333333333333
"85-90%",367,15,0.875,13,20.0666666666667,0.0228444675957424,0.733333333333333
"85-90%",367,15,0.875,14,19.6,0.00187466693625129,0.666666666666667
"85-90%",367,15,0.875,15,18.6666666666667,-0.0107138081952077,0.333333333333333
"85-90%",367,15,0.875,16,17.6666666666667,-0.00496138938356834,0.4
"85-90%",367,15,0.875,17,18.2,-0.0036056282463821,0.266666666666667
"85-90%",367,15,0.875,18,19.3333333333333,-0.00668070287844825,0.533333333333333
"85-90%",367,15,0.875,19,20.7333333333333,0.0128134913806477,0.733333333333333
"85-90%",367,15,0.875,20,20.8666666666667,0.0422864615787377,0.8
"85-90%",367,15,0.875,21,21.0666666666667,0.0772784377358996,0.733333333333333
"85-90%",367,15,0.875,22,22.9333333333333,0.103062097912574,1.13333333333333
"85-90%",367,15,0.875,23,23.5333333333333,0.158763223728688,1
"85-90%",367,15,0.875,24,24.1333333333333,0.20371204261149,1
"85-90%",367,15,0.875,25,25.4666666666667,0.242423122758394,1.4
"85-90%",367,15,0.875,26,26.6666666666667,0.284485065728607,1.2
"85-90%",367,15,0.875,27,27.1333333333333,0.409080604414448,1.66666666666667
"85-90%",367,15,0.875,28,28.2666666666667,0.474071222738386,1.53333333333333
"85-90%",367,15,0.875,29,29,0.580250025993879,1.66666666666667
"85-90%",367,15,0.875,30,30.1333333333333,0.699391218776949,1.8
"85-90%",367,15,0.875,31,31.0666666666667,0.833350600076851,1.8
"85-90%",367,15,0.875,32,32,1,2
"85-90%",369,16,0.875,1,30.8666666666667,0.841376017983483,0.866666666666667
"85-90%",369,16,0.875,2,29.8666666666667,0.709228442894625,0.733333333333333
"85-90%",369,16,0.875,3,28.7333333333333,0.595138917689278,0.466666666666667
"85-90%",369,16,0.875,4,27.8666666666667,0.495420295831709,0.533333333333333
"85-90%",369,16,0.875,5,26.8,0.414017614966815,0.4
"85-90%",369,16,0.875,6,25.9333333333333,0.311647278364887,0.266666666666667
"85-90%",369,16,0.875,7,24.8666666666667,0.264881574943009,0.2
"85-90%",369,16,0.875,8,23.8666666666667,0.212910377814347,0.2
"85-90%",369,16,0.875,9,23,0.15177920979111,0.2
"85-90%",369,16,0.875,10,21.8666666666667,0.0860203794526528,0.2
"85-90%",369,16,0.875,11,20.8666666666667,0.0843843598280296,0.133333333333333
"85-90%",369,16,0.875,12,19.7333333333333,0.0472639421606199,0.266666666666667
"85-90%",369,16,0.875,13,18.6,0.0271042463600187,0
"85-90%",369,16,0.875,14,18.0666666666667,-0.00384288440731366,0.0666666666666667
"85-90%",369,16,0.875,15,17.6,-0.00504117096696919,0.0666666666666667
"85-90%",369,16,0.875,16,17.7333333333333,-0.00922442237966548,0.133333333333333
"85-90%",369,16,0.875,17,17.8666666666667,-0.0107138081952077,0
"85-90%",369,16,0.875,18,17.2,0.0111034466644843,0.0666666666666667
"85-90%",369,16,0.875,19,19.2,0.0185846888314661,0.0666666666666667
"85-90%",369,16,0.875,20,20.1333333333333,0.0472617383243091,0
"85-90%",369,16,0.875,21,20.9333333333333,0.0758648965871225,0
"85-90%",369,16,0.875,22,22.0666666666667,0.0889202641274348,0.133333333333333
"85-90%",369,16,0.875,23,22.8666666666667,0.143423694293215,0.133333333333333
"85-90%",369,16,0.875,24,23.8,0.223227510964972,0.266666666666667
"85-90%",369,16,0.875,25,24.8,0.255463255946985,0.0666666666666667
"85-90%",369,16,0.875,26,25.8,0.323421448681154,0.333333333333333
"85-90%",369,16,0.875,27,26.8666666666667,0.412827833618498,0.533333333333333
"85-90%",369,16,0.875,28,27.8,0.511661033691444,0.6
"85-90%",369,16,0.875,29,29,0.570597526487936,0.4
"85-90%",369,16,0.875,30,29.8666666666667,0.713235026413992,0.8
"85-90%",369,16,0.875,31,30.8666666666667,0.836560767239503,0.866666666666667
"85-90%",369,16,0.875,32,32,1,2
"85-90%",370,17,0.875,1,31,0.839770934402156,1
"85-90%",370,17,0.875,2,29.9333333333333,0.697208692336525,0.6
"85-90%",370,17,0.875,3,29,0.595138917689278,0.733333333333333
"85-90%",370,17,0.875,4,27.9333333333333,0.480095290130945,0.466666666666667
"85-90%",370,17,0.875,5,26.8666666666667,0.399206583309712,0.266666666666667
"85-90%",370,17,0.875,6,25.7333333333333,0.31431784717385,0.2
"85-90%",370,17,0.875,7,24.8666666666667,0.266641777822242,0.266666666666667
"85-90%",370,17,0.875,8,24,0.174647299176105,0.2
"85-90%",370,17,0.875,9,22.8,0.153182337885425,0.2
"85-90%",370,17,0.875,10,22,0.0975418167182771,0.2
"85-90%",370,17,0.875,11,20.9333333333333,0.0584751085014114,0.266666666666667
"85-90%",370,17,0.875,12,19.8666666666667,0.0394334448650218,0.0666666666666667
"85-90%",370,17,0.875,13,18.6,0.0271042463600187,0.0666666666666667
"85-90%",370,17,0.875,14,18.6,0.00400386931775161,0
"85-90%",370,17,0.875,15,17.3333333333333,-0.00504117096696919,0.2
"85-90%",370,17,0.875,16,17.6666666666667,-0.0127734787015907,0.0666666666666667
"85-90%",370,17,0.875,17,17.4,-0.00787748958108844,0
"85-90%",370,17,0.875,18,18.6666666666667,0.00826227408075225,0
"85-90%",370,17,0.875,19,19,0.0113968714596823,0.133333333333333
"85-90%",370,17,0.875,20,19.9333333333333,0.0387252902422997,0.0666666666666667
"85-90%",370,17,0.875,21,20.8,0.0758166605930477,0
"85-90%",370,17,0.875,22,21.9333333333333,0.0870022073145866,0.0666666666666667
"85-90%",370,17,0.875,23,22.7333333333333,0.154742602423823,0.0666666666666667
"85-90%",370,17,0.875,24,23.8666666666667,0.180336143528496,0.0666666666666667
"85-90%",370,17,0.875,25,24.7333333333333,0.288169002590938,0.333333333333333
"85-90%",370,17,0.875,26,26,0.314243551231035,0.2
"85-90%",370,17,0.875,27,26.8666666666667,0.415207396315133,0.4
"85-90%",370,17,0.875,28,27.8,0.49633602799068,0.4
"85-90%",370,17,0.875,29,28.9333333333333,0.600047195929547,0.733333333333333
"85-90%",370,17,0.875,30,29.9333333333333,0.705221859375259,0.733333333333333
"85-90%",370,17,0.875,31,30.9333333333333,0.836560767239503,0.866666666666667
"85-90%",370,17,0.875,32,32,1,2
"85-90%",372,18,0.875,1,30.6666666666667,0.839770934402156,1.6
"85-90%",372,18,0.875,2,29.6,0.703397802296316,1.4
"85-90%",372,18,0.875,3,28.9333333333333,0.59023063944901,1.6
"85-90%",372,18,0.875,4,28.6,0.462023087953267,1.4
"85-90%",372,18,0.875,5,27.6666666666667,0.382015988955973,1.53333333333333
"85-90%",372,18,0.875,6,26.1333333333333,0.326600817058917,1.2
"85-90%",372,18,0.875,7,25.3333333333333,0.255877743678642,1.2
"85-90%",372,18,0.875,8,24.8666666666667,0.186938207039755,1.2
"85-90%",372,18,0.875,9,22.8666666666667,0.168663190497984,1
"85-90%",372,18,0.875,10,22.4666666666667,0.116593531266431,0.866666666666667
"85-90%",372,18,0.875,11,21.8666666666667,0.0598354038331986,1.06666666666667
"85-90%",372,18,0.875,12,20.8666666666667,0.0422616556832887,0.933333333333333
"85-90%",372,18,0.875,13,19.7333333333333,0.0185946078328461,0.533333333333333
"85-90%",372,18,0.875,14,18.7333333333333,0.00471583951998338,0.6
"85-90%",372,18,0.875,15,18.7333333333333,-0.00645933027402881,0.266666666666667
"85-90%",372,18,0.875,16,17.8,-0.0120595020274188,0.133333333333333
"85-90%",372,18,0.875,17,18.5333333333333,-0.00929564888814806,0.466666666666667
"85-90%",372,18,0.875,18,18.2,0.00187802104884878,0.2
"85-90%",372,18,0.875,19,20.0666666666667,0.0171680689105007,0.733333333333333
"85-90%",372,18,0.875,20,20.8666666666667,0.0422864615787377,0.666666666666667
"85-90%",372,18,0.875,21,21.8666666666667,0.0773266737299744,1
"85-90%",372,18,0.875,22,22.5333333333333,0.0981522171495596,0.866666666666667
"85-90%",372,18,0.875,23,23.0666666666667,0.153182337885425,1.13333333333333
"85-90%",372,18,0.875,24,24.1333333333333,0.210168745032602,1.13333333333333
"85-90%",372,18,0.875,25,25.4,0.233935187659785,1.06666666666667
"85-90%",372,18,0.875,26,26.4,0.326600817058917,1.4
"85-90%",372,18,0.875,27,27.2,0.415207396315133,1.6
"85-90%",372,18,0.875,28,28,0.480095290130945,1.66666666666667
"85-90%",372,18,0.875,29,29.0666666666667,0.580250025993879,1.6
"85-90%",372,18,0.875,30,29.8666666666667,0.701215275855892,1.66666666666667
"85-90%",372,18,0.875,31,30.9333333333333,0.841376017983483,1.8
"85-90%",372,18,0.875,32,32,1,2
"85-90%",373,19,0.875,1,30.9333333333333,0.836560767239503,0.866666666666667
"85-90%",373,19,0.875,2,29.8666666666667,0.697208692336525,0.533333333333333
"85-90%",373,19,0.875,3,28.8666666666667,0.585322361208741,0.466666666666667
"85-90%",373,19,0.875,4,27.7333333333333,0.479179557971974,0.333333333333333
"85-90%",373,19,0.875,5,26.8,0.409080604414448,0.333333333333333
"85-90%",373,19,0.875,6,25.9333333333333,0.322049016305265,0.333333333333333
"85-90%",373,19,0.875,7,24.8,0.266641777822242,0.2
"85-90%",373,19,0.875,8,24,0.159028472438169,0
"85-90%",373,19,0.875,9,22.9333333333333,0.15874741046169,0.133333333333333
"85-90%",373,19,0.875,10,22,0.09753306263278,0.133333333333333
"85-90%",373,19,0.875,11,20.9333333333333,0.0801487462046135,0.2
"85-90%",373,19,0.875,12,20.0666666666667,0.0337726155558664,0.2
"85-90%",373,19,0.875,13,18.9333333333333,0.0228444675957424,0
"85-90%",373,19,0.875,14,18,0.0111000925518868,0
"85-90%",373,19,0.875,15,17.6666666666667,-0.00645933027402881,0
"85-90%",373,19,0.875,16,17.3333333333333,-0.00992798552937025,0
"85-90%",373,19,0.875,17,18.2,-0.00502378755344172,0.133333333333333
"85-90%",373,19,0.875,18,18.4666666666667,0.00613307169925193,0
"85-90%",373,19,0.875,19,18.8666666666667,0.0299474052033295,0
"85-90%",373,19,0.875,20,19.8,0.0415557048968773,0
"85-90%",373,19,0.875,21,20.9333333333333,0.0645233608715763,0.133333333333333
"85-90%",373,19,0.875,22,21.8,0.118704220715546,0.133333333333333
"85-90%",373,19,0.875,23,22.9333333333333,0.146371273658929,0.133333333333333
"85-90%",373,19,0.875,24,24,0.18212834626534,0.133333333333333
"85-90%",373,19,0.875,25,24.9333333333333,0.258569173973795,0.2
"85-90%",373,19,0.875,26,25.8,0.332450754245642,0.266666666666667
"85-90%",373,19,0.875,27,26.6666666666667,0.418954625519183,0.4
"85-90%",373,19,0.875,28,27.9333333333333,0.485203625364533,0.466666666666667
"85-90%",373,19,0.875,29,28.7333333333333,0.595138917689278,0.466666666666667
"85-90%",373,19,0.875,30,29.6,0.713235026413992,0.6
"85-90%",373,19,0.875,31,30.9333333333333,0.841376017983483,0.933333333333333
"85-90%",373,19,0.875,32,32,1,2
"85-90%",374,20,0.875,1,30.8,0.83816585082083,0.8
"85-90%",374,20,0.875,2,29.8666666666667,0.709228442894625,0.733333333333333
"85-90%",374,20,0.875,3,28.9333333333333,0.585322361208741,0.533333333333333
"85-90%",374,20,0.875,4,27.8,0.475897053200026,0.466666666666667
"85-90%",374,20,0.875,5,26.6666666666667,0.409080604414448,0.2
"85-90%",374,20,0.875,6,25.9333333333333,0.323347152738339,0.266666666666667
"85-90%",374,20,0.875,7,25,0.239317204731585,0.266666666666667
"85-90%",374,20,0.875,8,23.9333333333333,0.199851611881977,0.2
"85-90%",374,20,0.875,9,22.7333333333333,0.160150538556005,0.2
"85-90%",374,20,0.875,10,21.8666666666667,0.118603527354664,0.0666666666666667
"85-90%",374,20,0.875,11,20.8666666666667,0.0871581963085939,0.0666666666666667
"85-90%",374,20,0.875,12,19.6666666666667,0.0508003076016089,0.133333333333333
"85-90%",374,20,0.875,13,19.2666666666667,0.0143249100671898,0
"85-90%",374,20,0.875,14,18.3333333333333,0.00542445560961765,0
"85-90%",374,20,0.875,15,17.4,-0.00787748958108844,0.133333333333333
"85-90%",374,20,0.875,16,17.5333333333333,-0.0141910185254674,0
"85-90%",374,20,0.875,17,17.6,-0.00929564888814806,0
"85-90%",374,20,0.875,18,18.4,0.00826227408075225,0.2
"85-90%",374,20,0.875,19,19.1333333333333,0.0143249100671898,0
"85-90%",374,20,0.875,20,19.6,0.0420851954630733,0.133333333333333
"85-90%",374,20,0.875,21,20.9333333333333,0.0744081292671857,0.133333333333333
"85-90%",374,20,0.875,22,21.8666666666667,0.125724790927674,0.2
"85-90%",374,20,0.875,23,22.8666666666667,0.150391894963794,0.133333333333333
"85-90%",374,20,0.875,24,23.7333333333333,0.216349422197889,0.133333333333333
"85-90%",374,20,0.875,25,24.8,0.265296062674666,0.2
"85-90%",374,20,0.875,26,26,0.329197089925064,0.333333333333333
"85-90%",374,20,0.875,27,26.6,0.396827020613076,0.133333333333333
"85-90%",374,20,0.875,28,27.9333333333333,0.45089068532712,0.333333333333333
"85-90%",374,20,0.875,29,28.9333333333333,0.595138917689278,0.666666666666667
"85-90%",374,20,0.875,30,29.8,0.705221859375259,0.6
"85-90%",374,20,0.875,31,31,0.841376017983483,1
"85-90%",374,20,0.875,32,32,1,2
"90-95%",95,1,0.9375,1,31.1333333333333,0.766158850398053,2
"90-95%",95,1,0.9375,2,29.8666666666667,0.616705088800406,1.73333333333333
"90-95%",95,1,0.9375,3,29.2,0.484972644033556,1.66666666666667
"90-95%",95,1,0.9375,4,27.9333333333333,0.418582626357481,1.53333333333333
"90-95%",95,1,0.9375,5,27.4,0.275014165191164,1.26666666666667
"90-95%",95,1,0.9375,6,26.3333333333333,0.238422861058787,1.4
"90-95%",95,1,0.9375,7,25.2,0.20640891440536,1.26666666666667
"90-95%",95,1,0.9375,8,24,0.177176110093691,1.33333333333333
"90-95%",95,1,0.9375,9,23.6666666666667,0.122914085640473,1
"90-95%",95,1,0.9375,10,22.4666666666667,0.0950331924861765,1
"90-95%",95,1,0.9375,11,22,0.048014327974506,0.666666666666667
"90-95%",95,1,0.9375,12,20.9333333333333,0.0289030879028865,0.866666666666667
"90-95%",95,1,0.9375,13,20.0666666666667,0.0152320195555162,0.8
"90-95%",95,1,0.9375,14,19.7333333333333,0.0131318243717564,0.866666666666667
"90-95%",95,1,0.9375,15,18.5333333333333,-0.0109818341056503,0.133333333333333
"90-95%",95,1,0.9375,16,18.4,-0.00619959074110912,0.2
"90-95%",95,1,0.9375,17,17.9333333333333,-0.00353880612962614,0.333333333333333
"90-95%",95,1,0.9375,18,19.5333333333333,0.0118921039266334,0.466666666666667
"90-95%",95,1,0.9375,19,20,0.0127742384752415,0.466666666666667
"90-95%",95,1,0.9375,20,21,0.0115034022632005,0.466666666666667
"90-95%",95,1,0.9375,21,21.1333333333333,0.0803208105348299,1
"90-95%",95,1,0.9375,22,22.9333333333333,0.077262707143951,1.2
"90-95%",95,1,0.9375,23,23.2666666666667,0.137732240958068,1
"90-95%",95,1,0.9375,24,23.8666666666667,0.171717534360614,0.933333333333333
"90-95%",95,1,0.9375,25,26,0.18674189120676,1.4
"90-95%",95,1,0.9375,26,25.9333333333333,0.275780649737379,1.26666666666667
"90-95%",95,1,0.9375,27,27.1333333333333,0.316851491712676,1.26666666666667
"90-95%",95,1,0.9375,28,27.9333333333333,0.418582626357481,1.66666666666667
"90-95%",95,1,0.9375,29,29.3333333333333,0.484972644033556,1.8
"90-95%",95,1,0.9375,30,30.1333333333333,0.603628176642096,1.86666666666667
"90-95%",95,1,0.9375,31,31,0.766158850398053,1.93333333333333
"90-95%",95,1,0.9375,32,32,1,2
"90-95%",126,2,0.9375,1,30.9333333333333,0.77293239650039,1.86666666666667
"90-95%",126,2,0.9375,2,29.9333333333333,0.616705088800406,1.6
"90-95%",126,2,0.9375,3,29.2666666666667,0.512432577130273,1.93333333333333
"90-95%",126,2,0.9375,4,28.2,0.39231966573349,1.53333333333333
"90-95%",126,2,0.9375,5,27.2,0.311445609219594,1.4
"90-95%",126,2,0.9375,6,26.7333333333333,0.183342304167482,1.2
"90-95%",126,2,0.9375,7,25.5333333333333,0.17329297794005,1.4
"90-95%",126,2,0.9375,8,24,0.139498326092181,0.733333333333333
"90-95%",126,2,0.9375,9,23.6666666666667,0.109741014888433,1.06666666666667
"90-95%",126,2,0.9375,10,22.8,0.0861479498150638,1
"90-95%",126,2,0.9375,11,21.9333333333333,0.0454211033386509,0.666666666666667
"90-95%",126,2,0.9375,12,20.9333333333333,0.0202840110319259,0.6
"90-95%",126,2,0.9375,13,20.3333333333333,-0.00216369547957477,0.6
"90-95%",126,2,0.9375,14,19.4666666666667,0.00444032620175221,0.666666666666667
"90-95%",126,2,0.9375,15,17.9333333333333,-0.00105779680428474,0.2
"90-95%",126,2,0.9375,16,18.2,-0.00867942703755277,0.133333333333333
"90-95%",126,2,0.9375,17,18.6,-0.0109818341056503,0.133333333333333
"90-95%",126,2,0.9375,18,19.4666666666667,0.000714437339311615,0.8
"90-95%",126,2,0.9375,19,19.8,0.0127529887560006,0.933333333333333
"90-95%",126,2,0.9375,20,20.6,0.0238394452071107,0.8
"90-95%",126,2,0.9375,21,21.5333333333333,0.0753686008807517,1.06666666666667
"90-95%",126,2,0.9375,22,22.3333333333333,0.0675977950953222,0.666666666666667
"90-95%",126,2,0.9375,23,23.9333333333333,0.105213933776256,1.2
"90-95%",126,2,0.9375,24,24.3333333333333,0.163090262413697,1.2
"90-95%",126,2,0.9375,25,25.9333333333333,0.103445703342018,1
"90-95%",126,2,0.9375,26,25.9333333333333,0.28679676111564,1.33333333333333
"90-95%",126,2,0.9375,27,27,0.32899530638882,1.4
"90-95%",126,2,0.9375,28,28.3333333333333,0.379188185421494,1.53333333333333
"90-95%",126,2,0.9375,29,29.0666666666667,0.498702610581914,1.66666666666667
"90-95%",126,2,0.9375,30,30.0666666666667,0.603628176642096,1.73333333333333
"90-95%",126,2,0.9375,31,30.9333333333333,0.766158850398053,1.86666666666667
"90-95%",126,2,0.9375,32,32,1,2
"90-95%",141,3,0.90625,1,30.8666666666667,0.81434193974604,0.8
"90-95%",141,3,0.90625,2,29.8666666666667,0.678554243718849,0.8
"90-95%",141,3,0.90625,3,28.9333333333333,0.574012766369189,0.866666666666667
"90-95%",141,3,0.90625,4,27.8,0.472708152807029,0.6
"90-95%",141,3,0.90625,5,26.8666666666667,0.350879401242754,0.466666666666667
"90-95%",141,3,0.90625,6,25.9333333333333,0.298923390093631,0.6
"90-95%",141,3,0.90625,7,24.9333333333333,0.230732473091123,0.333333333333333
"90-95%",141,3,0.90625,8,23.6666666666667,0.195966154317203,0.2
"90-95%",141,3,0.90625,9,22.7333333333333,0.127545690625918,0.2
"90-95%",141,3,0.90625,10,22.2,0.0867380276796409,0.4
"90-95%",141,3,0.90625,11,21.4666666666667,0.0651102495437847,0.266666666666667
"90-95%",141,3,0.90625,12,20,0.041339876205178,0.0666666666666667
"90-95%",141,3,0.90625,13,19.3333333333333,0.0156241669463791,0.0666666666666667
"90-95%",141,3,0.90625,14,19.1333333333333,-0.00831021668938763,0.333333333333333
"90-95%",141,3,0.90625,15,18.1333333333333,-0.00946113670497485,0.4
"90-95%",141,3,0.90625,16,17.6666666666667,-0.00709774553584396,0.333333333333333
"90-95%",141,3,0.90625,17,18.0666666666667,-0.0131296565441193,0.2
"90-95%",141,3,0.90625,18,18.7333333333333,0.010043270424018,0.2
"90-95%",141,3,0.90625,19,19.0666666666667,0.00366800386749394,0.2
"90-95%",141,3,0.90625,20,19.8,0.0321737072952116,0.0666666666666667
"90-95%",141,3,0.90625,21,20.8,0.0731426773115047,0.0666666666666667
"90-95%",141,3,0.90625,22,21.8,0.0922396760826368,0.0666666666666667
"90-95%",141,3,0.90625,23,23.2,0.142288679979565,0.333333333333333
"90-95%",141,3,0.90625,24,23.9333333333333,0.144378330959427,0.2
"90-95%",141,3,0.90625,25,24.8,0.255400913660047,0.333333333333333
"90-95%",141,3,0.90625,26,25.8666666666667,0.255903209240083,0.266666666666667
"90-95%",141,3,0.90625,27,26.8,0.383180478313302,0.6
"90-95%",141,3,0.90625,28,27.8,0.480567302868083,0.666666666666667
"90-95%",141,3,0.90625,29,28.8666666666667,0.535102074388546,0.466666666666667
"90-95%",141,3,0.90625,30,29.8,0.66512994868744,0.6
"90-95%",141,3,0.90625,31,30.9333333333333,0.81434193974604,0.866666666666667
"90-95%",141,3,0.90625,32,32,1,2
"90-95%",174,4,0.9375,1,30.9333333333333,0.77293239650039,0.933333333333333
"90-95%",174,4,0.9375,2,30.0666666666667,0.590551264483786,0.8
"90-95%",174,4,0.9375,3,29.1333333333333,0.471242677485198,0.866666666666667
"90-95%",174,4,0.9375,4,27.8666666666667,0.379188185421494,0.466666666666667
"90-95%",174,4,0.9375,5,27,0.316851491712676,0.666666666666667
"90-95%",174,4,0.9375,6,25.9333333333333,0.264764538359118,0.533333333333333
"90-95%",174,4,0.9375,7,25.2,0.19657540280606,0.533333333333333
"90-95%",174,4,0.9375,8,24.2666666666667,0.139498326092181,0.466666666666667
"90-95%",174,4,0.9375,9,23.0666666666667,0.122914085640473,0.333333333333333
"90-95%",174,4,0.9375,10,22.4666666666667,0.0710793222373705,0.333333333333333
"90-95%",174,4,0.9375,11,21.6,0.0777275858989747,0.333333333333333
"90-95%",174,4,0.9375,12,20.6,0.0314349092507744,0.266666666666667
"90-95%",174,4,0.9375,13,19.8666666666667,0.010273957956485,0.2
"90-95%",174,4,0.9375,14,18.7333333333333,-0.0179150069728913,0.0666666666666667
"90-95%",174,4,0.9375,15,18.9333333333333,-0.00850082478030894,0.133333333333333
"90-95%",174,4,0.9375,16,18.7333333333333,-0.00495967259288729,0
"90-95%",174,4,0.9375,17,18.4,0.00142321252105666,0.133333333333333
"90-95%",174,4,0.9375,18,19.3333333333333,-0.00424444444118023,0.0666666666666667
"90-95%",174,4,0.9375,19,19.8,0.0251906421920604,0.266666666666667
"90-95%",174,4,0.9375,20,20.6666666666667,0.025186121829937,0.266666666666667
"90-95%",174,4,0.9375,21,21.4,0.0704163912266736,0.333333333333333
"90-95%",174,4,0.9375,22,22.3333333333333,0.0560106946596772,0.2
"90-95%",174,4,0.9375,23,23.2,0.105213933776256,0.2
"90-95%",174,4,0.9375,24,24.2,0.188972078254449,0.6
"90-95%",174,4,0.9375,25,24.9333333333333,0.216242426004661,0.6
"90-95%",174,4,0.9375,26,25.9333333333333,0.245129517893239,0.466666666666667
"90-95%",174,4,0.9375,27,27.0666666666667,0.32899530638882,0.733333333333333
"90-95%",174,4,0.9375,28,27.8,0.418582626357481,0.666666666666667
"90-95%",174,4,0.9375,29,28.9333333333333,0.45751271093684,0.6
"90-95%",174,4,0.9375,30,30.1333333333333,0.577474352325477,0.866666666666667
"90-95%",174,4,0.9375,31,31,0.77293239650039,1
"90-95%",174,4,0.9375,32,32,1,2
"90-95%",176,5,0.90625,1,31.1333333333333,0.811384115228494,1.93333333333333
"90-95%",176,5,0.90625,2,30,0.671842096203144,1.8
"90-95%",176,5,0.90625,3,28.8,0.550666351180803,1.46666666666667
"90-95%",176,5,0.90625,4,27.7333333333333,0.472708152807029,1.53333333333333
"90-95%",176,5,0.90625,5,27.3333333333333,0.343389722008454,1.33333333333333
"90-95%",176,5,0.90625,6,26.1333333333333,0.301119787995113,1.2
"90-95%",176,5,0.90625,7,25.8666666666667,0.232770242780524,1.26666666666667
"90-95%",176,5,0.90625,8,24.8,0.157870637347873,1.06666666666667
"90-95%",176,5,0.90625,9,23.6666666666667,0.136577343953228,1.06666666666667
"90-95%",176,5,0.90625,10,22.5333333333333,0.0848723877269309,1
"90-95%",176,5,0.90625,11,21.2666666666667,0.072430951796021,0.8
"90-95%",176,5,0.90625,12,20.6,0.0467215182244157,0.666666666666667
"90-95%",176,5,0.90625,13,19.9333333333333,0.0266608169931177,0.866666666666667
"90-95%",176,5,0.90625,14,18.9333333333333,-0.000964911089239423,0.333333333333333
"90-95%",176,5,0.90625,15,18.7333333333333,-0.0140514488701604,0.4
"90-95%",176,5,0.90625,16,18.4,-0.00526546034703891,0.333333333333333
"90-95%",176,5,0.90625,17,17.9333333333333,-0.00762998502957252,0.4
"90-95%",176,5,0.90625,18,19.3333333333333,-0.0156750760634656,0.333333333333333
"90-95%",176,5,0.90625,19,20.2666666666667,0.00550061618483471,0.466666666666667
"90-95%",176,5,0.90625,20,21.1333333333333,0.0303448110354083,0.866666666666667
"90-95%",176,5,0.90625,21,21.5333333333333,0.0651102495437847,0.466666666666667
"90-95%",176,5,0.90625,22,22.2,0.110823687228457,0.866666666666667
"90-95%",176,5,0.90625,23,23,0.133257026652255,0.866666666666667
"90-95%",176,5,0.90625,24,24.4666666666667,0.175776963387415,1.13333333333333
"90-95%",176,5,0.90625,25,25.8,0.196561512034353,1.13333333333333
"90-95%",176,5,0.90625,26,26.0666666666667,0.305815637225315,1.13333333333333
"90-95%",176,5,0.90625,27,27.6,0.358369080477054,1.6
"90-95%",176,5,0.90625,28,28.3333333333333,0.436477690168084,1.66666666666667
"90-95%",176,5,0.90625,29,29.2666666666667,0.533227560559999,1.66666666666667
"90-95%",176,5,0.90625,30,30.1333333333333,0.671842096203144,1.86666666666667
"90-95%",176,5,0.90625,31,30.9333333333333,0.817299764263587,1.93333333333333
"90-95%",176,5,0.90625,32,32,1,2
"90-95%",202,6,0.9375,1,31,0.766158850398053,1.93333333333333
"90-95%",202,6,0.9375,2,30.1333333333333,0.577474352325477,1.6
"90-95%",202,6,0.9375,3,29.1333333333333,0.498702610581914,1.73333333333333
"90-95%",202,6,0.9375,4,28.1333333333333,0.366056705109498,1.26666666666667
"90-95%",202,6,0.9375,5,27.2666666666667,0.299301794543451,1.26666666666667
"90-95%",202,6,0.9375,6,26.3333333333333,0.264764538359118,1.53333333333333
"90-95%",202,6,0.9375,7,25,0.200190804473469,1
"90-95%",202,6,0.9375,8,23.9333333333333,0.180344806307532,1.06666666666667
"90-95%",202,6,0.9375,9,23.6,0.127441166752649,1.33333333333333
"90-95%",202,6,0.9375,10,22.5333333333333,0.0861479498150638,0.933333333333333
"90-95%",202,6,0.9375,11,21.3333333333333,0.0803208105348299,0.8
"90-95%",202,6,0.9375,12,21.2,0.0189373344090996,0.733333333333333
"90-95%",202,6,0.9375,13,19.8666666666667,-0.00712175707860596,0.533333333333333
"90-95%",202,6,0.9375,14,19,-0.00300472399605727,0.333333333333333
"90-95%",202,6,0.9375,15,18.8,-0.00601981545496754,0.266666666666667
"90-95%",202,6,0.9375,16,17.6,-0.00619959074110912,0.133333333333333
"90-95%",202,6,0.9375,17,19.1333333333333,-0.00353880612962614,0.4
"90-95%",202,6,0.9375,18,19.6666666666667,0.0081662150641928,0.6
"90-95%",202,6,0.9375,19,20,0.000315335319940824,0.733333333333333
"90-95%",202,6,0.9375,20,20.6666666666667,0.032620053975836,0.733333333333333
"90-95%",202,6,0.9375,21,21.6,0.0227848004688511,0.666666666666667
"90-95%",202,6,0.9375,22,22.4666666666667,0.101216577392757,0.933333333333333
"90-95%",202,6,0.9375,23,23.6666666666667,0.0772227077066207,0.866666666666667
"90-95%",202,6,0.9375,24,24.6,0.15446299046678,1.2
"90-95%",202,6,0.9375,25,25.4666666666667,0.163459466340749,1.06666666666667
"90-95%",202,6,0.9375,26,26,0.275780649737379,1.33333333333333
"90-95%",202,6,0.9375,27,27.2666666666667,0.292563862360389,1.26666666666667
"90-95%",202,6,0.9375,28,28.1333333333333,0.358848150691854,1.26666666666667
"90-95%",202,6,0.9375,29,29.2,0.460853595495433,1.6
"90-95%",202,6,0.9375,30,30.1333333333333,0.616705088800406,1.86666666666667
"90-95%",202,6,0.9375,31,31,0.77293239650039,2
"90-95%",202,6,0.9375,32,32,1,2
"90-95%",211,7,0.90625,1,31,0.81434193974604,1.86666666666667
"90-95%",211,7,0.90625,2,29.8666666666667,0.66512994868744,1.66666666666667
"90-95%",211,7,0.90625,3,29.4,0.531353046731452,1.73333333333333
"90-95%",211,7,0.90625,4,27.9333333333333,0.456989852684921,1.53333333333333
"90-95%",211,7,0.90625,5,27.0666666666667,0.360711440610402,1.4
"90-95%",211,7,0.90625,6,26.1333333333333,0.344669668686699,1.53333333333333
"90-95%",211,7,0.90625,7,25.0666666666667,0.249233803517816,1.26666666666667
"90-95%",211,7,0.90625,8,24.2666666666667,0.199901543523429,1.2
"90-95%",211,7,0.90625,9,23.1333333333333,0.136075266691651,1.06666666666667
"90-95%",211,7,0.90625,10,22.4666666666667,0.0790620418846785,0.8
"90-95%",211,7,0.90625,11,22.0666666666667,0.0509391943241604,0.733333333333333
"90-95%",211,7,0.90625,12,20.8,0.0358387290184682,0.8
"90-95%",211,7,0.90625,13,20.2666666666667,0.0275286643043165,0.866666666666667
"90-95%",211,7,0.90625,14,19.0666666666667,-0.00464734077627841,0.533333333333333
"90-95%",211,7,0.90625,15,18.5333333333333,-0.00396146519042803,0.533333333333333
"90-95%",211,7,0.90625,16,18.2666666666667,-0.010762315913454,0.2
"90-95%",211,7,0.90625,17,18.8,-0.00579261686583035,0.466666666666667
"90-95%",211,7,0.90625,18,19.6,0.00819227869353364,0.666666666666667
"90-95%",211,7,0.90625,19,20.2,0.0284934293104585,1
"90-95%",211,7,0.90625,20,20.8666666666667,0.059650526414161,0.866666666666667
"90-95%",211,7,0.90625,21,21.4,0.0678479100954553,0.733333333333333
"90-95%",211,7,0.90625,22,22.3333333333333,0.101377332935919,1
"90-95%",211,7,0.90625,23,23.3333333333333,0.142288679979565,0.933333333333333
"90-95%",211,7,0.90625,24,24.3333333333333,0.208664659973646,1.06666666666667
"90-95%",211,7,0.90625,25,25.1333333333333,0.257465583886462,1.4
"90-95%",211,7,0.90625,26,26.0666666666667,0.319600131488683,1.53333333333333
"90-95%",211,7,0.90625,27,27.0666666666667,0.368201119844702,1.26666666666667
"90-95%",211,7,0.90625,28,27.8666666666667,0.428618540107031,1.13333333333333
"90-95%",211,7,0.90625,29,29,0.535102074388546,1.53333333333333
"90-95%",211,7,0.90625,30,30,0.66512994868744,1.73333333333333
"90-95%",211,7,0.90625,31,31.0666666666667,0.805468466193401,1.8
"90-95%",211,7,0.90625,32,32,1,2
"90-95%",221,8,0.90625,1,30.8,0.81434193974604,0.8
"90-95%",221,8,0.90625,2,29.8666666666667,0.685266391234553,0.866666666666667
"90-95%",221,8,0.90625,3,28.9333333333333,0.527319935992417,0.533333333333333
"90-95%",221,8,0.90625,4,27.8,0.464849002745975,0.533333333333333
"90-95%",221,8,0.90625,5,26.7333333333333,0.390670157547602,0.533333333333333
"90-95%",221,8,0.90625,6,25.7333333333333,0.285138895830263,0.333333333333333
"90-95%",221,8,0.90625,7,24.8,0.228667802864708,0.2
"90-95%",221,8,0.90625,8,23.8,0.190600748790538,0.333333333333333
"90-95%",221,8,0.90625,9,22.8,0.131559440027997,0.266666666666667
"90-95%",221,8,0.90625,10,22.2,0.0835059881237458,0.2
"90-95%",221,8,0.90625,11,21.0666666666667,0.0687401894982311,0.2
"90-95%",221,8,0.90625,12,20.2,0.0431687724649813,0
"90-95%",221,8,0.90625,13,19.3333333333333,0.0137915546290383,0
"90-95%",221,8,0.90625,14,18.8666666666667,-0.00279634904579403,0.0666666666666667
"90-95%",221,8,0.90625,15,19.2,-0.00579261686583035,0
"90-95%",221,8,0.90625,16,17.9333333333333,-0.010762315913454,0
"90-95%",221,8,0.90625,17,19,-0.00212409702668586,0
"90-95%",221,8,0.90625,18,18.5333333333333,0.010043270424018,0
"90-95%",221,8,0.90625,19,19.4,0.0183720164645648,0.133333333333333
"90-95%",221,8,0.90625,20,20.1333333333333,0.0431615432613314,0.2
"90-95%",221,8,0.90625,21,21.1333333333333,0.0651102495437847,0.0666666666666667
"90-95%",221,8,0.90625,22,22,0.105417310280595,0.2
"90-95%",221,8,0.90625,23,22.7333333333333,0.14419245865501,0.4
"90-95%",221,8,0.90625,24,23.8666666666667,0.177902243134095,0.266666666666667
"90-95%",221,8,0.90625,25,24.8,0.251298473744231,0.466666666666667
"90-95%",221,8,0.90625,26,25.6666666666667,0.301119787995113,0.333333333333333
"90-95%",221,8,0.90625,27,26.9333333333333,0.355607574267234,0.6
"90-95%",221,8,0.90625,28,27.7333333333333,0.464849002745975,0.533333333333333
"90-95%",221,8,0.90625,29,28.8,0.558448489576932,0.6
"90-95%",221,8,0.90625,30,29.9333333333333,0.66512994868744,0.733333333333333
"90-95%",221,8,0.90625,31,30.8,0.817299764263587,0.8
"90-95%",221,8,0.90625,32,32,1,2
"90-95%",224,9,0.9375,1,30.8666666666667,0.77293239650039,0.866666666666667
"90-95%",224,9,0.9375,2,29.8,0.603628176642096,0.666666666666667
"90-95%",224,9,0.9375,3,28.8666666666667,0.45751271093684,0.533333333333333
"90-95%",224,9,0.9375,4,27.6666666666667,0.418582626357481,0.533333333333333
"90-95%",224,9,0.9375,5,27,0.287157979867307,0.6
"90-95%",224,9,0.9375,6,26.0666666666667,0.212081183758456,0.533333333333333
"90-95%",224,9,0.9375,7,25,0.21985782767207,0.533333333333333
"90-95%",224,9,0.9375,8,24.1333333333333,0.0931932701437549,0.4
"90-95%",224,9,0.9375,9,22.7333333333333,0.142259322070244,0.466666666666667
"90-95%",224,9,0.9375,10,22,0.06489593733079,0.2
"90-95%",224,9,0.9375,11,20.9333333333333,0.0428278787027957,0.266666666666667
"90-95%",224,9,0.9375,12,20.0666666666667,0.0289030879028865,0.2
"90-95%",224,9,0.9375,13,19.2,0.0301699535103325,0.2
"90-95%",224,9,0.9375,14,18.3333333333333,-0.0054908924133749,0.333333333333333
"90-95%",224,9,0.9375,15,18.6666666666667,-0.00353880612962614,0.466666666666667
"90-95%",224,9,0.9375,16,17.6666666666667,-0.0148790177786619,0.8
"90-95%",224,9,0.9375,17,18.5333333333333,-0.00601981545496754,0.466666666666667
"90-95%",224,9,0.9375,18,18.6,-0.000525283105811347,0.466666666666667
"90-95%",224,9,0.9375,19,19.4,0.0251906421920604,0.266666666666667
"90-95%",224,9,0.9375,20,20.1333333333333,0.0300882326279481,0.466666666666667
"90-95%",224,9,0.9375,21,21.8666666666667,0.0477800883568739,0.466666666666667
"90-95%",224,9,0.9375,22,22.2666666666667,0.0799645649084832,0.333333333333333
"90-95%",224,9,0.9375,23,23.0666666666667,0.0994499406830135,0.533333333333333
"90-95%",224,9,0.9375,24,23.6,0.171717534360614,0.133333333333333
"90-95%",224,9,0.9375,25,24.7333333333333,0.19657540280606,0.4
"90-95%",224,9,0.9375,26,26,0.275780649737379,0.733333333333333
"90-95%",224,9,0.9375,27,26.8,0.292563862360389,0.333333333333333
"90-95%",224,9,0.9375,28,27.5333333333333,0.405451146045485,0.333333333333333
"90-95%",224,9,0.9375,29,28.9333333333333,0.526162543678631,0.933333333333333
"90-95%",224,9,0.9375,30,29.8666666666667,0.590551264483786,0.666666666666667
"90-95%",224,9,0.9375,31,30.8666666666667,0.759385304295716,1
"90-95%",224,9,0.9375,32,32,1,2
"90-95%",241,10,0.90625,1,31,0.81434193974604,1.93333333333333
"90-95%",241,10,0.90625,2,30,0.658417801171735,1.6
"90-95%",241,10,0.90625,3,29.2,0.542884212784674,1.66666666666667
"90-95%",241,10,0.90625,4,28.2666666666667,0.431015471304395,1.66666666666667
"90-95%",241,10,0.90625,5,27.2,0.350879401242754,1.2
"90-95%",241,10,0.90625,6,26.3333333333333,0.246284864368879,1.06666666666667
"90-95%",241,10,0.90625,7,25.2,0.245131363602,1.13333333333333
"90-95%",241,10,0.90625,8,24.2,0.214030065500312,1.26666666666667
"90-95%",241,10,0.90625,9,23.7333333333333,0.116610258623163,0.933333333333333
"90-95%",241,10,0.90625,10,22.1333333333333,0.123692623987159,1.06666666666667
"90-95%",241,10,0.90625,11,21.5333333333333,0.0687401894982311,0.866666666666667
"90-95%",241,10,0.90625,12,20.7333333333333,0.0504988159114944,0.8
"90-95%",241,10,0.90625,13,20.2,0.0147067918298833,0.666666666666667
"90-95%",241,10,0.90625,14,19.9333333333333,-0.010161208419872,0.4
"90-95%",241,10,0.90625,15,18.3333333333333,-0.00395524870208818,0.4
"90-95%",241,10,0.90625,16,17.9333333333333,-0.00526546034703891,0.2
"90-95%",241,10,0.90625,17,18.4666666666667,-0.0131296565441193,0.466666666666667
"90-95%",241,10,0.90625,18,18.8666666666667,0.0026979648238698,0.6
"90-95%",241,10,0.90625,19,20.1333333333333,0.0193346435550561,0.666666666666667
"90-95%",241,10,0.90625,20,21.1333333333333,0.0100857593991499,0.533333333333333
"90-95%",241,10,0.90625,21,21.8666666666667,0.0712972961626097,0.8
"90-95%",241,10,0.90625,22,22.8,0.0753307619792585,1.13333333333333
"90-95%",241,10,0.90625,23,23.4666666666667,0.155836159970529,1.2
"90-95%",241,10,0.90625,24,24.2666666666667,0.190600748790538,1.2
"90-95%",241,10,0.90625,25,25.5333333333333,0.221229952603277,1.4
"90-95%",241,10,0.90625,26,26.1333333333333,0.294227540863429,1.26666666666667
"90-95%",241,10,0.90625,27,27.2666666666667,0.383180478313302,1.46666666666667
"90-95%",241,10,0.90625,28,28,0.472708152807029,1.6
"90-95%",241,10,0.90625,29,29,0.542884212784674,1.6
"90-95%",241,10,0.90625,30,30.0666666666667,0.678554243718849,1.86666666666667
"90-95%",241,10,0.90625,31,31.0666666666667,0.811384115228494,1.93333333333333
"90-95%",241,10,0.90625,32,32,1,2
"90-95%",244,11,0.9375,1,30.8666666666667,0.766158850398053,0.933333333333333
"90-95%",244,11,0.9375,2,29.8,0.603628176642096,0.666666666666667
"90-95%",244,11,0.9375,3,28.8,0.498702610581914,0.666666666666667
"90-95%",244,11,0.9375,4,27.7333333333333,0.431714106669477,0.666666666666667
"90-95%",244,11,0.9375,5,26.6666666666667,0.311445609219594,0.466666666666667
"90-95%",244,11,0.9375,6,25.9333333333333,0.238422861058787,0.6
"90-95%",244,11,0.9375,7,25.0666666666667,0.21985782767207,0.466666666666667
"90-95%",244,11,0.9375,8,23.8,0.139498326092181,0.4
"90-95%",244,11,0.9375,9,23.4666666666667,0.0669316335012016,0.466666666666667
"90-95%",244,11,0.9375,10,22.2,0.06489593733079,0.333333333333333
"90-95%",244,11,0.9375,11,21.2,0.0352824444128625,0.333333333333333
"90-95%",244,11,0.9375,12,20,0.0463027735425724,0.2
"90-95%",244,11,0.9375,13,19.3333333333333,0.0227116113925448,0.2
"90-95%",244,11,0.9375,14,18.0666666666667,0.0131250968446846,0.4
"90-95%",244,11,0.9375,15,18.2,-0.00353880612962614,0.4
"90-95%",244,11,0.9375,16,18.8,-0.00495967259288729,0.266666666666667
"90-95%",244,11,0.9375,17,17.4,-0.0109818341056503,0.866666666666667
"90-95%",244,11,0.9375,18,18.4,-0.0104632292480102,0.6
"90-95%",244,11,0.9375,19,19.3333333333333,0.0202325805930292,0.133333333333333
"90-95%",244,11,0.9375,20,20.2666666666667,0.0189373344090996,0.333333333333333
"90-95%",244,11,0.9375,21,21.2666666666667,0.0529665376285841,0.2
"90-95%",244,11,0.9375,22,22.0666666666667,0.0985147196282248,0.333333333333333
"90-95%",244,11,0.9375,23,23.3333333333333,0.137732240958068,0.466666666666667
"90-95%",244,11,0.9375,24,23.8666666666667,0.159921566199857,0.4
"90-95%",244,11,0.9375,25,24.8666666666667,0.229691339271371,0.466666666666667
"90-95%",244,11,0.9375,26,25.9333333333333,0.264764538359118,0.466666666666667
"90-95%",244,11,0.9375,27,27,0.292563862360389,0.4
"90-95%",244,11,0.9375,28,27.8,0.358848150691854,0.533333333333333
"90-95%",244,11,0.9375,29,29,0.512432577130273,0.866666666666667
"90-95%",244,11,0.9375,30,29.8,0.577474352325477,0.533333333333333
"90-95%",244,11,0.9375,31,30.8666666666667,0.766158850398053,0.933333333333333
"90-95%",244,11,0.9375,32,32,1,2
"90-95%",269,12,0.90625,1,31,0.81434193974604,0.933333333333333
"90-95%",269,12,0.90625,2,29.8666666666667,0.651705653656031,0.533333333333333
"90-95%",269,12,0.90625,3,28.7333333333333,0.541009698956128,0.466666666666667
"90-95%",269,12,0.90625,4,27.8666666666667,0.438874621365449,0.466666666666667
"90-95%",269,12,0.90625,5,26.8666666666667,0.323725643273158,0.4
"90-95%",269,12,0.90625,6,25.8666666666667,0.317100680159963,0.466666666666667
"90-95%",269,12,0.90625,7,24.8666666666667,0.216333582580246,0.2
"90-95%",269,12,0.90625,8,23.6666666666667,0.208664659973646,0.2
"90-95%",269,12,0.90625,9,22.8,0.155127890657766,0.0666666666666667
"90-95%",269,12,0.90625,10,22.0666666666667,0.0999156618775993,0.2
"90-95%",269,12,0.90625,11,21.2666666666667,0.0335601292680171,0.266666666666667
"90-95%",269,12,0.90625,12,20.2,0.0431687724649813,0.266666666666667
"90-95%",269,12,0.90625,13,19.2,0.0175041691533661,0.133333333333333
"90-95%",269,12,0.90625,14,18.5333333333333,-0.00100401863709894,0.0666666666666667
"90-95%",269,12,0.90625,15,18.4,-0.00212409702668586,0.133333333333333
"90-95%",269,12,0.90625,16,16.9333333333333,-0.00709774553584396,0.266666666666667
"90-95%",269,12,0.90625,17,17.9333333333333,-0.010376712542676,0.133333333333333
"90-95%",269,12,0.90625,18,18.7333333333333,0.000866526867315189,0.2
"90-95%",269,12,0.90625,19,19.6,0.0128267896228963,0.0666666666666667
"90-95%",269,12,0.90625,20,20.4,0.0503865399476723,0.2
"90-95%",269,12,0.90625,21,21,0.062372588992114,0.266666666666667
"90-95%",269,12,0.90625,22,22,0.0907780050243175,0.133333333333333
"90-95%",269,12,0.90625,23,23,0.127545690625918,0.4
"90-95%",269,12,0.90625,24,23.6,0.214030065500312,0.266666666666667
"90-95%",269,12,0.90625,25,24.6666666666667,0.247169133291401,0.2
"90-95%",269,12,0.90625,26,25.7333333333333,0.328688776521849,0.6
"90-95%",269,12,0.90625,27,26.9333333333333,0.36029229453393,0.533333333333333
"90-95%",269,12,0.90625,28,27.6666666666667,0.456989852684921,0.333333333333333
"90-95%",269,12,0.90625,29,28.8666666666667,0.535102074388546,0.466666666666667
"90-95%",269,12,0.90625,30,29.8,0.678554243718849,0.733333333333333
"90-95%",269,12,0.90625,31,31,0.802510641675854,0.8
"90-95%",269,12,0.90625,32,32,1,2
"90-95%",276,13,0.90625,1,31,0.811384115228494,0.933333333333333
"90-95%",276,13,0.90625,2,29.8666666666667,0.671842096203144,0.733333333333333
"90-95%",276,13,0.90625,3,28.9333333333333,0.542884212784674,0.6
"90-95%",276,13,0.90625,4,27.8,0.420759390045977,0.333333333333333
"90-95%",276,13,0.90625,5,26.8666666666667,0.393012517680949,0.6
"90-95%",276,13,0.90625,6,25.6666666666667,0.308012035126797,0.266666666666667
"90-95%",276,13,0.90625,7,24.9333333333333,0.180097951297061,0.2
"90-95%",276,13,0.90625,8,23.7333333333333,0.201331559843868,0.4
"90-95%",276,13,0.90625,9,23,0.14680450664322,0.333333333333333
"90-95%",276,13,0.90625,10,21.8666666666667,0.0962796534273134,0.0666666666666667
"90-95%",276,13,0.90625,11,20.8666666666667,0.0573676171736209,0.0666666666666667
"90-95%",276,13,0.90625,12,20.2,0.00998794184262761,0
"90-95%",276,13,0.90625,13,19.1333333333333,0.0220329652679449,0.133333333333333
"90-95%",276,13,0.90625,14,18.6,-0.000984464863169182,0.133333333333333
"90-95%",276,13,0.90625,15,18.3333333333333,-0.0131358730324592,0.0666666666666667
"90-95%",276,13,0.90625,16,17.9333333333333,-0.00526546034703891,0.2
"90-95%",276,13,0.90625,17,17.9333333333333,-0.00395524870208818,0.2
"90-95%",276,13,0.90625,18,18.6,-0.00279634904579403,0.0666666666666667
"90-95%",276,13,0.90625,19,19.8,0.0193346435550561,0.133333333333333
"90-95%",276,13,0.90625,20,20.4,0.0338975567948427,0.466666666666667
"90-95%",276,13,0.90625,21,21,0.0770139934965866,0.133333333333333
"90-95%",276,13,0.90625,22,22,0.110419718334066,0.4
"90-95%",276,13,0.90625,23,22.8,0.164159543985075,0.266666666666667
"90-95%",276,13,0.90625,24,23.8,0.195966154317203,0.4
"90-95%",276,13,0.90625,25,24.6666666666667,0.247169133291401,0.2
"90-95%",276,13,0.90625,26,25.8,0.323992927291647,0.466666666666667
"90-95%",276,13,0.90625,27,26.8666666666667,0.368201119844702,0.4
"90-95%",276,13,0.90625,28,27.7333333333333,0.449130702623867,0.333333333333333
"90-95%",276,13,0.90625,29,28.8666666666667,0.542884212784674,0.533333333333333
"90-95%",276,13,0.90625,30,29.8666666666667,0.685266391234553,0.866666666666667
"90-95%",276,13,0.90625,31,30.9333333333333,0.81434193974604,0.866666666666667
"90-95%",276,13,0.90625,32,32,1,2
"90-95%",277,14,0.9375,1,30.8,0.766158850398053,0.866666666666667
"90-95%",277,14,0.9375,2,29.8666666666667,0.616705088800406,0.8
"90-95%",277,14,0.9375,3,28.8,0.498702610581914,0.666666666666667
"90-95%",277,14,0.9375,4,27.8666666666667,0.418582626357481,0.733333333333333
"90-95%",277,14,0.9375,5,26.7333333333333,0.316851491712676,0.4
"90-95%",277,14,0.9375,6,25.8666666666667,0.264764538359118,0.533333333333333
"90-95%",277,14,0.9375,7,25.0666666666667,0.20640891440536,0.666666666666667
"90-95%",277,14,0.9375,8,23.8,0.130871054145264,0.333333333333333
"90-95%",277,14,0.9375,9,23.2666666666667,0.122914085640473,0.333333333333333
"90-95%",277,14,0.9375,10,22.2,0.06489593733079,0.333333333333333
"90-95%",277,14,0.9375,11,20.6666666666667,0.0803208105348299,0.2
"90-95%",277,14,0.9375,12,20,0.0363370200487855,0.4
"90-95%",277,14,0.9375,13,19.9333333333333,0.00281561583869732,0.333333333333333
"90-95%",277,14,0.9375,14,19.1333333333333,-0.00673734038556957,0.466666666666667
"90-95%",277,14,0.9375,15,18.4,-0.00105779680428474,0.4
"90-95%",277,14,0.9375,16,18.5333333333333,-0.00867942703755277,0.466666666666667
"90-95%",277,14,0.9375,17,18.3333333333333,-0.00353880612962614,0.466666666666667
"90-95%",277,14,0.9375,18,18.5333333333333,0.00568677417394687,0.2
"90-95%",277,14,0.9375,19,19.3333333333333,0.000336585039181725,0.333333333333333
"90-95%",277,14,0.9375,20,20.4,0.0500197396155219,0.266666666666667
"90-95%",277,14,0.9375,21,20.8666666666667,0.0428278787027957,0.333333333333333
"90-95%",277,14,0.9375,22,21.8,0.0834460920505315,0.333333333333333
"90-95%",277,14,0.9375,23,22.6,0.127441166752649,0.2
"90-95%",277,14,0.9375,24,24.0666666666667,0.142667022306022,0.333333333333333
"90-95%",277,14,0.9375,25,24.9333333333333,0.17329297794005,0.6
"90-95%",277,14,0.9375,26,25.8,0.253748426980857,0.4
"90-95%",277,14,0.9375,27,26.7333333333333,0.335733238571881,0.666666666666667
"90-95%",277,14,0.9375,28,27.8,0.379188185421494,0.466666666666667
"90-95%",277,14,0.9375,29,28.7333333333333,0.498702610581914,0.6
"90-95%",277,14,0.9375,30,29.8666666666667,0.603628176642096,0.733333333333333
"90-95%",277,14,0.9375,31,31,0.77293239650039,1
"90-95%",277,14,0.9375,32,32,1,2
"90-95%",280,15,0.90625,1,31.0666666666667,0.81434193974604,1.93333333333333
"90-95%",280,15,0.90625,2,30.1333333333333,0.66512994868744,1.86666666666667
"90-95%",280,15,0.90625,3,28.7333333333333,0.558448489576932,1.46666666666667
"90-95%",280,15,0.90625,4,28.2,0.449130702623867,1.6
"90-95%",280,15,0.90625,5,27.1333333333333,0.335900042774154,1.2
"90-95%",280,15,0.90625,6,26.2666666666667,0.305815637225315,1.4
"90-95%",280,15,0.90625,7,24.8666666666667,0.247169133291401,1.06666666666667
"90-95%",280,15,0.90625,8,24.4666666666667,0.167171432080765,0.933333333333333
"90-95%",280,15,0.90625,9,23.8,0.135869074640464,1.2
"90-95%",280,15,0.90625,10,22.6,0.0870467251188975,0.933333333333333
"90-95%",280,15,0.90625,11,21.2666666666667,0.0678479100954553,0.733333333333333
"90-95%",280,15,0.90625,12,20.3333333333333,0.046826564984588,0.533333333333333
"90-95%",280,15,0.90625,13,20.2666666666667,0.00641585338567972,0.533333333333333
"90-95%",280,15,0.90625,14,18.7333333333333,0.00452940278042441,0.4
"90-95%",280,15,0.90625,15,18.4,-0.00670819270353152,0.466666666666667
"90-95%",280,15,0.90625,16,18.4,-0.00343317515823387,0.333333333333333
"90-95%",280,15,0.90625,17,17.9333333333333,-0.00579261686583035,0.266666666666667
"90-95%",280,15,0.90625,18,18.9333333333333,-0.00279634904579403,0.533333333333333
"90-95%",280,15,0.90625,19,20,0.00824846570302049,0.533333333333333
"90-95%",280,15,0.90625,20,20.5333333333333,0.0248508930523484,0.466666666666667
"90-95%",280,15,0.90625,21,22,0.072430951796021,0.933333333333333
"90-95%",280,15,0.90625,22,22.4666666666667,0.116325335631453,1.26666666666667
"90-95%",280,15,0.90625,23,23.8666666666667,0.136075266691651,1.13333333333333
"90-95%",280,15,0.90625,24,24.1333333333333,0.192568443393651,1.33333333333333
"90-95%",280,15,0.90625,25,25.2,0.255400913660047,1.46666666666667
"90-95%",280,15,0.90625,26,26.2666666666667,0.351561915818383,1.53333333333333
"90-95%",280,15,0.90625,27,27.1333333333333,0.335900042774154,1.2
"90-95%",280,15,0.90625,28,28.0666666666667,0.456989852684921,1.53333333333333
"90-95%",280,15,0.90625,29,29.4,0.558448489576932,1.86666666666667
"90-95%",280,15,0.90625,30,29.9333333333333,0.685266391234553,1.86666666666667
"90-95%",280,15,0.90625,31,31.1333333333333,0.808426290710947,1.8
"90-95%",280,15,0.90625,32,32,1,2
"90-95%",293,16,0.9375,1,30.9333333333333,0.766158850398053,1
"90-95%",293,16,0.9375,2,29.9333333333333,0.616705088800406,0.866666666666667
"90-95%",293,16,0.9375,3,28.6666666666667,0.484972644033556,0.466666666666667
"90-95%",293,16,0.9375,4,27.6666666666667,0.431714106669477,0.6
"90-95%",293,16,0.9375,5,26.6666666666667,0.304707677036533,0.266666666666667
"90-95%",293,16,0.9375,6,25.6666666666667,0.253748426980857,0.2
"90-95%",293,16,0.9375,7,24.8,0.18674189120676,0.266666666666667
"90-95%",293,16,0.9375,8,23.8666666666667,0.171717534360614,0.4
"90-95%",293,16,0.9375,9,22.6666666666667,0.152550396275664,0.333333333333333
"90-95%",293,16,0.9375,10,21.9333333333333,0.107399962299338,0.0666666666666667
"90-95%",293,16,0.9375,11,21.2,0.0378756690487176,0.2
"90-95%",293,16,0.9375,12,20.2666666666667,0.0363370200487855,0.333333333333333
"90-95%",293,16,0.9375,13,19.6,0.0127529887560006,0.4
"90-95%",293,16,0.9375,14,19.1333333333333,0.00196088531150628,0.333333333333333
"90-95%",293,16,0.9375,15,18,-0.00105779680428474,0.466666666666667
"90-95%",293,16,0.9375,16,18.6,-0.00867942703755277,0.466666666666667
"90-95%",293,16,0.9375,17,18.6666666666667,-0.00601981545496754,0.4
"90-95%",293,16,0.9375,18,18.7333333333333,0.000714437339311615,0.4
"90-95%",293,16,0.9375,19,19.8666666666667,0.000315335319940824,0.4
"90-95%",293,16,0.9375,20,20.1333333333333,0.0189373344090996,0.266666666666667
"90-95%",293,16,0.9375,21,21.1333333333333,0.0454211033386509,0.333333333333333
"90-95%",293,16,0.9375,22,22.2666666666667,0.0471254519885645,0.4
"90-95%",293,16,0.9375,23,23.0666666666667,0.0640496369545801,0.6
"90-95%",293,16,0.9375,24,23.6666666666667,0.206226622148283,0.533333333333333
"90-95%",293,16,0.9375,25,24.9333333333333,0.21002431607277,0.4
"90-95%",293,16,0.9375,26,25.9333333333333,0.253748426980857,0.466666666666667
"90-95%",293,16,0.9375,27,26.8,0.32899530638882,0.466666666666667
"90-95%",293,16,0.9375,28,27.7333333333333,0.385111111315845,0.6
"90-95%",293,16,0.9375,29,28.9333333333333,0.498702610581914,0.8
"90-95%",293,16,0.9375,30,29.8666666666667,0.577474352325477,0.6
"90-95%",293,16,0.9375,31,30.8,0.759385304295716,0.933333333333333
"90-95%",293,16,0.9375,32,32,1,2
"90-95%",296,17,0.9375,1,30.8666666666667,0.77293239650039,1.86666666666667
"90-95%",296,17,0.9375,2,30.1333333333333,0.577474352325477,1.6
"90-95%",296,17,0.9375,3,29.2666666666667,0.484972644033556,1.73333333333333
"90-95%",296,17,0.9375,4,28.0666666666667,0.405451146045485,1.53333333333333
"90-95%",296,17,0.9375,5,27.1333333333333,0.293895912050369,1.46666666666667
"90-95%",296,17,0.9375,6,26.2,0.275780649737379,1.6
"90-95%",296,17,0.9375,7,25.3333333333333,0.21985782767207,1.2
"90-95%",296,17,0.9375,8,24.6,0.151294294252939,1.2
"90-95%",296,17,0.9375,9,23.4,0.112623011435054,0.8
"90-95%",296,17,0.9375,10,22.9333333333333,0.077262707143951,1
"90-95%",296,17,0.9375,11,21.8666666666667,0.0826797955530529,1.33333333333333
"90-95%",296,17,0.9375,12,20.9333333333333,0.025186121829937,0.666666666666667
"90-95%",296,17,0.9375,13,20.6,0.000336585039181725,0.533333333333333
"90-95%",296,17,0.9375,14,19.6,0.000714437339311615,0.666666666666667
"90-95%",296,17,0.9375,15,17.9333333333333,-0.00850082478030894,0.2
"90-95%",296,17,0.9375,16,18.4666666666667,-0.00743950888933094,0.333333333333333
"90-95%",296,17,0.9375,17,18.6666666666667,-0.00105779680428474,0.4
"90-95%",296,17,0.9375,18,19.4,-0.00797033330362082,0.266666666666667
"90-95%",296,17,0.9375,19,20.5333333333333,0.0202325805930292,0.466666666666667
"90-95%",296,17,0.9375,20,20.6,0.0238394452071107,0.8
"90-95%",296,17,0.9375,21,22.3333333333333,0.050373312992729,1
"90-95%",296,17,0.9375,22,22.6,0.0950331924861765,0.933333333333333
"90-95%",296,17,0.9375,23,23.2,0.0949228595708374,0.8
"90-95%",296,17,0.9375,24,24.8,0.151294294252939,1.13333333333333
"90-95%",296,17,0.9375,25,25.0666666666667,0.239524850870671,1.33333333333333
"90-95%",296,17,0.9375,26,26.2666666666667,0.205374526924004,0.933333333333333
"90-95%",296,17,0.9375,27,27.2,0.304707677036533,1.33333333333333
"90-95%",296,17,0.9375,28,28,0.379188185421494,1.26666666666667
"90-95%",296,17,0.9375,29,29.3333333333333,0.488313528592149,1.86666666666667
"90-95%",296,17,0.9375,30,30.2,0.603628176642096,1.86666666666667
"90-95%",296,17,0.9375,31,30.9333333333333,0.77293239650039,1.93333333333333
"90-95%",296,17,0.9375,32,32,1,2
"90-95%",299,18,0.90625,1,30.8666666666667,0.817299764263587,1.86666666666667
"90-95%",299,18,0.90625,2,29.7333333333333,0.678554243718849,1.6
"90-95%",299,18,0.90625,3,29.0666666666667,0.542884212784674,1.66666666666667
"90-95%",299,18,0.90625,4,28.4,0.40024722752914,1.46666666666667
"90-95%",299,18,0.90625,5,27.0666666666667,0.363053800743749,1.4
"90-95%",299,18,0.90625,6,26.2,0.294227540863429,1.4
"90-95%",299,18,0.90625,7,25.0666666666667,0.263632694028693,1.13333333333333
"90-95%",299,18,0.90625,8,24.2,0.195966154317203,1.06666666666667
"90-95%",299,18,0.90625,9,23.4,0.124933642637709,0.8
"90-95%",299,18,0.90625,10,22.5333333333333,0.0922396760826368,0.866666666666667
"90-95%",299,18,0.90625,11,21.3333333333333,0.0815970351971522,0.733333333333333
"90-95%",299,18,0.90625,12,20.6666666666667,0.0413326470015281,0.8
"90-95%",299,18,0.90625,13,20.1333333333333,0.00733322850217548,0.533333333333333
"90-95%",299,18,0.90625,14,19.8,-0.00464734077627841,0.533333333333333
"90-95%",299,18,0.90625,15,18.5333333333333,-0.0140452323818205,0.466666666666667
"90-95%",299,18,0.90625,16,18.4666666666667,-0.00709774553584396,0.133333333333333
"90-95%",299,18,0.90625,17,19.1333333333333,-0.0094673531933147,0.533333333333333
"90-95%",299,18,0.90625,18,19.6666666666667,-0.00462778700234865,0.4
"90-95%",299,18,0.90625,19,19.7333333333333,0.0165889319525211,0.466666666666667
"90-95%",299,18,0.90625,20,20.4,0.0302397642752361,0.6
"90-95%",299,18,0.90625,21,21.2666666666667,0.0685596356109391,0.933333333333333
"90-95%",299,18,0.90625,22,22.4666666666667,0.0571507197278291,0.666666666666667
"90-95%",299,18,0.90625,23,23.7333333333333,0.129449469301364,1
"90-95%",299,18,0.90625,24,24.3333333333333,0.185235343263873,1
"90-95%",299,18,0.90625,25,25.2,0.24100202314917,1.33333333333333
"90-95%",299,18,0.90625,26,25.9333333333333,0.323992927291647,1.33333333333333
"90-95%",299,18,0.90625,27,27,0.378033159212349,1.46666666666667
"90-95%",299,18,0.90625,28,28.0666666666667,0.446733771426503,1.4
"90-95%",299,18,0.90625,29,29.2,0.533227560559999,1.53333333333333
"90-95%",299,18,0.90625,30,29.9333333333333,0.651705653656031,1.53333333333333
"90-95%",299,18,0.90625,31,30.9333333333333,0.81434193974604,1.86666666666667
"90-95%",299,18,0.90625,32,32,1,2
"90-95%",302,19,0.90625,1,30.9333333333333,0.81434193974604,0.866666666666667
"90-95%",302,19,0.90625,2,29.9333333333333,0.66512994868744,0.733333333333333
"90-95%",302,19,0.90625,3,28.9333333333333,0.533227560559999,0.6
"90-95%",302,19,0.90625,4,27.8,0.438874621365449,0.466666666666667
"90-95%",302,19,0.90625,5,26.9333333333333,0.378033159212349,0.533333333333333
"90-95%",302,19,0.90625,6,25.6666666666667,0.315433982096518,0.466666666666667
"90-95%",302,19,0.90625,7,24.8666666666667,0.235628843114154,0.466666666666667
"90-95%",302,19,0.90625,8,23.6666666666667,0.190600748790538,0.2
"90-95%",302,19,0.90625,9,23,0.142288679979565,0.266666666666667
"90-95%",302,19,0.90625,10,21.8,0.0922396760826368,0.0666666666666667
"90-95%",302,19,0.90625,11,20.8666666666667,0.0513611244420879,0
"90-95%",302,19,0.90625,12,20.3333333333333,0.0375625785180993,0.266666666666667
"90-95%",302,19,0.90625,13,19.0666666666667,0.0220329652679449,0.2
"90-95%",302,19,0.90625,14,18.8666666666667,0.00084697309338543,0.0666666666666667
"90-95%",302,19,0.90625,15,18,-0.00212409702668586,0.266666666666667
"90-95%",302,19,0.90625,16,17.2,-0.0144268862910641,0.266666666666667
"90-95%",302,19,0.90625,17,17.8666666666667,-0.0149608082195217,0
"90-95%",302,19,0.90625,18,18.2,0.0137061463371272,0.0666666666666667
"90-95%",302,19,0.90625,19,19.0666666666667,0.0128763174281933,0.2
"90-95%",302,19,0.90625,20,20,0.059650526414161,0.0666666666666667
"90-95%",302,19,0.90625,21,20.9333333333333,0.0760608917504674,0.333333333333333
"90-95%",302,19,0.90625,22,21.8,0.116325335631453,0.266666666666667
"90-95%",302,19,0.90625,23,22.8,0.13777285331591,0.0666666666666667
"90-95%",302,19,0.90625,24,23.8666666666667,0.197933848920316,0.266666666666667
"90-95%",302,19,0.90625,25,25.0666666666667,0.232797143317538,0.266666666666667
"90-95%",302,19,0.90625,26,25.8666666666667,0.301119787995113,0.466666666666667
"90-95%",302,19,0.90625,27,26.6666666666667,0.368201119844702,0.333333333333333
"90-95%",302,19,0.90625,28,27.8,0.464849002745975,0.533333333333333
"90-95%",302,19,0.90625,29,29,0.550666351180803,0.733333333333333
"90-95%",302,19,0.90625,30,29.8666666666667,0.678554243718849,0.866666666666667
"90-95%",302,19,0.90625,31,31,0.811384115228494,1
"90-95%",302,19,0.90625,32,32,1,2
"90-95%",308,20,0.9375,1,30.9333333333333,0.77293239650039,0.933333333333333
"90-95%",308,20,0.9375,2,29.8,0.616705088800406,0.733333333333333
"90-95%",308,20,0.9375,3,28.8,0.498702610581914,0.6
"90-95%",308,20,0.9375,4,27.8,0.371979631003849,0.6
"90-95%",308,20,0.9375,5,26.9333333333333,0.269608282698082,0.533333333333333
"90-95%",308,20,0.9375,6,25.9333333333333,0.264764538359118,0.533333333333333
"90-95%",308,20,0.9375,7,24.6666666666667,0.20640891440536,0.333333333333333
"90-95%",308,20,0.9375,8,23.8666666666667,0.168548838146774,0.533333333333333
"90-95%",308,20,0.9375,9,23.0666666666667,0.127441166752649,0.466666666666667
"90-95%",308,20,0.9375,10,21.8666666666667,0.089629476957112,0.4
"90-95%",308,20,0.9375,11,21.2,0.0678231665908185,0.266666666666667
"90-95%",308,20,0.9375,12,20.1333333333333,0.0201224791341612,0.466666666666667
"90-95%",308,20,0.9375,13,19.1333333333333,0.0202113308737883,0.266666666666667
"90-95%",308,20,0.9375,14,18.8666666666667,-0.00921678127581549,0.4
"90-95%",308,20,0.9375,15,18.8,-0.00850082478030894,0.733333333333333
"90-95%",308,20,0.9375,16,17.8666666666667,-0.00991934518577459,0.533333333333333
"90-95%",308,20,0.9375,17,18.1333333333333,-0.00353880612962614,0.6
"90-95%",308,20,0.9375,18,19.2,0.00195415778443458,0.466666666666667
"90-95%",308,20,0.9375,19,19.2666666666667,0.00281561583869732,0.4
"90-95%",308,20,0.9375,20,20.2666666666667,0.0164055130612117,0.333333333333333
"90-95%",308,20,0.9375,21,21.1333333333333,0.0355166840304946,0.133333333333333
"90-95%",308,20,0.9375,22,22.0666666666667,0.0471254519885645,0.4
"90-95%",308,20,0.9375,23,23.1333333333333,0.102331937229635,0.333333333333333
"90-95%",308,20,0.9375,24,23.9333333333333,0.163090262413697,0.333333333333333
"90-95%",308,20,0.9375,25,24.7333333333333,0.229691339271371,0.4
"90-95%",308,20,0.9375,26,25.9333333333333,0.249438972437048,0.533333333333333
"90-95%",308,20,0.9375,27,26.8,0.32899530638882,0.533333333333333
"90-95%",308,20,0.9375,28,27.8666666666667,0.379188185421494,0.533333333333333
"90-95%",308,20,0.9375,29,28.8,0.460853595495433,0.6
"90-95%",308,20,0.9375,30,29.8666666666667,0.603628176642096,0.733333333333333
"90-95%",308,20,0.9375,31,30.7333333333333,0.759385304295716,0.866666666666667
"90-95%",308,20,0.9375,32,32,1,2
"95-100%",104,1,0.96875,1,29.1333333333333,0.67132920496534,0.133333333333333
"95-100%",104,1,0.96875,2,28.6,0.444479067258761,0.266666666666667
"95-100%",104,1,0.96875,3,27.2666666666667,0.420336752753365,0
"95-100%",104,1,0.96875,4,26.6,0.32327479637383,0.0666666666666667
"95-100%",104,1,0.96875,5,26.1333333333333,0.22461610852939,0.266666666666667
"95-100%",104,1,0.96875,6,24.5333333333333,0.207674399879941,0.133333333333333
"95-100%",104,1,0.96875,7,24.8666666666667,0.0830373796404201,0.6
"95-100%",104,1,0.96875,8,23.5333333333333,0.095746454218983,0.333333333333333
"95-100%",104,1,0.96875,9,23.2,0.0616249295675501,0.533333333333333
"95-100%",104,1,0.96875,10,22,0.0572975301157331,0.533333333333333
"95-100%",104,1,0.96875,11,20.1333333333333,0.0608111384583525,0.2
"95-100%",104,1,0.96875,12,20.1333333333333,0.0278118187366167,0.333333333333333
"95-100%",104,1,0.96875,13,20.2,0.0103353844809062,0.6
"95-100%",104,1,0.96875,14,18.6,-0.0013207063382777,0.2
"95-100%",104,1,0.96875,15,19.3333333333333,-0.0110060445034751,0.666666666666667
"95-100%",104,1,0.96875,16,19.4666666666667,-0.00719767911460788,0.866666666666667
"95-100%",104,1,0.96875,17,19.2,-0.00524744209200727,0.8
"95-100%",104,1,0.96875,18,19,-0.0013207063382777,0.533333333333333
"95-100%",104,1,0.96875,19,19.4666666666667,0.016099263497472,0.333333333333333
"95-100%",104,1,0.96875,20,20.4666666666667,0.0124201016729589,0.4
"95-100%",104,1,0.96875,21,20.8666666666667,0.0608111384583525,0.4
"95-100%",104,1,0.96875,22,21.4,0.0689231828623425,0.266666666666667
"95-100%",104,1,0.96875,23,21.9333333333333,0.102606423895176,0.2
"95-100%",104,1,0.96875,24,23.8,0.0483978866838444,0.4
"95-100%",104,1,0.96875,25,23.5333333333333,0.209332268555778,0
"95-100%",104,1,0.96875,26,25,0.187161920649038,0.2
"95-100%",104,1,0.96875,27,25.9333333333333,0.201306792293932,0.2
"95-100%",104,1,0.96875,28,26.6,0.296651934566713,0.133333333333333
"95-100%",104,1,0.96875,29,27.6,0.327954865678973,0.2
"95-100%",104,1,0.96875,30,28.4666666666667,0.48098607226743,0.133333333333333
"95-100%",104,1,0.96875,31,29.0666666666667,0.67132920496534,0.133333333333333
"95-100%",104,1,0.96875,32,32,1,2
"95-100%",115,2,0.96875,1,29,0.67132920496534,0.0666666666666667
"95-100%",115,2,0.96875,2,28.3333333333333,0.48098607226743,0.133333333333333
"95-100%",115,2,0.96875,3,27.7333333333333,0.358748828037104,0.133333333333333
"95-100%",115,2,0.96875,4,26.5333333333333,0.32327479637383,0.0666666666666667
"95-100%",115,2,0.96875,5,25.7333333333333,0.247925424764847,0.133333333333333
"95-100%",115,2,0.96875,6,24.8666666666667,0.207674399879941,0.133333333333333
"95-100%",115,2,0.96875,7,24.0666666666667,0.155205887592053,0.2
"95-100%",115,2,0.96875,8,22.8666666666667,0.111529310064029,0.2
"95-100%",115,2,0.96875,9,22.3333333333333,0.0889459257859677,0.266666666666667
"95-100%",115,2,0.96875,10,21.7333333333333,0.0689231828623425,0.266666666666667
"95-100%",115,2,0.96875,11,21.2,0.0318763859669211,0.533333333333333
"95-100%",115,2,0.96875,12,20.1333333333333,0.0278118187366167,0.2
"95-100%",115,2,0.96875,13,19.3333333333333,0.016099263497472,0.4
"95-100%",115,2,0.96875,14,17.8666666666667,0.00635942640925777,0.266666666666667
"95-100%",115,2,0.96875,15,19.4,-0.0110060445034751,0.866666666666667
"95-100%",115,2,0.96875,16,19.6666666666667,-0.00719767911460788,0.933333333333333
"95-100%",115,2,0.96875,17,19.6,-0.0110060445034751,1
"95-100%",115,2,0.96875,18,19,0.00635942640925777,0.333333333333333
"95-100%",115,2,0.96875,19,19.4,0.016099263497472,0.4
"95-100%",115,2,0.96875,20,21.2,-0.00297161539069882,0.8
"95-100%",115,2,0.96875,21,20.6,0.0415213034640649,0.2
"95-100%",115,2,0.96875,22,21.9333333333333,0.0921744883555612,0.333333333333333
"95-100%",115,2,0.96875,23,22.5333333333333,0.0752854276767589,0.266666666666667
"95-100%",115,2,0.96875,24,23.4,0.095746454218983,0.2
"95-100%",115,2,0.96875,25,23.7333333333333,0.19129014156787,0.0666666666666667
"95-100%",115,2,0.96875,26,24.7333333333333,0.207674399879941,0.2
"95-100%",115,2,0.96875,27,26.2666666666667,0.22461610852939,0.266666666666667
"95-100%",115,2,0.96875,28,26.6666666666667,0.296651934566713,0.133333333333333
"95-100%",115,2,0.96875,29,27.5333333333333,0.358748828037104,0.133333333333333
"95-100%",115,2,0.96875,30,28.4,0.48098607226743,0.133333333333333
"95-100%",115,2,0.96875,31,29.2,0.67132920496534,0.133333333333333
"95-100%",115,2,0.96875,32,32,1,2
"95-100%",171,3,0.96875,1,29.2,0.67132920496534,0.2
"95-100%",171,3,0.96875,2,28.6,0.444479067258761,0.266666666666667
"95-100%",171,3,0.96875,3,27.4666666666667,0.358748828037104,0.133333333333333
"95-100%",171,3,0.96875,4,26.6,0.296651934566713,0.133333333333333
"95-100%",171,3,0.96875,5,25.8666666666667,0.22461610852939,0.2
"95-100%",171,3,0.96875,6,25.5333333333333,0.146136962187232,0.333333333333333
"95-100%",171,3,0.96875,7,23.6,0.19129014156787,0.0666666666666667
"95-100%",171,3,0.96875,8,23.3333333333333,0.111529310064029,0.333333333333333
"95-100%",171,3,0.96875,9,22.6666666666667,0.102606423895176,0.466666666666667
"95-100%",171,3,0.96875,10,22,0.0340462246225143,0.466666666666667
"95-100%",171,3,0.96875,11,20.7333333333333,0.0511662209612087,0.466666666666667
"95-100%",171,3,0.96875,12,19.6666666666667,0.0201159602047878,0.333333333333333
"95-100%",171,3,0.96875,13,19.7333333333333,0.0103353844809062,0.6
"95-100%",171,3,0.96875,14,18.6,0.0101994927830255,0.266666666666667
"95-100%",171,3,0.96875,15,18.8,-0.00524744209200727,0.733333333333333
"95-100%",171,3,0.96875,16,19.6,-0.00719767911460788,0.8
"95-100%",171,3,0.96875,17,19.3333333333333,-0.00716697622916321,0.8
"95-100%",171,3,0.96875,18,18.8,-0.0013207063382777,0.4
"95-100%",171,3,0.96875,19,19.2666666666667,0.016099263497472,0.266666666666667
"95-100%",171,3,0.96875,20,20.6,0.00472424314113006,0.466666666666667
"95-100%",171,3,0.96875,21,20.6666666666667,0.0318763859669211,0.466666666666667
"95-100%",171,3,0.96875,22,22.3333333333333,0.0572975301157331,0.466666666666667
"95-100%",171,3,0.96875,23,21.9333333333333,0.102606423895176,0.2
"95-100%",171,3,0.96875,24,22.4666666666667,0.158877877599168,0
"95-100%",171,3,0.96875,25,23.3333333333333,0.209332268555778,0
"95-100%",171,3,0.96875,26,25.2,0.166649441418135,0.2
"95-100%",171,3,0.96875,27,25.9333333333333,0.247925424764847,0.133333333333333
"95-100%",171,3,0.96875,28,27,0.243406210952478,0.266666666666667
"95-100%",171,3,0.96875,29,27.0666666666667,0.420336752753365,0
"95-100%",171,3,0.96875,30,28.6,0.444479067258761,0.266666666666667
"95-100%",171,3,0.96875,31,29.1333333333333,0.67132920496534,0
"95-100%",171,3,0.96875,32,32,1,2
"95-100%",195,4,0.96875,1,29.4,0.67132920496534,0.266666666666667
"95-100%",195,4,0.96875,2,28.2,0.517493077276099,0
"95-100%",195,4,0.96875,3,27.3333333333333,0.389542790395235,0.0666666666666667
"95-100%",195,4,0.96875,4,26.5333333333333,0.32327479637383,0.0666666666666667
"95-100%",195,4,0.96875,5,26.0666666666667,0.201306792293932,0.266666666666667
"95-100%",195,4,0.96875,6,25.3333333333333,0.166649441418135,0.266666666666667
"95-100%",195,4,0.96875,7,24.1333333333333,0.173248014579961,0.133333333333333
"95-100%",195,4,0.96875,8,22.6,0.143095021754122,0.2
"95-100%",195,4,0.96875,9,21.7333333333333,0.102606423895176,0.2
"95-100%",195,4,0.96875,10,21.8666666666667,0.0572975301157331,0.333333333333333
"95-100%",195,4,0.96875,11,20.6666666666667,0.0415213034640649,0.333333333333333
"95-100%",195,4,0.96875,12,20.8666666666667,0.0124201016729589,0.6
"95-100%",195,4,0.96875,13,19,0.0276270215306035,0.266666666666667
"95-100%",195,4,0.96875,14,18.5333333333333,0.0101994927830255,0.2
"95-100%",195,4,0.96875,15,18.6666666666667,-0.0110060445034751,0.8
"95-100%",195,4,0.96875,16,19.2666666666667,-0.00719767911460788,0.933333333333333
"95-100%",195,4,0.96875,17,19,-0.00332790795485133,0.8
"95-100%",195,4,0.96875,18,19.1333333333333,0.00635942640925777,0.533333333333333
"95-100%",195,4,0.96875,19,20.6,-0.0184840106019226,0.733333333333333
"95-100%",195,4,0.96875,20,20.4,0.0355076772684456,0.533333333333333
"95-100%",195,4,0.96875,21,21.1333333333333,0.0511662209612087,0.4
"95-100%",195,4,0.96875,22,21.7333333333333,0.0572975301157331,0.266666666666667
"95-100%",195,4,0.96875,23,23.5333333333333,0.0343039333491326,0.666666666666667
"95-100%",195,4,0.96875,24,23.5333333333333,0.127312165909075,0.2
"95-100%",195,4,0.96875,25,24.5333333333333,0.119121633616237,0.4
"95-100%",195,4,0.96875,26,24.9333333333333,0.166649441418135,0.266666666666667
"95-100%",195,4,0.96875,27,25.9333333333333,0.247925424764847,0.266666666666667
"95-100%",195,4,0.96875,28,26.2666666666667,0.32327479637383,0
"95-100%",195,4,0.96875,29,27.5333333333333,0.358748828037104,0.133333333333333
"95-100%",195,4,0.96875,30,28.0666666666667,0.517493077276099,0
"95-100%",195,4,0.96875,31,29.0666666666667,0.67132920496534,0.0666666666666667
"95-100%",195,4,0.96875,32,32,1,2
"95-100%",261,5,0.96875,1,31,0.67132920496534,1
"95-100%",261,5,0.96875,2,30.2666666666667,0.444479067258761,1.13333333333333
"95-100%",261,5,0.96875,3,29.1333333333333,0.327954865678973,0.933333333333333
"95-100%",261,5,0.96875,4,27.9333333333333,0.32327479637383,0.866666666666667
"95-100%",261,5,0.96875,5,26.6,0.294544057235761,0.6
"95-100%",261,5,0.96875,6,26.5333333333333,0.166649441418135,1.06666666666667
"95-100%",261,5,0.96875,7,25.2666666666667,0.19129014156787,1
"95-100%",261,5,0.96875,8,24,0.158877877599168,0.6
"95-100%",261,5,0.96875,9,23.2666666666667,0.0889459257859677,0.733333333333333
"95-100%",261,5,0.96875,10,22.9333333333333,0.0224205718759049,0.733333333333333
"95-100%",261,5,0.96875,11,21.1333333333333,0.0704560559554962,0.666666666666667
"95-100%",261,5,0.96875,12,20.7333333333333,0.00472424314113006,0.6
"95-100%",261,5,0.96875,13,20.0666666666667,0.00457150546434047,0.666666666666667
"95-100%",261,5,0.96875,14,19.2,0.017879625530561,0.666666666666667
"95-100%",261,5,0.96875,15,19.4666666666667,-0.00716697622916321,0.733333333333333
"95-100%",261,5,0.96875,16,17.2666666666667,-0.00719767911460788,0.333333333333333
"95-100%",261,5,0.96875,17,19.2666666666667,-0.00524744209200727,0.533333333333333
"95-100%",261,5,0.96875,18,19.7333333333333,0.00251936003549003,0.666666666666667
"95-100%",261,5,0.96875,19,20,0.0276270215306035,0.733333333333333
"95-100%",261,5,0.96875,20,20.2,0.0508993943321034,0.6
"95-100%",261,5,0.96875,21,21.3333333333333,0.0125865509726336,0.466666666666667
"95-100%",261,5,0.96875,22,22.4,0.0805488356089519,0.8
"95-100%",261,5,0.96875,23,23.0666666666667,0.0889459257859677,0.6
"95-100%",261,5,0.96875,24,24,0.143095021754122,0.8
"95-100%",261,5,0.96875,25,25.3333333333333,0.155205887592053,0.8
"95-100%",261,5,0.96875,26,26.2,0.187161920649038,0.866666666666667
"95-100%",261,5,0.96875,27,27.1333333333333,0.271234741000304,1
"95-100%",261,5,0.96875,28,28.0666666666667,0.32327479637383,1
"95-100%",261,5,0.96875,29,29.0666666666667,0.358748828037104,0.933333333333333
"95-100%",261,5,0.96875,30,30.0666666666667,0.48098607226743,1
"95-100%",261,5,0.96875,31,30.9333333333333,0.67132920496534,0.933333333333333
"95-100%",261,5,0.96875,32,32,1,2
"95-100%",320,6,0.96875,1,31.0666666666667,0.67132920496534,1.06666666666667
"95-100%",320,6,0.96875,2,30.0666666666667,0.48098607226743,1
"95-100%",320,6,0.96875,3,29.3333333333333,0.327954865678973,1.13333333333333
"95-100%",320,6,0.96875,4,27.8666666666667,0.32327479637383,0.8
"95-100%",320,6,0.96875,5,27.0666666666667,0.271234741000304,0.8
"95-100%",320,6,0.96875,6,26.2666666666667,0.187161920649038,0.866666666666667
"95-100%",320,6,0.96875,7,24.8666666666667,0.155205887592053,0.666666666666667
"95-100%",320,6,0.96875,8,24.5333333333333,0.143095021754122,1.26666666666667
"95-100%",320,6,0.96875,9,23.2666666666667,0.0889459257859677,0.866666666666667
"95-100%",320,6,0.96875,10,22.4,0.0805488356089519,0.866666666666667
"95-100%",320,6,0.96875,11,21.4666666666667,0.0511662209612087,0.666666666666667
"95-100%",320,6,0.96875,12,21.2,-0.00297161539069882,0.8
"95-100%",320,6,0.96875,13,20.4666666666667,0.0218631425140378,0.6
"95-100%",320,6,0.96875,14,18.7333333333333,-0.00516077271204543,0.333333333333333
"95-100%",320,6,0.96875,15,18.3333333333333,-0.0110060445034751,0.466666666666667
"95-100%",320,6,0.96875,16,18.0666666666667,-0.00719767911460788,0.2
"95-100%",320,6,0.96875,17,18.7333333333333,-0.00140837381769539,0.733333333333333
"95-100%",320,6,0.96875,18,19.9333333333333,0.0140395591567932,0.866666666666667
"95-100%",320,6,0.96875,19,19.7333333333333,0.0103353844809062,0.533333333333333
"95-100%",320,6,0.96875,20,20.6666666666667,0.0124201016729589,0.533333333333333
"95-100%",320,6,0.96875,21,21.1333333333333,0.0608111384583525,0.533333333333333
"95-100%",320,6,0.96875,22,22.5333333333333,0.0456718773691237,0.733333333333333
"95-100%",320,6,0.96875,23,23.1333333333333,0.116266922004385,0.8
"95-100%",320,6,0.96875,24,24.1333333333333,0.0799635983739368,0.533333333333333
"95-100%",320,6,0.96875,25,25.0666666666667,0.155205887592053,0.733333333333333
"95-100%",320,6,0.96875,26,26.3333333333333,0.125624482956328,0.866666666666667
"95-100%",320,6,0.96875,27,26.8,0.247925424764847,0.666666666666667
"95-100%",320,6,0.96875,28,28.2,0.296651934566713,1
"95-100%",320,6,0.96875,29,29,0.389542790395235,0.933333333333333
"95-100%",320,6,0.96875,30,29.9333333333333,0.517493077276099,0.933333333333333
"95-100%",320,6,0.96875,31,31.0666666666667,0.67132920496534,1.06666666666667
"95-100%",320,6,0.96875,32,32,1,2
"95-100%",323,7,0.96875,1,29.4666666666667,0.67132920496534,0.266666666666667
"95-100%",323,7,0.96875,2,28,0.517493077276099,0
"95-100%",323,7,0.96875,3,27.7333333333333,0.327954865678973,0.2
"95-100%",323,7,0.96875,4,26.3333333333333,0.32327479637383,0
"95-100%",323,7,0.96875,5,25.7333333333333,0.247925424764847,0.133333333333333
"95-100%",323,7,0.96875,6,25.2666666666667,0.146136962187232,0.333333333333333
"95-100%",323,7,0.96875,7,23.8,0.173248014579961,0.133333333333333
"95-100%",323,7,0.96875,8,24,0.0641807425288906,0.466666666666667
"95-100%",323,7,0.96875,9,23.2666666666667,0.0479644314583414,0.466666666666667
"95-100%",323,7,0.96875,10,21.4,0.0805488356089519,0.133333333333333
"95-100%",323,7,0.96875,11,21.7333333333333,0.00294163347548982,0.533333333333333
"95-100%",323,7,0.96875,12,20.1333333333333,0.0278118187366167,0.266666666666667
"95-100%",323,7,0.96875,13,19.7333333333333,-0.0011923735522253,0.533333333333333
"95-100%",323,7,0.96875,14,18.6666666666667,0.0101994927830255,0.533333333333333
"95-100%",323,7,0.96875,15,19.8,-0.00524744209200727,0.8
"95-100%",323,7,0.96875,16,18.4666666666667,-0.00719767911460788,0.533333333333333
"95-100%",323,7,0.96875,17,20.0666666666667,-0.00140837381769539,0.866666666666667
"95-100%",323,7,0.96875,18,20,-0.0166809718333486,0.6
"95-100%",323,7,0.96875,19,20.1333333333333,0.0103353844809062,0.4
"95-100%",323,7,0.96875,20,19.5333333333333,0.0432035358002745,0.266666666666667
"95-100%",323,7,0.96875,21,20.6666666666667,0.0415213034640649,0.266666666666667
"95-100%",323,7,0.96875,22,21.4,0.0805488356089519,0.2
"95-100%",323,7,0.96875,23,23.2,0.0343039333491326,0.466666666666667
"95-100%",323,7,0.96875,24,22.8,0.143095021754122,0.133333333333333
"95-100%",323,7,0.96875,25,23.9333333333333,0.155205887592053,0.133333333333333
"95-100%",323,7,0.96875,26,25.2,0.187161920649038,0.2
"95-100%",323,7,0.96875,27,25.6,0.271234741000304,0.0666666666666667
"95-100%",323,7,0.96875,28,26.3333333333333,0.32327479637383,0
"95-100%",323,7,0.96875,29,27.0666666666667,0.420336752753365,0
"95-100%",323,7,0.96875,30,28.2666666666667,0.517493077276099,0
"95-100%",323,7,0.96875,31,29,0.67132920496534,0
"95-100%",323,7,0.96875,32,32,1,2
"95-100%",330,8,0.96875,1,31,0.67132920496534,1
"95-100%",330,8,0.96875,2,30.0666666666667,0.48098607226743,1
"95-100%",330,8,0.96875,3,28.8,0.420336752753365,0.8
"95-100%",330,8,0.96875,4,28.0666666666667,0.349897658180948,1
"95-100%",330,8,0.96875,5,27.1333333333333,0.247925424764847,1
"95-100%",330,8,0.96875,6,26,0.187161920649038,0.666666666666667
"95-100%",330,8,0.96875,7,25.4666666666667,0.173248014579961,1.2
"95-100%",330,8,0.96875,8,24.2,0.143095021754122,0.6
"95-100%",330,8,0.96875,9,23.5333333333333,0.102606423895176,1.06666666666667
"95-100%",330,8,0.96875,10,22.2666666666667,0.103800141102171,0.8
"95-100%",330,8,0.96875,11,21.7333333333333,0.0222314684697774,0.733333333333333
"95-100%",330,8,0.96875,12,21.4666666666667,0.0278118187366167,0.733333333333333
"95-100%",330,8,0.96875,13,19.4666666666667,0.0218631425140378,0.666666666666667
"95-100%",330,8,0.96875,14,19,-0.00516077271204543,0.466666666666667
"95-100%",330,8,0.96875,15,18.3333333333333,-0.00524744209200727,0.466666666666667
"95-100%",330,8,0.96875,16,18.5333333333333,-0.00719767911460788,0.333333333333333
"95-100%",330,8,0.96875,17,19.2,0.00243069445661649,0.866666666666667
"95-100%",330,8,0.96875,18,18.8,-0.00516077271204543,0.266666666666667
"95-100%",330,8,0.96875,19,19.7333333333333,0.0103353844809062,0.8
"95-100%",330,8,0.96875,20,20.9333333333333,0.0278118187366167,0.8
"95-100%",330,8,0.96875,21,21.0666666666667,0.0511662209612087,0.466666666666667
"95-100%",330,8,0.96875,22,22.1333333333333,0.0689231828623425,0.666666666666667
"95-100%",330,8,0.96875,23,23.3333333333333,0.0889459257859677,0.866666666666667
"95-100%",330,8,0.96875,24,24.2,0.127312165909075,0.8
"95-100%",330,8,0.96875,25,24.6666666666667,0.19129014156787,0.6
"95-100%",330,8,0.96875,26,25.8666666666667,0.187161920649038,0.666666666666667
"95-100%",330,8,0.96875,27,26.9333333333333,0.271234741000304,0.866666666666667
"95-100%",330,8,0.96875,28,27.8666666666667,0.32327479637383,0.733333333333333
"95-100%",330,8,0.96875,29,29.1333333333333,0.389542790395235,1.06666666666667
"95-100%",330,8,0.96875,30,30.1333333333333,0.48098607226743,1.06666666666667
"95-100%",330,8,0.96875,31,30.8666666666667,0.67132920496534,0.866666666666667
"95-100%",330,8,0.96875,32,32,1,2
"95-100%",342,9,0.96875,1,31,0.67132920496534,1
"95-100%",342,9,0.96875,2,30.0666666666667,0.517493077276099,1.06666666666667
"95-100%",342,9,0.96875,3,29,0.358748828037104,0.866666666666667
"95-100%",342,9,0.96875,4,27.9333333333333,0.243406210952478,0.6
"95-100%",342,9,0.96875,5,27.1333333333333,0.271234741000304,1
"95-100%",342,9,0.96875,6,26,0.207674399879941,0.866666666666667
"95-100%",342,9,0.96875,7,25.2666666666667,0.119121633616237,0.8
"95-100%",342,9,0.96875,8,24.1333333333333,0.111529310064029,0.866666666666667
"95-100%",342,9,0.96875,9,23.3333333333333,0.143587918222803,0.866666666666667
"95-100%",342,9,0.96875,10,22.6,0.0572975301157331,0.8
"95-100%",342,9,0.96875,11,21.4,0.0318763859669211,0.466666666666667
"95-100%",342,9,0.96875,12,20.0666666666667,0.0201159602047878,0.466666666666667
"95-100%",342,9,0.96875,13,19.5333333333333,0.0103353844809062,0.466666666666667
"95-100%",342,9,0.96875,14,19.4,0.00251936003549003,0.533333333333333
"95-100%",342,9,0.96875,15,18.5333333333333,-0.00332790795485133,0.733333333333333
"95-100%",342,9,0.96875,16,18.2,-0.00719767911460788,0.2
"95-100%",342,9,0.96875,17,19.2,-0.00716697622916321,0.8
"95-100%",342,9,0.96875,18,19.2666666666667,0.00251936003549003,0.6
"95-100%",342,9,0.96875,19,19.6,0.00457150546434047,0.533333333333333
"95-100%",342,9,0.96875,20,20.6666666666667,0.00472424314113006,0.733333333333333
"95-100%",342,9,0.96875,21,21.7333333333333,0.0511662209612087,0.733333333333333
"95-100%",342,9,0.96875,22,22.3333333333333,0.0340462246225143,0.4
"95-100%",342,9,0.96875,23,23.0666666666667,0.0616249295675501,0.533333333333333
"95-100%",342,9,0.96875,24,24.3333333333333,0.143095021754122,0.8
"95-100%",342,9,0.96875,25,25.4,0.137163760604145,0.933333333333333
"95-100%",342,9,0.96875,26,26.2666666666667,0.187161920649038,0.933333333333333
"95-100%",342,9,0.96875,27,27.2,0.247925424764847,1
"95-100%",342,9,0.96875,28,28.1333333333333,0.296651934566713,1
"95-100%",342,9,0.96875,29,28.8666666666667,0.420336752753365,0.866666666666667
"95-100%",342,9,0.96875,30,30.0666666666667,0.517493077276099,1.06666666666667
"95-100%",342,9,0.96875,31,30.9333333333333,0.67132920496534,0.933333333333333
"95-100%",342,9,0.96875,32,32,1,2
"95-100%",350,10,0.96875,1,29.0666666666667,0.67132920496534,0
"95-100%",350,10,0.96875,2,28.0666666666667,0.517493077276099,0
"95-100%",350,10,0.96875,3,27.9333333333333,0.358748828037104,0.2
"95-100%",350,10,0.96875,4,26.6,0.296651934566713,0.133333333333333
"95-100%",350,10,0.96875,5,25.6666666666667,0.247925424764847,0.133333333333333
"95-100%",350,10,0.96875,6,24.8666666666667,0.207674399879941,0.2
"95-100%",350,10,0.96875,7,24.0666666666667,0.173248014579961,0.2
"95-100%",350,10,0.96875,8,22.5333333333333,0.158877877599168,0.0666666666666667
"95-100%",350,10,0.96875,9,22.1333333333333,0.129927420113594,0.266666666666667
"95-100%",350,10,0.96875,10,21.2,0.0689231828623425,0.133333333333333
"95-100%",350,10,0.96875,11,20.6666666666667,0.0415213034640649,0.333333333333333
"95-100%",350,10,0.96875,12,19.2666666666667,0.0432035358002745,0.2
"95-100%",350,10,0.96875,13,20.2,-0.00695625256879106,0.533333333333333
"95-100%",350,10,0.96875,14,19,0.00251936003549003,0.466666666666667
"95-100%",350,10,0.96875,15,19.6666666666667,-0.00524744209200727,0.933333333333333
"95-100%",350,10,0.96875,16,19.5333333333333,-0.00719767911460788,0.733333333333333
"95-100%",350,10,0.96875,17,19,-0.00524744209200727,0.933333333333333
"95-100%",350,10,0.96875,18,18.2666666666667,0.0101994927830255,0.266666666666667
"95-100%",350,10,0.96875,19,19.3333333333333,0.016099263497472,0.4
"95-100%",350,10,0.96875,20,19.6666666666667,0.0355076772684456,0.266666666666667
"95-100%",350,10,0.96875,21,20.7333333333333,0.0415213034640649,0.2
"95-100%",350,10,0.96875,22,22,0.0340462246225143,0.333333333333333
"95-100%",350,10,0.96875,23,22.4,0.116266922004385,0.466666666666667
"95-100%",350,10,0.96875,24,23.3333333333333,0.127312165909075,0.2
"95-100%",350,10,0.96875,25,24.3333333333333,0.155205887592053,0.266666666666667
"95-100%",350,10,0.96875,26,24.9333333333333,0.166649441418135,0.2
"95-100%",350,10,0.96875,27,25.6,0.247925424764847,0.133333333333333
"95-100%",350,10,0.96875,28,26.6,0.296651934566713,0.133333333333333
"95-100%",350,10,0.96875,29,27.3333333333333,0.420336752753365,0
"95-100%",350,10,0.96875,30,28.7333333333333,0.444479067258761,0.266666666666667
"95-100%",350,10,0.96875,31,29.4,0.67132920496534,0.266666666666667
"95-100%",350,10,0.96875,32,32,1,2
"95-100%",357,11,0.96875,1,29,0.67132920496534,0
"95-100%",357,11,0.96875,2,28.1333333333333,0.517493077276099,0
"95-100%",357,11,0.96875,3,27.7333333333333,0.389542790395235,0.0666666666666667
"95-100%",357,11,0.96875,4,26.5333333333333,0.32327479637383,0.133333333333333
"95-100%",357,11,0.96875,5,25.5333333333333,0.271234741000304,0.0666666666666667
"95-100%",357,11,0.96875,6,24.7333333333333,0.207674399879941,0.133333333333333
"95-100%",357,11,0.96875,7,23.4666666666667,0.19129014156787,0.133333333333333
"95-100%",357,11,0.96875,8,23.4666666666667,0.111529310064029,0.2
"95-100%",357,11,0.96875,9,22.8666666666667,0.0616249295675501,0.333333333333333
"95-100%",357,11,0.96875,10,22.6,0.0224205718759049,0.733333333333333
"95-100%",357,11,0.96875,11,20.6666666666667,0.0511662209612087,0.466666666666667
"95-100%",357,11,0.96875,12,19.8666666666667,0.0355076772684456,0.266666666666667
"95-100%",357,11,0.96875,13,19.6666666666667,0.016099263497472,0.533333333333333
"95-100%",357,11,0.96875,14,19.1333333333333,-0.00516077271204543,0.4
"95-100%",357,11,0.96875,15,19.1333333333333,-0.00908651036631915,0.733333333333333
"95-100%",357,11,0.96875,16,19,-0.00719767911460788,0.466666666666667
"95-100%",357,11,0.96875,17,19.2,-0.00908651036631915,0.466666666666667
"95-100%",357,11,0.96875,18,18.6666666666667,0.00251936003549003,0.266666666666667
"95-100%",357,11,0.96875,19,19.3333333333333,0.0103353844809062,0.266666666666667
"95-100%",357,11,0.96875,20,21.0666666666667,0.00472424314113006,0.666666666666667
"95-100%",357,11,0.96875,21,20.6666666666667,0.0318763859669211,0.133333333333333
"95-100%",357,11,0.96875,22,21.2,0.0921744883555612,0.266666666666667
"95-100%",357,11,0.96875,23,22.9333333333333,0.0616249295675501,0.4
"95-100%",357,11,0.96875,24,23.7333333333333,0.0799635983739368,0.466666666666667
"95-100%",357,11,0.96875,25,24.1333333333333,0.155205887592053,0.266666666666667
"95-100%",357,11,0.96875,26,24.6666666666667,0.207674399879941,0.133333333333333
"95-100%",357,11,0.96875,27,25.9333333333333,0.22461610852939,0.266666666666667
"95-100%",357,11,0.96875,28,26.7333333333333,0.270029072759595,0.2
"95-100%",357,11,0.96875,29,27.7333333333333,0.358748828037104,0.266666666666667
"95-100%",357,11,0.96875,30,28.2,0.517493077276099,0
"95-100%",357,11,0.96875,31,29.3333333333333,0.67132920496534,0.133333333333333
"95-100%",357,11,0.96875,32,32,1,2
"95-100%",361,12,0.96875,1,31,0.67132920496534,1
"95-100%",361,12,0.96875,2,30.0666666666667,0.517493077276099,1.06666666666667
"95-100%",361,12,0.96875,3,29,0.389542790395235,0.866666666666667
"95-100%",361,12,0.96875,4,27.8666666666667,0.296651934566713,0.733333333333333
"95-100%",361,12,0.96875,5,27.0666666666667,0.247925424764847,0.933333333333333
"95-100%",361,12,0.96875,6,26.2666666666667,0.187161920649038,0.866666666666667
"95-100%",361,12,0.96875,7,25,0.19129014156787,0.733333333333333
"95-100%",361,12,0.96875,8,23.9333333333333,0.127312165909075,0.466666666666667
"95-100%",361,12,0.96875,9,23.6,0.0479644314583414,0.666666666666667
"95-100%",361,12,0.96875,10,23.2,0.0805488356089519,0.933333333333333
"95-100%",361,12,0.96875,11,21.5333333333333,0.0222314684697774,0.533333333333333
"95-100%",361,12,0.96875,12,20.9333333333333,0.0278118187366167,0.8
"95-100%",361,12,0.96875,13,19.5333333333333,0.0276270215306035,0.533333333333333
"95-100%",361,12,0.96875,14,19.1333333333333,-0.0166809718333486,0.2
"95-100%",361,12,0.96875,15,17.8,-0.00332790795485133,0.266666666666667
"95-100%",361,12,0.96875,16,18.0666666666667,-0.00719767911460788,0.333333333333333
"95-100%",361,12,0.96875,17,19.8,-0.00332790795485133,0.733333333333333
"95-100%",361,12,0.96875,18,19.3333333333333,0.00635942640925777,0.533333333333333
"95-100%",361,12,0.96875,19,19.6,0.0218631425140378,0.533333333333333
"95-100%",361,12,0.96875,20,20.6,0.00472424314113006,0.4
"95-100%",361,12,0.96875,21,21.0666666666667,0.0415213034640649,0.466666666666667
"95-100%",361,12,0.96875,22,23,0.0921744883555612,1.2
"95-100%",361,12,0.96875,23,23.1333333333333,0.0889459257859677,0.733333333333333
"95-100%",361,12,0.96875,24,24.1333333333333,0.111529310064029,0.8
"95-100%",361,12,0.96875,25,25,0.173248014579961,0.866666666666667
"95-100%",361,12,0.96875,26,26.5333333333333,0.146136962187232,1
"95-100%",361,12,0.96875,27,27.3333333333333,0.247925424764847,1.06666666666667
"95-100%",361,12,0.96875,28,27.9333333333333,0.32327479637383,0.8
"95-100%",361,12,0.96875,29,29.1333333333333,0.327954865678973,0.933333333333333
"95-100%",361,12,0.96875,30,30.1333333333333,0.48098607226743,1.06666666666667
"95-100%",361,12,0.96875,31,31,0.67132920496534,1
"95-100%",361,12,0.96875,32,32,1,2
"95-100%",368,13,0.96875,1,29,0.67132920496534,0.0666666666666667
"95-100%",368,13,0.96875,2,28.4666666666667,0.48098607226743,0.133333333333333
"95-100%",368,13,0.96875,3,27.2,0.420336752753365,0
"95-100%",368,13,0.96875,4,26.4,0.32327479637383,0
"95-100%",368,13,0.96875,5,25.9333333333333,0.22461610852939,0.2
"95-100%",368,13,0.96875,6,24.8666666666667,0.207674399879941,0.133333333333333
"95-100%",368,13,0.96875,7,24.5333333333333,0.119121633616237,0.4
"95-100%",368,13,0.96875,8,22.8666666666667,0.127312165909075,0.2
"95-100%",368,13,0.96875,9,22.3333333333333,0.0752854276767589,0.333333333333333
"95-100%",368,13,0.96875,10,22.4,0.0340462246225143,0.4
"95-100%",368,13,0.96875,11,21.7333333333333,0.0125865509726336,0.466666666666667
"95-100%",368,13,0.96875,12,19.3333333333333,0.0585952528639323,0.0666666666666667
"95-100%",368,13,0.96875,13,18.6666666666667,0.016099263497472,0
"95-100%",368,13,0.96875,14,18.8666666666667,0.00251936003549003,0.533333333333333
"95-100%",368,13,0.96875,15,19.2,-0.00332790795485133,0.733333333333333
"95-100%",368,13,0.96875,16,19.8666666666667,-0.00719767911460788,0.666666666666667
"95-100%",368,13,0.96875,17,19.4666666666667,-0.00908651036631915,0.8
"95-100%",368,13,0.96875,18,19.0666666666667,-0.00516077271204543,0.466666666666667
"95-100%",368,13,0.96875,19,19.2,0.0218631425140378,0.4
"95-100%",368,13,0.96875,20,20.3333333333333,0.0278118187366167,0.466666666666667
"95-100%",368,13,0.96875,21,20.5333333333333,0.0415213034640649,0.133333333333333
"95-100%",368,13,0.96875,22,22,0.0456718773691237,0.4
"95-100%",368,13,0.96875,23,22.6666666666667,0.0616249295675501,0.4
"95-100%",368,13,0.96875,24,23.6,0.111529310064029,0.266666666666667
"95-100%",368,13,0.96875,25,23.7333333333333,0.19129014156787,0.0666666666666667
"95-100%",368,13,0.96875,26,25.8666666666667,0.0845995244945218,0.466666666666667
"95-100%",368,13,0.96875,27,25.4666666666667,0.271234741000304,0.0666666666666667
"95-100%",368,13,0.96875,28,26.9333333333333,0.270029072759595,0.2
"95-100%",368,13,0.96875,29,27.4,0.389542790395235,0.0666666666666667
"95-100%",368,13,0.96875,30,28.1333333333333,0.517493077276099,0
"95-100%",368,13,0.96875,31,29.2,0.67132920496534,0
"95-100%",368,13,0.96875,32,32,1,2
"95-100%",371,14,0.96875,1,29.6,0.67132920496534,0.266666666666667
"95-100%",371,14,0.96875,2,28.2,0.517493077276099,0
"95-100%",371,14,0.96875,3,27.2,0.420336752753365,0
"95-100%",371,14,0.96875,4,26.3333333333333,0.349897658180948,0
"95-100%",371,14,0.96875,5,25.6666666666667,0.247925424764847,0.133333333333333
"95-100%",371,14,0.96875,6,24.6666666666667,0.207674399879941,0.133333333333333
"95-100%",371,14,0.96875,7,23.8666666666667,0.173248014579961,0.133333333333333
"95-100%",371,14,0.96875,8,23.6666666666667,0.095746454218983,0.466666666666667
"95-100%",371,14,0.96875,9,21.7333333333333,0.129927420113594,0.133333333333333
"95-100%",371,14,0.96875,10,21.8666666666667,0.0572975301157331,0.333333333333333
"95-100%",371,14,0.96875,11,20.2666666666667,0.0415213034640649,0.0666666666666667
"95-100%",371,14,0.96875,12,19.1333333333333,0.0585952528639323,0
"95-100%",371,14,0.96875,13,19.4,0.00457150546434047,0.6
"95-100%",371,14,0.96875,14,18.4666666666667,0.0101994927830255,0.266666666666667
"95-100%",371,14,0.96875,15,19.1333333333333,-0.0110060445034751,0.8
"95-100%",371,14,0.96875,16,18.7333333333333,-0.00719767911460788,0.466666666666667
"95-100%",371,14,0.96875,17,19.2,-0.00716697622916321,0.4
"95-100%",371,14,0.96875,18,19.4,0.00251936003549003,0.4
"95-100%",371,14,0.96875,19,19.6,0.016099263497472,0.4
"95-100%",371,14,0.96875,20,20.1333333333333,0.0124201016729589,0.333333333333333
"95-100%",371,14,0.96875,21,20.8666666666667,0.0318763859669211,0.333333333333333
"95-100%",371,14,0.96875,22,21,0.0921744883555612,0.133333333333333
"95-100%",371,14,0.96875,23,22.3333333333333,0.102606423895176,0.333333333333333
"95-100%",371,14,0.96875,24,23.0666666666667,0.143095021754122,0.2
"95-100%",371,14,0.96875,25,23.6,0.19129014156787,0.0666666666666667
"95-100%",371,14,0.96875,26,25.2666666666667,0.166649441418135,0.266666666666667
"95-100%",371,14,0.96875,27,25.8666666666667,0.201306792293932,0.266666666666667
"95-100%",371,14,0.96875,28,26.4666666666667,0.32327479637383,0.0666666666666667
"95-100%",371,14,0.96875,29,27.9333333333333,0.297160903320843,0.266666666666667
"95-100%",371,14,0.96875,30,28.2666666666667,0.48098607226743,0.133333333333333
"95-100%",371,14,0.96875,31,29.2,0.67132920496534,0
"95-100%",371,14,0.96875,32,32,1,2
"95-100%",375,15,0.96875,1,31.2,0.67132920496534,1.2
"95-100%",375,15,0.96875,2,30.2666666666667,0.444479067258761,1.13333333333333
"95-100%",375,15,0.96875,3,29.1333333333333,0.389542790395235,0.933333333333333
"95-100%",375,15,0.96875,4,28.0666666666667,0.270029072759595,0.866666666666667
"95-100%",375,15,0.96875,5,27.3333333333333,0.201306792293932,0.933333333333333
"95-100%",375,15,0.96875,6,26.3333333333333,0.146136962187232,0.8
"95-100%",375,15,0.96875,7,24.8,0.209332268555778,0.666666666666667
"95-100%",375,15,0.96875,8,24.6,0.127312165909075,0.8
"95-100%",375,15,0.96875,9,23.4,0.0752854276767589,0.866666666666667
"95-100%",375,15,0.96875,10,22.3333333333333,0.0456718773691237,0.733333333333333
"95-100%",375,15,0.96875,11,21.3333333333333,0.0415213034640649,0.533333333333333
"95-100%",375,15,0.96875,12,20.2,0.0124201016729589,0.4
"95-100%",375,15,0.96875,13,20.4666666666667,-0.00695625256879106,0.866666666666667
"95-100%",375,15,0.96875,14,19.6,-0.00516077271204543,0.8
"95-100%",375,15,0.96875,15,19.3333333333333,-0.00716697622916321,0.6
"95-100%",375,15,0.96875,16,18,-0.00719767911460788,0.2
"95-100%",375,15,0.96875,17,18.6666666666667,-0.00332790795485133,0.466666666666667
"95-100%",375,15,0.96875,18,19.9333333333333,-0.00900083908581316,0.6
"95-100%",375,15,0.96875,19,20.6,0.016099263497472,0.933333333333333
"95-100%",375,15,0.96875,20,20.9333333333333,-0.00297161539069882,0.666666666666667
"95-100%",375,15,0.96875,21,21.4666666666667,0.0415213034640649,0.866666666666667
"95-100%",375,15,0.96875,22,22.6,0.0572975301157331,0.8
"95-100%",375,15,0.96875,23,23.4,0.102606423895176,0.733333333333333
"95-100%",375,15,0.96875,24,24.1333333333333,0.127312165909075,0.866666666666667
"95-100%",375,15,0.96875,25,25.2,0.155205887592053,0.933333333333333
"95-100%",375,15,0.96875,26,26.4,0.228186879110845,1
"95-100%",375,15,0.96875,27,27.1333333333333,0.247925424764847,0.8
"95-100%",375,15,0.96875,28,28.2,0.32327479637383,1.13333333333333
"95-100%",375,15,0.96875,29,29,0.389542790395235,0.933333333333333
"95-100%",375,15,0.96875,30,30.0666666666667,0.48098607226743,1
"95-100%",375,15,0.96875,31,31,0.67132920496534,1
"95-100%",375,15,0.96875,32,32,1,2
"95-100%",376,16,0.96875,1,31,0.67132920496534,1
"95-100%",376,16,0.96875,2,30.1333333333333,0.517493077276099,1.13333333333333
"95-100%",376,16,0.96875,3,29.2,0.327954865678973,1
"95-100%",376,16,0.96875,4,28,0.349897658180948,1
"95-100%",376,16,0.96875,5,26.7333333333333,0.22461610852939,0.466666666666667
"95-100%",376,16,0.96875,6,26.2,0.146136962187232,0.666666666666667
"95-100%",376,16,0.96875,7,25.4666666666667,0.155205887592053,0.933333333333333
"95-100%",376,16,0.96875,8,24.4,0.095746454218983,0.733333333333333
"95-100%",376,16,0.96875,9,23.2666666666667,0.0752854276767589,0.533333333333333
"95-100%",376,16,0.96875,10,23,0.0572975301157331,0.866666666666667
"95-100%",376,16,0.96875,11,21.3333333333333,0.0608111384583525,0.666666666666667
"95-100%",376,16,0.96875,12,20.4666666666667,0.0585952528639323,0.666666666666667
"95-100%",376,16,0.96875,13,19.8,0.0103353844809062,0.6
"95-100%",376,16,0.96875,14,18.5333333333333,0.0101994927830255,0.4
"95-100%",376,16,0.96875,15,19.5333333333333,-0.00140837381769539,0.666666666666667
"95-100%",376,16,0.96875,16,17.5333333333333,-0.00719767911460788,0.333333333333333
"95-100%",376,16,0.96875,17,19.3333333333333,0.00051116031946055,0.666666666666667
"95-100%",376,16,0.96875,18,19.7333333333333,0.0140395591567932,0.666666666666667
"95-100%",376,16,0.96875,19,20.2,0.0218631425140378,1
"95-100%",376,16,0.96875,20,21,0.0201159602047878,0.8
"95-100%",376,16,0.96875,21,21.6,0.00294163347548982,0.6
"95-100%",376,16,0.96875,22,22.2666666666667,0.0921744883555612,0.866666666666667
"95-100%",376,16,0.96875,23,23,0.0752854276767589,0.533333333333333
"95-100%",376,16,0.96875,24,24.3333333333333,0.143095021754122,0.933333333333333
"95-100%",376,16,0.96875,25,25.2666666666667,0.137163760604145,0.8
"95-100%",376,16,0.96875,26,25.9333333333333,0.187161920649038,0.666666666666667
"95-100%",376,16,0.96875,27,27.2666666666667,0.247925424764847,1.06666666666667
"95-100%",376,16,0.96875,28,28.0666666666667,0.296651934566713,0.866666666666667
"95-100%",376,16,0.96875,29,29,0.358748828037104,0.866666666666667
"95-100%",376,16,0.96875,30,29.9333333333333,0.517493077276099,0.933333333333333
"95-100%",376,16,0.96875,31,31,0.67132920496534,1
"95-100%",376,16,0.96875,32,32,1,2
"95-100%",377,17,0.96875,1,31.0666666666667,0.67132920496534,1.06666666666667
"95-100%",377,17,0.96875,2,30.0666666666667,0.517493077276099,1.06666666666667
"95-100%",377,17,0.96875,3,29.0666666666667,0.420336752753365,1
"95-100%",377,17,0.96875,4,28.2666666666667,0.296651934566713,1.06666666666667
"95-100%",377,17,0.96875,5,27,0.22461610852939,0.8
"95-100%",377,17,0.96875,6,25.8,0.207674399879941,0.666666666666667
"95-100%",377,17,0.96875,7,25.6,0.137163760604145,1.06666666666667
"95-100%",377,17,0.96875,8,24,0.158877877599168,0.8
"95-100%",377,17,0.96875,9,23.2,0.102606423895176,0.733333333333333
"95-100%",377,17,0.96875,10,22.4,0.0340462246225143,0.533333333333333
"95-100%",377,17,0.96875,11,21.6,0.0318763859669211,0.4
"95-100%",377,17,0.96875,12,20.6666666666667,0.00472424314113006,0.666666666666667
"95-100%",377,17,0.96875,13,19.5333333333333,0.016099263497472,0.6
"95-100%",377,17,0.96875,14,19.6,0.00251936003549003,0.733333333333333
"95-100%",377,17,0.96875,15,17.8,0.00051116031946055,0.4
"95-100%",377,17,0.96875,16,18.1333333333333,-0.00719767911460788,0.266666666666667
"95-100%",377,17,0.96875,17,19.1333333333333,0.00051116031946055,0.733333333333333
"95-100%",377,17,0.96875,18,19.3333333333333,0.00635942640925777,0.666666666666667
"95-100%",377,17,0.96875,19,19.6,0.0276270215306035,0.666666666666667
"95-100%",377,17,0.96875,20,20.2666666666667,0.0201159602047878,0.4
"95-100%",377,17,0.96875,21,21.4666666666667,0.0125865509726336,0.533333333333333
"95-100%",377,17,0.96875,22,22.6,0.0805488356089519,0.6
"95-100%",377,17,0.96875,23,23,0.102606423895176,0.533333333333333
"95-100%",377,17,0.96875,24,23.8,0.127312165909075,0.6
"95-100%",377,17,0.96875,25,25.4,0.0830373796404201,0.866666666666667
"95-100%",377,17,0.96875,26,25.8666666666667,0.228186879110845,0.733333333333333
"95-100%",377,17,0.96875,27,27,0.247925424764847,0.866666666666667
"95-100%",377,17,0.96875,28,28,0.296651934566713,0.866666666666667
"95-100%",377,17,0.96875,29,29,0.420336752753365,1
"95-100%",377,17,0.96875,30,30.0666666666667,0.444479067258761,0.933333333333333
"95-100%",377,17,0.96875,31,30.9333333333333,0.67132920496534,0.933333333333333
"95-100%",377,17,0.96875,32,32,1,2
"95-100%",378,18,0.96875,1,30.9333333333333,0.67132920496534,0.933333333333333
"95-100%",378,18,0.96875,2,30.0666666666667,0.444479067258761,0.933333333333333
"95-100%",378,18,0.96875,3,28.8666666666667,0.420336752753365,0.866666666666667
"95-100%",378,18,0.96875,4,27.9333333333333,0.349897658180948,0.866666666666667
"95-100%",378,18,0.96875,5,27.1333333333333,0.271234741000304,0.933333333333333
"95-100%",378,18,0.96875,6,25.9333333333333,0.207674399879941,0.733333333333333
"95-100%",378,18,0.96875,7,25.2,0.173248014579961,0.8
"95-100%",378,18,0.96875,8,24.2666666666667,0.095746454218983,0.666666666666667
"95-100%",378,18,0.96875,9,23.2666666666667,0.0479644314583414,0.466666666666667
"95-100%",378,18,0.96875,10,22.6,0.0340462246225143,0.733333333333333
"95-100%",378,18,0.96875,11,22,0.0125865509726336,0.8
"95-100%",378,18,0.96875,12,20.8666666666667,0.0508993943321034,1
"95-100%",378,18,0.96875,13,20.1333333333333,0.016099263497472,0.733333333333333
"95-100%",378,18,0.96875,14,18.8,0.0101994927830255,0.4
"95-100%",378,18,0.96875,15,19.2,-0.00524744209200727,0.8
"95-100%",378,18,0.96875,16,18.8666666666667,-0.00719767911460788,0.4
"95-100%",378,18,0.96875,17,19.2666666666667,0.00051116031946055,0.666666666666667
"95-100%",378,18,0.96875,18,19.1333333333333,-0.0128409054595809,0.533333333333333
"95-100%",378,18,0.96875,19,19.6,0.0276270215306035,0.466666666666667
"95-100%",378,18,0.96875,20,20.2,0.0124201016729589,0.266666666666667
"95-100%",378,18,0.96875,21,21.3333333333333,0.0415213034640649,0.666666666666667
"95-100%",378,18,0.96875,22,22.4,0.0689231828623425,0.8
"95-100%",378,18,0.96875,23,23.0666666666667,0.116266922004385,0.666666666666667
"95-100%",378,18,0.96875,24,24.1333333333333,0.111529310064029,0.733333333333333
"95-100%",378,18,0.96875,25,25.4,0.173248014579961,1
"95-100%",378,18,0.96875,26,26.0666666666667,0.207674399879941,0.8
"95-100%",378,18,0.96875,27,27.1333333333333,0.22461610852939,0.933333333333333
"95-100%",378,18,0.96875,28,28.1333333333333,0.270029072759595,0.933333333333333
"95-100%",378,18,0.96875,29,29.0666666666667,0.327954865678973,0.866666666666667
"95-100%",378,18,0.96875,30,30.2666666666667,0.444479067258761,1.13333333333333
"95-100%",378,18,0.96875,31,31.1333333333333,0.67132920496534,1.13333333333333
"95-100%",378,18,0.96875,32,32,1,2
"95-100%",379,19,0.96875,1,30.9333333333333,0.67132920496534,0.933333333333333
"95-100%",379,19,0.96875,2,30.3333333333333,0.444479067258761,1.2
"95-100%",379,19,0.96875,3,29.0666666666667,0.358748828037104,0.8
"95-100%",379,19,0.96875,4,27.9333333333333,0.296651934566713,0.8
"95-100%",379,19,0.96875,5,27.0666666666667,0.271234741000304,0.933333333333333
"95-100%",379,19,0.96875,6,26,0.187161920649038,0.666666666666667
"95-100%",379,19,0.96875,7,25.3333333333333,0.155205887592053,0.933333333333333
"95-100%",379,19,0.96875,8,24.2666666666667,0.111529310064029,0.666666666666667
"95-100%",379,19,0.96875,9,23.2,0.0752854276767589,0.666666666666667
"95-100%",379,19,0.96875,10,22.6666666666667,0.0572975301157331,0.8
"95-100%",379,19,0.96875,11,21.7333333333333,0.0511662209612087,0.666666666666667
"95-100%",379,19,0.96875,12,20.7333333333333,0.0355076772684456,0.733333333333333
"95-100%",379,19,0.96875,13,19.4,-0.0127201315853568,0.4
"95-100%",379,19,0.96875,14,19.2666666666667,-0.0128409054595809,0.666666666666667
"95-100%",379,19,0.96875,15,20.2,0.00051116031946055,0.933333333333333
"95-100%",379,19,0.96875,16,17.7333333333333,-0.00719767911460788,0.2
"95-100%",379,19,0.96875,17,18,-0.00908651036631915,0.4
"95-100%",379,19,0.96875,18,18.7333333333333,-0.0013207063382777,0.466666666666667
"95-100%",379,19,0.96875,19,20.0666666666667,0.016099263497472,0.666666666666667
"95-100%",379,19,0.96875,20,21,0.0278118187366167,0.666666666666667
"95-100%",379,19,0.96875,21,21.7333333333333,0.0511662209612087,0.533333333333333
"95-100%",379,19,0.96875,22,22.4666666666667,0.0921744883555612,0.666666666666667
"95-100%",379,19,0.96875,23,23.1333333333333,0.102606423895176,0.866666666666667
"95-100%",379,19,0.96875,24,24,0.174660733444214,0.866666666666667
"95-100%",379,19,0.96875,25,25.2,0.137163760604145,0.733333333333333
"95-100%",379,19,0.96875,26,26,0.248699358341748,0.933333333333333
"95-100%",379,19,0.96875,27,27.2,0.247925424764847,1
"95-100%",379,19,0.96875,28,28.2,0.32327479637383,1.06666666666667
"95-100%",379,19,0.96875,29,29,0.389542790395235,0.933333333333333
"95-100%",379,19,0.96875,30,30,0.48098607226743,0.933333333333333
"95-100%",379,19,0.96875,31,30.8666666666667,0.67132920496534,0.866666666666667
"95-100%",379,19,0.96875,32,32,1,2
"95-100%",380,20,0.96875,1,31,0.67132920496534,1
"95-100%",380,20,0.96875,2,30.1333333333333,0.517493077276099,1.13333333333333
"95-100%",380,20,0.96875,3,29.2,0.358748828037104,1.06666666666667
"95-100%",380,20,0.96875,4,27.9333333333333,0.32327479637383,0.8
"95-100%",380,20,0.96875,5,26.9333333333333,0.22461610852939,0.666666666666667
"95-100%",380,20,0.96875,6,25.9333333333333,0.166649441418135,0.666666666666667
"95-100%",380,20,0.96875,7,25,0.173248014579961,0.666666666666667
"95-100%",380,20,0.96875,8,24.2,0.111529310064029,0.733333333333333
"95-100%",380,20,0.96875,9,23.4,0.0616249295675501,0.8
"95-100%",380,20,0.96875,10,22.0666666666667,0.0340462246225143,0.4
"95-100%",380,20,0.96875,11,21.7333333333333,0.0222314684697774,0.733333333333333
"95-100%",380,20,0.96875,12,20.7333333333333,0.0201159602047878,0.733333333333333
"95-100%",380,20,0.96875,13,19.9333333333333,-0.0011923735522253,0.666666666666667
"95-100%",380,20,0.96875,14,19.4,0.00251936003549003,0.533333333333333
"95-100%",380,20,0.96875,15,18.1333333333333,-0.00332790795485133,0.4
"95-100%",380,20,0.96875,16,17.3333333333333,-0.00719767911460788,0.0666666666666667
"95-100%",380,20,0.96875,17,19.5333333333333,-0.0110060445034751,0.666666666666667
"95-100%",380,20,0.96875,18,19.3333333333333,-0.0128409054595809,0.466666666666667
"95-100%",380,20,0.96875,19,19.8666666666667,0.0218631425140378,0.8
"95-100%",380,20,0.96875,20,21.2,0.00472424314113006,0.466666666666667
"95-100%",380,20,0.96875,21,21.7333333333333,0.0222314684697774,0.866666666666667
"95-100%",380,20,0.96875,22,23.1333333333333,0.0572975301157331,1.06666666666667
"95-100%",380,20,0.96875,23,23.4666666666667,0.0616249295675501,0.666666666666667
"95-100%",380,20,0.96875,24,24.3333333333333,0.095746454218983,0.6
"95-100%",380,20,0.96875,25,25.0666666666667,0.19129014156787,0.866666666666667
"95-100%",380,20,0.96875,26,26.2666666666667,0.166649441418135,0.933333333333333
"95-100%",380,20,0.96875,27,26.8666666666667,0.247925424764847,0.733333333333333
"95-100%",380,20,0.96875,28,27.9333333333333,0.349897658180948,0.933333333333333
"95-100%",380,20,0.96875,29,28.9333333333333,0.389542790395235,0.866666666666667
"95-100%",380,20,0.96875,30,29.8666666666667,0.48098607226743,0.8
"95-100%",380,20,0.96875,31,30.9333333333333,0.67132920496534,0.933333333333333
"95-100%",380,20,0.96875,32,32,1,2
